START_DATE,count
03/18/1915,1
08/30/1915,1
09/17/1915,1
10/11/1915,1
10/17/1915,1
10/18/1915,1
12/15/1997,1
04/24/2000,1
05/21/2001,1
01/01/2005,1
03/13/2005,1
11/14/2006,1
04/18/2009,1
05/22/2009,1
03/01/2010,1
06/17/2011,1
07/02/2011,1
07/07/2011,1
07/22/2011,1
03/18/2012,1
03/31/2012,1
04/01/2012,1
07/01/2012,1
08/04/2012,1
04/01/2013,1
05/20/2013,1
06/02/2013,1
06/20/2013,1
07/24/2013,1
09/14/2013,1
10/20/2013,1
10/26/2013,1
01/01/2014,1
01/01/2014,1
01/02/2014,1
01/03/2014,1
01/03/2014,1
01/04/2014,1
01/05/2014,1
01/07/2014,1
01/09/2014,1
01/09/2014,1
01/11/2014,1
01/11/2014,1
01/14/2014,1
01/14/2014,1
01/14/2014,1
01/22/2014,1
01/25/2014,1
01/26/2014,1
01/27/2014,1
01/28/2014,1
01/30/2014,1
02/03/2014,1
02/25/2014,1
03/01/2014,1
03/01/2014,1
03/07/2014,1
03/19/2014,1
03/22/2014,1
04/01/2014,1
04/17/2014,1
04/23/2014,1
04/26/2014,1
05/09/2014,1
05/24/2014,1
05/24/2014,1
05/29/2014,1
06/01/2014,1
06/14/2014,1
06/22/2014,1
07/01/2014,1
07/01/2014,1
07/02/2014,1
07/14/2014,1
07/24/2014,1
07/26/2014,1
07/31/2014,1
08/01/2014,1
08/01/2014,2
08/05/2014,1
08/16/2014,1
08/17/2014,1
08/20/2014,1
08/21/2014,1
08/31/2014,1
09/01/2014,1
09/01/2014,1
09/04/2014,1
09/05/2014,1
09/07/2014,1
09/08/2014,1
09/15/2014,1
09/16/2014,1
09/24/2014,1
10/01/2014,1
10/01/2014,1
10/01/2014,1
10/03/2014,1
10/04/2014,1
10/04/2014,1
10/08/2014,1
10/08/2014,1
10/09/2014,1
10/13/2014,1
10/17/2014,1
10/24/2014,1
11/01/2014,1
11/05/2014,1
11/05/2014,1
11/08/2014,1
11/10/2014,1
11/15/2014,1
11/15/2014,1
11/17/2014,1
11/20/2014,1
11/20/2014,1
11/24/2014,1
11/24/2014,1
11/25/2014,1
11/25/2014,1
11/28/2014,1
11/28/2014,1
11/29/2014,1
11/30/2014,1
11/30/2014,1
12/01/2014,1
12/02/2014,1
12/02/2014,1
12/03/2014,1
12/03/2014,1
12/03/2014,1
12/05/2014,1
12/06/2014,1
12/07/2014,1
12/08/2014,1
12/09/2014,1
12/09/2014,1
12/10/2014,1
12/10/2014,1
12/10/2014,1
12/10/2014,1
12/12/2014,1
12/12/2014,1
12/12/2014,1
12/13/2014,1
12/14/2014,1
12/14/2014,1
12/14/2014,1
12/15/2014,1
12/15/2014,3
12/15/2014,1
12/15/2014,1
12/16/2014,1
12/16/2014,2
12/16/2014,1
12/17/2014,1
12/17/2014,1
12/17/2014,1
12/17/2014,1
12/17/2014,1
12/18/2014,2
12/18/2014,1
12/19/2014,1
12/19/2014,1
12/19/2014,1
12/19/2014,1
12/19/2014,1
12/19/2014,1
12/19/2014,1
12/19/2014,1
12/20/2014,1
12/20/2014,1
12/20/2014,1
12/22/2014,1
12/22/2014,1
12/22/2014,1
12/22/2014,1
12/22/2014,2
12/22/2014,1
12/22/2014,1
12/23/2014,1
12/23/2014,1
12/23/2014,1
12/23/2014,1
12/23/2014,2
12/23/2014,1
12/23/2014,1
12/23/2014,1
12/23/2014,1
12/23/2014,1
12/24/2014,1
12/24/2014,1
12/24/2014,1
12/24/2014,1
12/24/2014,1
12/24/2014,1
12/24/2014,1
12/25/2014,1
12/25/2014,1
12/26/2014,1
12/26/2014,1
12/26/2014,1
12/26/2014,1
12/26/2014,1
12/26/2014,1
12/27/2014,1
12/27/2014,1
12/28/2014,1
12/28/2014,1
12/28/2014,1
12/28/2014,1
12/28/2014,1
12/29/2014,1
12/29/2014,1
12/29/2014,1
12/29/2014,2
12/29/2014,1
12/29/2014,2
12/29/2014,1
12/29/2014,1
12/29/2014,1
12/30/2014,1
12/30/2014,1
12/30/2014,1
12/30/2014,1
12/30/2014,1
12/30/2014,1
12/30/2014,1
12/30/2014,1
12/30/2014,1
12/30/2014,1
12/30/2014,1
12/30/2014,1
12/30/2014,1
12/30/2014,1
12/31/2014,1
12/31/2014,1
12/31/2014,1
12/31/2014,1
12/31/2014,2
12/31/2014,1
12/31/2014,1
12/31/2014,1
12/31/2014,2
12/31/2014,3
12/31/2014,1
12/31/2014,1
12/31/2014,1
12/31/2014,1
12/31/2014,1
12/31/2014,1
12/31/2014,1
01/01/2015,1
01/01/2015,1
01/01/2015,3
01/01/2015,3
01/01/2015,2
01/01/2015,1
01/01/2015,4
01/01/2015,1
01/01/2015,1
01/01/2015,3
01/01/2015,1
01/01/2015,2
01/01/2015,1
01/01/2015,1
01/01/2015,1
01/01/2015,1
01/01/2015,1
01/01/2015,1
01/01/2015,1
01/01/2015,3
01/01/2015,3
01/01/2015,1
01/01/2015,1
01/01/2015,1
01/01/2015,1
01/01/2015,3
01/01/2015,1
01/01/2015,1
01/01/2015,1
01/01/2015,1
01/01/2015,1
01/01/2015,1
01/01/2015,1
01/01/2015,1
01/01/2015,1
01/01/2015,1
01/01/2015,1
01/01/2015,1
01/01/2015,1
01/01/2015,1
01/01/2015,1
01/01/2015,1
01/01/2015,1
01/01/2015,1
01/01/2015,1
01/01/2015,2
01/01/2015,1
01/01/2015,1
01/01/2015,2
01/01/2015,1
01/01/2015,1
01/01/2015,2
01/01/2015,1
01/01/2015,1
01/01/2015,1
01/01/2015,1
01/01/2015,1
01/01/2015,1
01/01/2015,1
01/01/2015,3
01/01/2015,1
01/01/2015,1
01/01/2015,1
01/01/2015,1
01/01/2015,1
01/01/2015,1
01/01/2015,1
01/01/2015,1
01/01/2015,1
01/01/2015,1
01/02/2015,1
01/02/2015,1
01/02/2015,1
01/02/2015,1
01/02/2015,2
01/02/2015,1
01/02/2015,1
01/02/2015,2
01/02/2015,1
01/02/2015,2
01/02/2015,1
01/02/2015,1
01/02/2015,1
01/02/2015,1
01/02/2015,1
01/02/2015,1
01/02/2015,2
01/02/2015,1
01/02/2015,2
01/02/2015,1
01/02/2015,1
01/02/2015,1
01/02/2015,1
01/02/2015,1
01/02/2015,1
01/02/2015,1
01/02/2015,1
01/02/2015,1
01/02/2015,1
01/02/2015,1
01/02/2015,1
01/02/2015,1
01/02/2015,1
01/02/2015,3
01/02/2015,1
01/02/2015,1
01/02/2015,1
01/02/2015,1
01/02/2015,1
01/02/2015,1
01/02/2015,2
01/02/2015,1
01/02/2015,1
01/02/2015,1
01/02/2015,1
01/02/2015,1
01/02/2015,1
01/02/2015,2
01/02/2015,2
01/02/2015,1
01/02/2015,2
01/02/2015,1
01/02/2015,1
01/02/2015,1
01/02/2015,2
01/02/2015,1
01/02/2015,2
01/02/2015,3
01/02/2015,1
01/02/2015,1
01/02/2015,1
01/02/2015,2
01/02/2015,1
01/02/2015,1
01/02/2015,1
01/02/2015,1
01/03/2015,1
01/03/2015,2
01/03/2015,1
01/03/2015,2
01/03/2015,1
01/03/2015,1
01/03/2015,1
01/03/2015,1
01/03/2015,2
01/03/2015,1
01/03/2015,1
01/03/2015,1
01/03/2015,1
01/03/2015,1
01/03/2015,1
01/03/2015,2
01/03/2015,1
01/03/2015,1
01/03/2015,1
01/03/2015,1
01/03/2015,1
01/03/2015,1
01/03/2015,1
01/03/2015,1
01/03/2015,1
01/03/2015,1
01/03/2015,2
01/03/2015,2
01/03/2015,1
01/03/2015,1
01/03/2015,1
01/03/2015,1
01/03/2015,1
01/03/2015,1
01/03/2015,1
01/03/2015,1
01/03/2015,1
01/03/2015,1
01/03/2015,1
01/03/2015,1
01/03/2015,1
01/03/2015,1
01/03/2015,1
01/03/2015,1
01/03/2015,1
01/03/2015,2
01/03/2015,1
01/03/2015,1
01/03/2015,2
01/03/2015,1
01/03/2015,1
01/03/2015,2
01/03/2015,2
01/03/2015,1
01/03/2015,1
01/03/2015,1
01/03/2015,1
01/03/2015,2
01/03/2015,1
01/03/2015,1
01/03/2015,1
01/03/2015,2
01/03/2015,1
01/03/2015,2
01/03/2015,1
01/03/2015,1
01/03/2015,1
01/03/2015,1
01/03/2015,1
01/03/2015,2
01/03/2015,1
01/03/2015,1
01/04/2015,2
01/04/2015,1
01/04/2015,1
01/04/2015,1
01/04/2015,1
01/04/2015,1
01/04/2015,2
01/04/2015,1
01/04/2015,1
01/04/2015,3
01/04/2015,1
01/04/2015,4
01/04/2015,3
01/04/2015,1
01/04/2015,2
01/04/2015,1
01/04/2015,1
01/04/2015,1
01/04/2015,2
01/04/2015,1
01/04/2015,2
01/04/2015,1
01/04/2015,1
01/04/2015,1
01/04/2015,1
01/04/2015,1
01/04/2015,1
01/04/2015,1
01/04/2015,1
01/04/2015,1
01/04/2015,1
01/04/2015,2
01/04/2015,1
01/04/2015,1
01/04/2015,1
01/04/2015,1
01/04/2015,1
01/04/2015,1
01/04/2015,1
01/04/2015,2
01/04/2015,1
01/04/2015,1
01/04/2015,1
01/04/2015,1
01/04/2015,1
01/04/2015,2
01/04/2015,1
01/04/2015,1
01/04/2015,1
01/04/2015,1
01/04/2015,1
01/04/2015,1
01/04/2015,1
01/04/2015,1
01/04/2015,2
01/04/2015,1
01/04/2015,1
01/04/2015,1
01/04/2015,1
01/04/2015,1
01/04/2015,1
01/04/2015,1
01/04/2015,1
01/04/2015,1
01/04/2015,2
01/04/2015,1
01/04/2015,1
01/04/2015,1
01/04/2015,1
01/04/2015,1
01/04/2015,1
01/05/2015,1
01/05/2015,1
01/05/2015,1
01/05/2015,1
01/05/2015,1
01/05/2015,1
01/05/2015,1
01/05/2015,1
01/05/2015,1
01/05/2015,1
01/05/2015,1
01/05/2015,1
01/05/2015,1
01/05/2015,1
01/05/2015,1
01/05/2015,1
01/05/2015,3
01/05/2015,1
01/05/2015,2
01/05/2015,1
01/05/2015,1
01/05/2015,1
01/05/2015,1
01/05/2015,1
01/05/2015,1
01/05/2015,2
01/05/2015,1
01/05/2015,1
01/05/2015,1
01/05/2015,1
01/05/2015,1
01/05/2015,1
01/05/2015,1
01/05/2015,1
01/05/2015,1
01/05/2015,1
01/05/2015,2
01/05/2015,3
01/05/2015,1
01/05/2015,2
01/05/2015,2
01/05/2015,1
01/05/2015,1
01/05/2015,3
01/05/2015,1
01/05/2015,1
01/05/2015,1
01/05/2015,1
01/05/2015,2
01/05/2015,1
01/05/2015,1
01/05/2015,1
01/05/2015,1
01/05/2015,2
01/05/2015,3
01/05/2015,1
01/05/2015,1
01/05/2015,1
01/05/2015,2
01/05/2015,1
01/05/2015,1
01/05/2015,1
01/05/2015,1
01/05/2015,2
01/05/2015,1
01/05/2015,1
01/05/2015,2
01/05/2015,1
01/05/2015,1
01/05/2015,1
01/06/2015,1
01/06/2015,1
01/06/2015,1
01/06/2015,1
01/06/2015,1
01/06/2015,1
01/06/2015,1
01/06/2015,1
01/06/2015,1
01/06/2015,2
01/06/2015,1
01/06/2015,1
01/06/2015,3
01/06/2015,2
01/06/2015,1
01/06/2015,1
01/06/2015,1
01/06/2015,1
01/06/2015,1
01/06/2015,1
01/06/2015,1
01/06/2015,1
01/06/2015,1
01/06/2015,1
01/06/2015,1
01/06/2015,1
01/06/2015,1
01/06/2015,1
01/06/2015,1
01/06/2015,1
01/06/2015,1
01/06/2015,2
01/06/2015,1
01/06/2015,2
01/06/2015,1
01/06/2015,1
01/06/2015,1
01/06/2015,2
01/06/2015,1
01/06/2015,2
01/06/2015,1
01/06/2015,1
01/06/2015,1
01/06/2015,1
01/06/2015,3
01/06/2015,1
01/06/2015,1
01/06/2015,1
01/06/2015,1
01/06/2015,1
01/06/2015,1
01/06/2015,1
01/06/2015,3
01/06/2015,1
01/06/2015,1
01/06/2015,1
01/06/2015,1
01/06/2015,1
01/06/2015,1
01/06/2015,1
01/06/2015,2
01/06/2015,1
01/07/2015,1
01/07/2015,1
01/07/2015,1
01/07/2015,1
01/07/2015,1
01/07/2015,2
01/07/2015,1
01/07/2015,1
01/07/2015,1
01/07/2015,1
01/07/2015,1
01/07/2015,1
01/07/2015,1
01/07/2015,1
01/07/2015,1
01/07/2015,2
01/07/2015,1
01/07/2015,2
01/07/2015,1
01/07/2015,3
01/07/2015,1
01/07/2015,1
01/07/2015,1
01/07/2015,1
01/07/2015,1
01/07/2015,1
01/07/2015,2
01/07/2015,1
01/07/2015,1
01/07/2015,1
01/07/2015,1
01/07/2015,1
01/07/2015,1
01/07/2015,1
01/07/2015,1
01/07/2015,1
01/07/2015,1
01/07/2015,1
01/07/2015,1
01/07/2015,1
01/07/2015,1
01/07/2015,1
01/07/2015,1
01/07/2015,1
01/07/2015,1
01/07/2015,2
01/07/2015,1
01/07/2015,1
01/08/2015,1
01/08/2015,1
01/08/2015,1
01/08/2015,1
01/08/2015,1
01/08/2015,1
01/08/2015,1
01/08/2015,1
01/08/2015,1
01/08/2015,1
01/08/2015,1
01/08/2015,1
01/08/2015,1
01/08/2015,1
01/08/2015,1
01/08/2015,1
01/08/2015,1
01/08/2015,1
01/08/2015,1
01/08/2015,2
01/08/2015,2
01/08/2015,1
01/08/2015,1
01/08/2015,3
01/08/2015,1
01/08/2015,3
01/08/2015,1
01/08/2015,1
01/08/2015,1
01/08/2015,1
01/08/2015,1
01/08/2015,1
01/08/2015,1
01/08/2015,1
01/08/2015,2
01/08/2015,1
01/08/2015,1
01/08/2015,1
01/08/2015,1
01/08/2015,1
01/08/2015,1
01/08/2015,1
01/08/2015,1
01/08/2015,1
01/08/2015,1
01/08/2015,1
01/08/2015,1
01/08/2015,1
01/08/2015,1
01/08/2015,1
01/08/2015,1
01/08/2015,1
01/08/2015,4
01/08/2015,1
01/08/2015,2
01/08/2015,1
01/08/2015,1
01/08/2015,1
01/08/2015,1
01/09/2015,1
01/09/2015,1
01/09/2015,1
01/09/2015,2
01/09/2015,1
01/09/2015,1
01/09/2015,5
01/09/2015,1
01/09/2015,1
01/09/2015,1
01/09/2015,1
01/09/2015,1
01/09/2015,1
01/09/2015,1
01/09/2015,1
01/09/2015,1
01/09/2015,2
01/09/2015,1
01/09/2015,3
01/09/2015,1
01/09/2015,1
01/09/2015,3
01/09/2015,1
01/09/2015,1
01/09/2015,1
01/09/2015,1
01/09/2015,1
01/09/2015,1
01/09/2015,1
01/09/2015,1
01/09/2015,1
01/09/2015,1
01/09/2015,1
01/09/2015,1
01/09/2015,3
01/09/2015,1
01/09/2015,1
01/09/2015,2
01/09/2015,2
01/09/2015,2
01/09/2015,1
01/09/2015,2
01/09/2015,1
01/09/2015,2
01/09/2015,1
01/09/2015,2
01/09/2015,1
01/09/2015,1
01/09/2015,1
01/09/2015,1
01/09/2015,1
01/09/2015,1
01/09/2015,1
01/09/2015,2
01/10/2015,3
01/10/2015,1
01/10/2015,1
01/10/2015,1
01/10/2015,1
01/10/2015,1
01/10/2015,1
01/10/2015,1
01/10/2015,1
01/10/2015,1
01/10/2015,1
01/10/2015,1
01/10/2015,2
01/10/2015,2
01/10/2015,1
01/10/2015,4
01/10/2015,1
01/10/2015,1
01/10/2015,1
01/10/2015,1
01/10/2015,1
01/10/2015,1
01/10/2015,1
01/10/2015,1
01/10/2015,1
01/10/2015,1
01/10/2015,1
01/10/2015,1
01/10/2015,1
01/10/2015,1
01/10/2015,1
01/10/2015,3
01/10/2015,1
01/10/2015,1
01/10/2015,2
01/10/2015,1
01/10/2015,1
01/10/2015,1
01/10/2015,1
01/10/2015,3
01/10/2015,1
01/10/2015,1
01/10/2015,1
01/10/2015,1
01/10/2015,1
01/10/2015,1
01/10/2015,1
01/10/2015,1
01/10/2015,1
01/10/2015,1
01/10/2015,1
01/10/2015,4
01/10/2015,1
01/10/2015,2
01/10/2015,1
01/10/2015,2
01/10/2015,1
01/10/2015,1
01/10/2015,1
01/10/2015,4
01/10/2015,1
01/10/2015,1
01/10/2015,2
01/10/2015,1
01/10/2015,2
01/10/2015,1
01/10/2015,1
01/11/2015,1
01/11/2015,1
01/11/2015,1
01/11/2015,1
01/11/2015,1
01/11/2015,1
01/11/2015,1
01/11/2015,1
01/11/2015,4
01/11/2015,1
01/11/2015,1
01/11/2015,3
01/11/2015,1
01/11/2015,1
01/11/2015,1
01/11/2015,1
01/11/2015,1
01/11/2015,1
01/11/2015,1
01/11/2015,1
01/11/2015,2
01/11/2015,1
01/11/2015,1
01/11/2015,1
01/11/2015,1
01/11/2015,1
01/11/2015,1
01/11/2015,1
01/11/2015,1
01/11/2015,1
01/11/2015,1
01/11/2015,1
01/11/2015,2
01/11/2015,1
01/11/2015,1
01/11/2015,1
01/11/2015,1
01/11/2015,1
01/11/2015,1
01/11/2015,1
01/11/2015,2
01/11/2015,1
01/11/2015,1
01/11/2015,1
01/11/2015,1
01/11/2015,3
01/11/2015,1
01/11/2015,1
01/11/2015,1
01/11/2015,2
01/11/2015,2
01/11/2015,1
01/11/2015,1
01/11/2015,1
01/11/2015,1
01/11/2015,1
01/11/2015,1
01/11/2015,2
01/11/2015,1
01/11/2015,2
01/11/2015,1
01/11/2015,1
01/11/2015,1
01/11/2015,1
01/11/2015,1
01/12/2015,1
01/12/2015,1
01/12/2015,1
01/12/2015,1
01/12/2015,1
01/12/2015,1
01/12/2015,2
01/12/2015,1
01/12/2015,3
01/12/2015,1
01/12/2015,1
01/12/2015,1
01/12/2015,1
01/12/2015,1
01/12/2015,1
01/12/2015,1
01/12/2015,1
01/12/2015,2
01/12/2015,1
01/12/2015,1
01/12/2015,1
01/12/2015,2
01/12/2015,1
01/12/2015,2
01/12/2015,1
01/12/2015,4
01/12/2015,1
01/12/2015,1
01/12/2015,1
01/12/2015,3
01/12/2015,3
01/12/2015,1
01/12/2015,1
01/12/2015,1
01/12/2015,2
01/12/2015,1
01/12/2015,1
01/12/2015,3
01/12/2015,1
01/12/2015,1
01/12/2015,1
01/12/2015,1
01/12/2015,3
01/12/2015,1
01/12/2015,1
01/12/2015,1
01/12/2015,1
01/12/2015,1
01/12/2015,2
01/12/2015,1
01/12/2015,1
01/12/2015,1
01/12/2015,1
01/12/2015,1
01/12/2015,2
01/12/2015,1
01/12/2015,1
01/12/2015,1
01/12/2015,1
01/13/2015,2
01/13/2015,1
01/13/2015,1
01/13/2015,2
01/13/2015,1
01/13/2015,1
01/13/2015,1
01/13/2015,1
01/13/2015,1
01/13/2015,1
01/13/2015,1
01/13/2015,1
01/13/2015,1
01/13/2015,2
01/13/2015,2
01/13/2015,1
01/13/2015,1
01/13/2015,1
01/13/2015,2
01/13/2015,1
01/13/2015,1
01/13/2015,1
01/13/2015,1
01/13/2015,1
01/13/2015,1
01/13/2015,1
01/13/2015,1
01/13/2015,1
01/13/2015,1
01/13/2015,1
01/13/2015,1
01/13/2015,1
01/13/2015,1
01/13/2015,2
01/13/2015,1
01/13/2015,1
01/13/2015,1
01/13/2015,2
01/13/2015,1
01/13/2015,1
01/13/2015,1
01/13/2015,1
01/13/2015,1
01/13/2015,1
01/13/2015,1
01/13/2015,1
01/13/2015,1
01/13/2015,2
01/13/2015,1
01/13/2015,1
01/13/2015,1
01/13/2015,1
01/13/2015,1
01/13/2015,1
01/13/2015,1
01/13/2015,4
01/13/2015,1
01/13/2015,1
01/13/2015,1
01/13/2015,1
01/13/2015,1
01/13/2015,3
01/13/2015,1
01/13/2015,1
01/13/2015,3
01/13/2015,1
01/13/2015,1
01/13/2015,3
01/13/2015,1
01/13/2015,1
01/13/2015,1
01/13/2015,1
01/13/2015,1
01/13/2015,2
01/13/2015,1
01/13/2015,1
01/13/2015,1
01/13/2015,1
01/13/2015,1
01/13/2015,1
01/13/2015,3
01/13/2015,1
01/13/2015,1
01/13/2015,1
01/14/2015,3
01/14/2015,1
01/14/2015,1
01/14/2015,1
01/14/2015,1
01/14/2015,1
01/14/2015,2
01/14/2015,1
01/14/2015,1
01/14/2015,1
01/14/2015,1
01/14/2015,1
01/14/2015,3
01/14/2015,1
01/14/2015,1
01/14/2015,2
01/14/2015,1
01/14/2015,1
01/14/2015,1
01/14/2015,1
01/14/2015,1
01/14/2015,1
01/14/2015,1
01/14/2015,1
01/14/2015,1
01/14/2015,1
01/14/2015,1
01/14/2015,1
01/14/2015,1
01/14/2015,1
01/14/2015,1
01/14/2015,1
01/14/2015,1
01/14/2015,1
01/14/2015,1
01/14/2015,1
01/14/2015,1
01/14/2015,1
01/14/2015,1
01/14/2015,1
01/14/2015,2
01/14/2015,1
01/14/2015,1
01/14/2015,1
01/14/2015,3
01/14/2015,1
01/14/2015,1
01/14/2015,1
01/14/2015,2
01/14/2015,1
01/14/2015,1
01/14/2015,1
01/14/2015,2
01/14/2015,1
01/14/2015,1
01/14/2015,1
01/14/2015,3
01/14/2015,1
01/14/2015,1
01/14/2015,1
01/14/2015,1
01/14/2015,1
01/14/2015,1
01/14/2015,1
01/15/2015,4
01/15/2015,1
01/15/2015,1
01/15/2015,1
01/15/2015,1
01/15/2015,1
01/15/2015,1
01/15/2015,1
01/15/2015,2
01/15/2015,1
01/15/2015,2
01/15/2015,1
01/15/2015,1
01/15/2015,1
01/15/2015,1
01/15/2015,1
01/15/2015,1
01/15/2015,1
01/15/2015,1
01/15/2015,1
01/15/2015,1
01/15/2015,1
01/15/2015,1
01/15/2015,1
01/15/2015,1
01/15/2015,1
01/15/2015,1
01/15/2015,1
01/15/2015,1
01/15/2015,1
01/15/2015,1
01/15/2015,1
01/15/2015,1
01/15/2015,1
01/15/2015,1
01/15/2015,2
01/15/2015,1
01/15/2015,1
01/15/2015,2
01/15/2015,3
01/15/2015,1
01/15/2015,2
01/15/2015,1
01/15/2015,1
01/15/2015,1
01/15/2015,1
01/15/2015,1
01/15/2015,2
01/15/2015,1
01/15/2015,1
01/15/2015,1
01/15/2015,1
01/15/2015,1
01/15/2015,1
01/15/2015,1
01/15/2015,1
01/15/2015,1
01/15/2015,1
01/15/2015,1
01/15/2015,1
01/15/2015,1
01/15/2015,1
01/15/2015,2
01/15/2015,1
01/15/2015,2
01/15/2015,1
01/15/2015,1
01/15/2015,2
01/15/2015,2
01/15/2015,1
01/15/2015,2
01/15/2015,1
01/15/2015,1
01/15/2015,1
01/15/2015,1
01/15/2015,1
01/15/2015,1
01/15/2015,1
01/15/2015,1
01/15/2015,1
01/15/2015,2
01/15/2015,2
01/15/2015,1
01/15/2015,1
01/15/2015,1
01/15/2015,1
01/15/2015,1
01/15/2015,1
01/15/2015,1
01/16/2015,1
01/16/2015,1
01/16/2015,1
01/16/2015,1
01/16/2015,4
01/16/2015,1
01/16/2015,1
01/16/2015,3
01/16/2015,1
01/16/2015,1
01/16/2015,1
01/16/2015,2
01/16/2015,1
01/16/2015,1
01/16/2015,1
01/16/2015,1
01/16/2015,1
01/16/2015,2
01/16/2015,1
01/16/2015,1
01/16/2015,1
01/16/2015,1
01/16/2015,1
01/16/2015,2
01/16/2015,1
01/16/2015,1
01/16/2015,1
01/16/2015,1
01/16/2015,3
01/16/2015,1
01/16/2015,2
01/16/2015,1
01/16/2015,1
01/16/2015,1
01/16/2015,2
01/16/2015,1
01/16/2015,1
01/16/2015,1
01/16/2015,4
01/16/2015,1
01/16/2015,1
01/16/2015,1
01/16/2015,1
01/16/2015,1
01/16/2015,1
01/16/2015,1
01/16/2015,1
01/16/2015,1
01/16/2015,2
01/16/2015,1
01/16/2015,2
01/16/2015,1
01/16/2015,1
01/16/2015,1
01/16/2015,1
01/16/2015,1
01/16/2015,1
01/16/2015,1
01/16/2015,1
01/16/2015,1
01/16/2015,1
01/16/2015,1
01/16/2015,2
01/16/2015,2
01/16/2015,1
01/16/2015,1
01/16/2015,1
01/16/2015,2
01/16/2015,1
01/16/2015,1
01/16/2015,1
01/16/2015,1
01/16/2015,1
01/16/2015,1
01/16/2015,1
01/16/2015,1
01/16/2015,1
01/16/2015,2
01/16/2015,1
01/16/2015,1
01/16/2015,1
01/16/2015,1
01/16/2015,1
01/16/2015,3
01/16/2015,1
01/16/2015,1
01/16/2015,1
01/16/2015,1
01/16/2015,1
01/16/2015,1
01/17/2015,3
01/17/2015,1
01/17/2015,1
01/17/2015,3
01/17/2015,1
01/17/2015,2
01/17/2015,1
01/17/2015,1
01/17/2015,1
01/17/2015,5
01/17/2015,1
01/17/2015,1
01/17/2015,2
01/17/2015,1
01/17/2015,1
01/17/2015,2
01/17/2015,1
01/17/2015,1
01/17/2015,1
01/17/2015,1
01/17/2015,1
01/17/2015,1
01/17/2015,1
01/17/2015,2
01/17/2015,1
01/17/2015,1
01/17/2015,1
01/17/2015,1
01/17/2015,1
01/17/2015,1
01/17/2015,1
01/17/2015,1
01/17/2015,1
01/17/2015,1
01/17/2015,1
01/17/2015,1
01/17/2015,1
01/17/2015,1
01/17/2015,1
01/17/2015,2
01/17/2015,1
01/17/2015,3
01/17/2015,1
01/17/2015,1
01/17/2015,1
01/17/2015,1
01/17/2015,1
01/17/2015,2
01/17/2015,1
01/17/2015,2
01/17/2015,1
01/17/2015,1
01/17/2015,1
01/17/2015,1
01/17/2015,3
01/17/2015,1
01/17/2015,2
01/17/2015,2
01/17/2015,1
01/17/2015,1
01/17/2015,1
01/17/2015,1
01/17/2015,3
01/17/2015,1
01/17/2015,1
01/17/2015,1
01/17/2015,1
01/17/2015,2
01/17/2015,1
01/17/2015,1
01/17/2015,1
01/18/2015,3
01/18/2015,1
01/18/2015,1
01/18/2015,1
01/18/2015,1
01/18/2015,1
01/18/2015,2
01/18/2015,1
01/18/2015,1
01/18/2015,1
01/18/2015,1
01/18/2015,1
01/18/2015,1
01/18/2015,2
01/18/2015,1
01/18/2015,1
01/18/2015,1
01/18/2015,2
01/18/2015,1
01/18/2015,2
01/18/2015,1
01/18/2015,1
01/18/2015,2
01/18/2015,1
01/18/2015,1
01/18/2015,4
01/18/2015,1
01/18/2015,1
01/18/2015,1
01/18/2015,1
01/18/2015,1
01/18/2015,1
01/18/2015,1
01/18/2015,1
01/18/2015,1
01/18/2015,1
01/18/2015,1
01/18/2015,1
01/18/2015,1
01/18/2015,1
01/18/2015,1
01/18/2015,1
01/18/2015,2
01/18/2015,1
01/18/2015,1
01/18/2015,2
01/18/2015,1
01/18/2015,3
01/18/2015,2
01/18/2015,1
01/18/2015,1
01/18/2015,1
01/18/2015,2
01/18/2015,2
01/18/2015,2
01/18/2015,1
01/18/2015,1
01/18/2015,1
01/18/2015,1
01/18/2015,1
01/18/2015,1
01/18/2015,1
01/18/2015,1
01/18/2015,1
01/18/2015,3
01/18/2015,1
01/18/2015,1
01/18/2015,5
01/18/2015,1
01/18/2015,1
01/18/2015,2
01/18/2015,1
01/19/2015,1
01/19/2015,1
01/19/2015,1
01/19/2015,1
01/19/2015,2
01/19/2015,1
01/19/2015,1
01/19/2015,1
01/19/2015,1
01/19/2015,2
01/19/2015,1
01/19/2015,1
01/19/2015,1
01/19/2015,2
01/19/2015,1
01/19/2015,1
01/19/2015,1
01/19/2015,1
01/19/2015,1
01/19/2015,1
01/19/2015,1
01/19/2015,1
01/19/2015,1
01/19/2015,1
01/19/2015,1
01/19/2015,1
01/19/2015,1
01/19/2015,1
01/19/2015,1
01/19/2015,1
01/19/2015,1
01/19/2015,1
01/19/2015,5
01/19/2015,1
01/19/2015,2
01/19/2015,1
01/19/2015,1
01/19/2015,1
01/19/2015,1
01/19/2015,1
01/19/2015,1
01/19/2015,4
01/19/2015,1
01/19/2015,1
01/19/2015,1
01/19/2015,1
01/19/2015,1
01/19/2015,1
01/19/2015,2
01/19/2015,1
01/19/2015,1
01/19/2015,2
01/19/2015,1
01/19/2015,1
01/19/2015,1
01/19/2015,1
01/19/2015,1
01/19/2015,1
01/19/2015,1
01/19/2015,1
01/19/2015,1
01/19/2015,1
01/19/2015,3
01/19/2015,1
01/19/2015,3
01/19/2015,1
01/19/2015,1
01/20/2015,1
01/20/2015,1
01/20/2015,1
01/20/2015,2
01/20/2015,1
01/20/2015,1
01/20/2015,1
01/20/2015,2
01/20/2015,1
01/20/2015,1
01/20/2015,1
01/20/2015,1
01/20/2015,1
01/20/2015,1
01/20/2015,2
01/20/2015,1
01/20/2015,1
01/20/2015,1
01/20/2015,1
01/20/2015,1
01/20/2015,1
01/20/2015,1
01/20/2015,1
01/20/2015,1
01/20/2015,2
01/20/2015,1
01/20/2015,2
01/20/2015,1
01/20/2015,1
01/20/2015,1
01/20/2015,2
01/20/2015,1
01/20/2015,3
01/20/2015,3
01/20/2015,1
01/20/2015,1
01/20/2015,1
01/20/2015,4
01/20/2015,2
01/20/2015,1
01/20/2015,1
01/20/2015,1
01/20/2015,1
01/20/2015,1
01/20/2015,1
01/20/2015,1
01/20/2015,1
01/20/2015,1
01/20/2015,1
01/20/2015,1
01/20/2015,3
01/20/2015,1
01/20/2015,1
01/20/2015,2
01/20/2015,1
01/20/2015,1
01/20/2015,1
01/20/2015,1
01/20/2015,1
01/20/2015,1
01/20/2015,1
01/20/2015,1
01/20/2015,1
01/20/2015,1
01/20/2015,1
01/20/2015,1
01/20/2015,1
01/20/2015,1
01/20/2015,1
01/20/2015,1
01/20/2015,2
01/21/2015,2
01/21/2015,1
01/21/2015,2
01/21/2015,1
01/21/2015,1
01/21/2015,1
01/21/2015,4
01/21/2015,1
01/21/2015,1
01/21/2015,1
01/21/2015,1
01/21/2015,1
01/21/2015,1
01/21/2015,1
01/21/2015,1
01/21/2015,1
01/21/2015,3
01/21/2015,1
01/21/2015,1
01/21/2015,1
01/21/2015,1
01/21/2015,1
01/21/2015,1
01/21/2015,1
01/21/2015,1
01/21/2015,1
01/21/2015,1
01/21/2015,1
01/21/2015,1
01/21/2015,2
01/21/2015,1
01/21/2015,2
01/21/2015,1
01/21/2015,1
01/21/2015,1
01/21/2015,1
01/21/2015,1
01/21/2015,2
01/21/2015,1
01/21/2015,1
01/21/2015,1
01/21/2015,1
01/21/2015,1
01/21/2015,1
01/21/2015,1
01/21/2015,1
01/21/2015,1
01/21/2015,1
01/21/2015,1
01/21/2015,1
01/21/2015,4
01/21/2015,1
01/21/2015,1
01/21/2015,1
01/21/2015,2
01/21/2015,1
01/21/2015,2
01/21/2015,1
01/21/2015,1
01/21/2015,3
01/21/2015,1
01/21/2015,1
01/21/2015,1
01/21/2015,1
01/21/2015,1
01/21/2015,1
01/21/2015,1
01/21/2015,1
01/21/2015,1
01/21/2015,1
01/21/2015,2
01/21/2015,1
01/21/2015,1
01/21/2015,1
01/21/2015,3
01/21/2015,1
01/21/2015,1
01/21/2015,1
01/21/2015,1
01/21/2015,1
01/21/2015,1
01/21/2015,1
01/21/2015,1
01/22/2015,3
01/22/2015,2
01/22/2015,1
01/22/2015,1
01/22/2015,1
01/22/2015,1
01/22/2015,1
01/22/2015,1
01/22/2015,1
01/22/2015,2
01/22/2015,2
01/22/2015,1
01/22/2015,1
01/22/2015,1
01/22/2015,1
01/22/2015,1
01/22/2015,1
01/22/2015,1
01/22/2015,1
01/22/2015,1
01/22/2015,1
01/22/2015,1
01/22/2015,1
01/22/2015,1
01/22/2015,1
01/22/2015,2
01/22/2015,3
01/22/2015,1
01/22/2015,2
01/22/2015,2
01/22/2015,1
01/22/2015,1
01/22/2015,1
01/22/2015,1
01/22/2015,1
01/22/2015,1
01/22/2015,1
01/22/2015,1
01/22/2015,1
01/22/2015,1
01/22/2015,1
01/22/2015,1
01/22/2015,1
01/22/2015,1
01/22/2015,2
01/22/2015,1
01/22/2015,1
01/22/2015,1
01/22/2015,1
01/22/2015,1
01/22/2015,1
01/22/2015,1
01/22/2015,1
01/22/2015,2
01/22/2015,1
01/22/2015,2
01/22/2015,1
01/22/2015,1
01/22/2015,1
01/22/2015,1
01/22/2015,2
01/22/2015,1
01/22/2015,2
01/22/2015,2
01/22/2015,1
01/22/2015,1
01/22/2015,1
01/22/2015,1
01/22/2015,1
01/23/2015,5
01/23/2015,1
01/23/2015,1
01/23/2015,1
01/23/2015,4
01/23/2015,1
01/23/2015,1
01/23/2015,2
01/23/2015,2
01/23/2015,2
01/23/2015,1
01/23/2015,1
01/23/2015,1
01/23/2015,1
01/23/2015,1
01/23/2015,1
01/23/2015,1
01/23/2015,1
01/23/2015,2
01/23/2015,1
01/23/2015,1
01/23/2015,1
01/23/2015,1
01/23/2015,1
01/23/2015,3
01/23/2015,3
01/23/2015,1
01/23/2015,2
01/23/2015,1
01/23/2015,1
01/23/2015,1
01/23/2015,1
01/23/2015,1
01/23/2015,1
01/23/2015,1
01/23/2015,2
01/23/2015,5
01/23/2015,1
01/23/2015,1
01/23/2015,1
01/23/2015,2
01/23/2015,1
01/23/2015,1
01/23/2015,1
01/23/2015,1
01/23/2015,1
01/23/2015,1
01/23/2015,3
01/23/2015,1
01/23/2015,1
01/23/2015,2
01/23/2015,1
01/23/2015,1
01/23/2015,1
01/23/2015,2
01/23/2015,1
01/23/2015,1
01/23/2015,1
01/23/2015,2
01/23/2015,1
01/23/2015,3
01/23/2015,7
01/23/2015,1
01/23/2015,4
01/23/2015,1
01/23/2015,1
01/23/2015,3
01/23/2015,1
01/23/2015,1
01/23/2015,1
01/24/2015,6
01/24/2015,1
01/24/2015,2
01/24/2015,1
01/24/2015,1
01/24/2015,1
01/24/2015,1
01/24/2015,1
01/24/2015,1
01/24/2015,3
01/24/2015,1
01/24/2015,2
01/24/2015,1
01/24/2015,1
01/24/2015,2
01/24/2015,1
01/24/2015,1
01/24/2015,1
01/24/2015,1
01/24/2015,2
01/24/2015,4
01/24/2015,1
01/24/2015,1
01/24/2015,1
01/24/2015,1
01/24/2015,1
01/24/2015,1
01/24/2015,1
01/24/2015,1
01/24/2015,1
01/24/2015,2
01/24/2015,1
01/24/2015,1
01/24/2015,1
01/24/2015,2
01/24/2015,1
01/24/2015,1
01/24/2015,1
01/24/2015,1
01/24/2015,1
01/24/2015,1
01/24/2015,1
01/24/2015,1
01/24/2015,1
01/24/2015,1
01/24/2015,1
01/24/2015,1
01/24/2015,2
01/24/2015,2
01/24/2015,1
01/24/2015,1
01/24/2015,3
01/24/2015,1
01/24/2015,1
01/24/2015,1
01/24/2015,1
01/24/2015,4
01/24/2015,1
01/24/2015,1
01/24/2015,1
01/24/2015,1
01/24/2015,1
01/24/2015,1
01/24/2015,1
01/24/2015,2
01/24/2015,1
01/24/2015,1
01/24/2015,1
01/24/2015,1
01/24/2015,1
01/24/2015,1
01/24/2015,3
01/24/2015,1
01/24/2015,1
01/24/2015,2
01/24/2015,1
01/24/2015,1
01/24/2015,1
01/25/2015,2
01/25/2015,1
01/25/2015,1
01/25/2015,2
01/25/2015,1
01/25/2015,3
01/25/2015,1
01/25/2015,1
01/25/2015,2
01/25/2015,2
01/25/2015,1
01/25/2015,1
01/25/2015,1
01/25/2015,1
01/25/2015,1
01/25/2015,1
01/25/2015,1
01/25/2015,1
01/25/2015,1
01/25/2015,2
01/25/2015,1
01/25/2015,1
01/25/2015,3
01/25/2015,2
01/25/2015,1
01/25/2015,1
01/25/2015,1
01/25/2015,1
01/25/2015,1
01/25/2015,1
01/25/2015,1
01/25/2015,4
01/25/2015,1
01/25/2015,1
01/25/2015,2
01/25/2015,3
01/25/2015,1
01/25/2015,2
01/25/2015,1
01/25/2015,1
01/25/2015,1
01/25/2015,1
01/25/2015,1
01/25/2015,1
01/25/2015,2
01/25/2015,1
01/25/2015,1
01/25/2015,2
01/25/2015,1
01/25/2015,1
01/25/2015,1
01/25/2015,1
01/25/2015,3
01/25/2015,1
01/25/2015,2
01/25/2015,1
01/25/2015,1
01/25/2015,1
01/25/2015,1
01/25/2015,1
01/25/2015,2
01/25/2015,1
01/25/2015,1
01/25/2015,2
01/25/2015,2
01/25/2015,1
01/25/2015,1
01/25/2015,1
01/25/2015,1
01/25/2015,1
01/25/2015,1
01/25/2015,1
01/25/2015,1
01/25/2015,1
01/25/2015,3
01/25/2015,1
01/25/2015,3
01/25/2015,1
01/25/2015,1
01/25/2015,1
01/25/2015,1
01/25/2015,1
01/25/2015,4
01/25/2015,1
01/25/2015,1
01/25/2015,1
01/25/2015,1
01/25/2015,1
01/26/2015,1
01/26/2015,1
01/26/2015,1
01/26/2015,1
01/26/2015,7
01/26/2015,1
01/26/2015,1
01/26/2015,1
01/26/2015,4
01/26/2015,1
01/26/2015,1
01/26/2015,2
01/26/2015,1
01/26/2015,2
01/26/2015,1
01/26/2015,2
01/26/2015,1
01/26/2015,1
01/26/2015,2
01/26/2015,1
01/26/2015,1
01/26/2015,1
01/26/2015,1
01/26/2015,1
01/26/2015,2
01/26/2015,1
01/26/2015,1
01/26/2015,1
01/26/2015,1
01/26/2015,3
01/26/2015,2
01/26/2015,2
01/26/2015,1
01/26/2015,2
01/26/2015,1
01/26/2015,1
01/26/2015,1
01/26/2015,1
01/26/2015,1
01/26/2015,1
01/26/2015,1
01/26/2015,1
01/26/2015,1
01/26/2015,1
01/26/2015,1
01/26/2015,1
01/26/2015,1
01/26/2015,1
01/26/2015,1
01/26/2015,1
01/26/2015,1
01/26/2015,1
01/26/2015,1
01/26/2015,1
01/26/2015,1
01/26/2015,1
01/26/2015,1
01/26/2015,3
01/26/2015,1
01/26/2015,3
01/26/2015,1
01/26/2015,1
01/26/2015,1
01/26/2015,1
01/26/2015,1
01/26/2015,1
01/26/2015,1
01/26/2015,1
01/26/2015,1
01/26/2015,1
01/26/2015,1
01/26/2015,3
01/26/2015,1
01/26/2015,4
01/27/2015,1
01/27/2015,1
01/27/2015,2
01/27/2015,2
01/27/2015,2
01/27/2015,1
01/27/2015,1
01/27/2015,2
01/27/2015,1
01/27/2015,1
01/27/2015,1
01/27/2015,1
01/27/2015,2
01/27/2015,1
01/27/2015,1
01/27/2015,1
01/27/2015,1
01/27/2015,1
01/27/2015,1
01/27/2015,1
01/27/2015,2
01/27/2015,1
01/27/2015,1
01/27/2015,1
01/27/2015,1
01/27/2015,2
01/27/2015,1
01/27/2015,1
01/27/2015,1
01/27/2015,1
01/27/2015,1
01/27/2015,2
01/27/2015,1
01/27/2015,2
01/27/2015,1
01/27/2015,2
01/27/2015,1
01/27/2015,1
01/27/2015,1
01/27/2015,3
01/27/2015,1
01/27/2015,1
01/27/2015,1
01/27/2015,1
01/27/2015,1
01/27/2015,1
01/27/2015,1
01/27/2015,1
01/27/2015,4
01/27/2015,1
01/27/2015,1
01/27/2015,1
01/27/2015,1
01/27/2015,1
01/27/2015,1
01/27/2015,3
01/27/2015,1
01/27/2015,1
01/27/2015,1
01/27/2015,1
01/27/2015,1
01/27/2015,1
01/27/2015,3
01/27/2015,1
01/28/2015,4
01/28/2015,1
01/28/2015,1
01/28/2015,2
01/28/2015,3
01/28/2015,1
01/28/2015,1
01/28/2015,3
01/28/2015,1
01/28/2015,1
01/28/2015,1
01/28/2015,1
01/28/2015,1
01/28/2015,1
01/28/2015,1
01/28/2015,1
01/28/2015,1
01/28/2015,1
01/28/2015,1
01/28/2015,1
01/28/2015,1
01/28/2015,1
01/28/2015,1
01/28/2015,1
01/28/2015,1
01/28/2015,1
01/28/2015,1
01/28/2015,2
01/28/2015,2
01/28/2015,1
01/28/2015,3
01/28/2015,1
01/28/2015,1
01/28/2015,1
01/28/2015,2
01/28/2015,1
01/28/2015,1
01/28/2015,1
01/28/2015,1
01/28/2015,1
01/28/2015,1
01/28/2015,1
01/28/2015,3
01/28/2015,1
01/28/2015,1
01/28/2015,1
01/28/2015,1
01/28/2015,1
01/28/2015,1
01/28/2015,5
01/28/2015,1
01/28/2015,2
01/28/2015,1
01/28/2015,1
01/28/2015,1
01/28/2015,1
01/28/2015,2
01/28/2015,1
01/28/2015,3
01/28/2015,1
01/28/2015,2
01/28/2015,1
01/28/2015,2
01/28/2015,1
01/28/2015,1
01/28/2015,2
01/28/2015,1
01/28/2015,1
01/28/2015,4
01/28/2015,1
01/28/2015,1
01/28/2015,1
01/28/2015,1
01/29/2015,4
01/29/2015,1
01/29/2015,2
01/29/2015,6
01/29/2015,1
01/29/2015,2
01/29/2015,2
01/29/2015,1
01/29/2015,1
01/29/2015,1
01/29/2015,1
01/29/2015,1
01/29/2015,1
01/29/2015,1
01/29/2015,1
01/29/2015,1
01/29/2015,1
01/29/2015,1
01/29/2015,1
01/29/2015,1
01/29/2015,1
01/29/2015,1
01/29/2015,1
01/29/2015,1
01/29/2015,1
01/29/2015,1
01/29/2015,2
01/29/2015,3
01/29/2015,1
01/29/2015,4
01/29/2015,1
01/29/2015,2
01/29/2015,1
01/29/2015,3
01/29/2015,1
01/29/2015,1
01/29/2015,1
01/29/2015,1
01/29/2015,1
01/29/2015,1
01/29/2015,1
01/29/2015,1
01/29/2015,1
01/29/2015,1
01/29/2015,1
01/29/2015,2
01/29/2015,1
01/29/2015,3
01/29/2015,1
01/29/2015,1
01/29/2015,1
01/29/2015,1
01/29/2015,1
01/29/2015,1
01/29/2015,1
01/29/2015,3
01/29/2015,1
01/29/2015,1
01/29/2015,4
01/29/2015,1
01/29/2015,1
01/29/2015,2
01/29/2015,3
01/29/2015,1
01/29/2015,1
01/29/2015,1
01/30/2015,1
01/30/2015,1
01/30/2015,1
01/30/2015,1
01/30/2015,1
01/30/2015,5
01/30/2015,1
01/30/2015,1
01/30/2015,1
01/30/2015,1
01/30/2015,1
01/30/2015,1
01/30/2015,3
01/30/2015,2
01/30/2015,1
01/30/2015,1
01/30/2015,1
01/30/2015,1
01/30/2015,1
01/30/2015,1
01/30/2015,1
01/30/2015,1
01/30/2015,1
01/30/2015,1
01/30/2015,1
01/30/2015,1
01/30/2015,1
01/30/2015,2
01/30/2015,1
01/30/2015,2
01/30/2015,2
01/30/2015,1
01/30/2015,1
01/30/2015,1
01/30/2015,1
01/30/2015,1
01/30/2015,1
01/30/2015,4
01/30/2015,1
01/30/2015,1
01/30/2015,1
01/30/2015,2
01/30/2015,3
01/30/2015,1
01/30/2015,1
01/30/2015,1
01/30/2015,2
01/30/2015,1
01/30/2015,1
01/30/2015,2
01/30/2015,1
01/30/2015,1
01/30/2015,1
01/30/2015,1
01/30/2015,4
01/30/2015,1
01/30/2015,1
01/30/2015,2
01/30/2015,1
01/30/2015,3
01/30/2015,1
01/30/2015,5
01/30/2015,1
01/30/2015,1
01/30/2015,1
01/30/2015,1
01/30/2015,1
01/30/2015,1
01/30/2015,2
01/30/2015,1
01/30/2015,1
01/30/2015,1
01/30/2015,1
01/30/2015,4
01/30/2015,1
01/30/2015,2
01/30/2015,1
01/30/2015,1
01/30/2015,1
01/30/2015,1
01/30/2015,1
01/31/2015,2
01/31/2015,1
01/31/2015,1
01/31/2015,1
01/31/2015,1
01/31/2015,1
01/31/2015,1
01/31/2015,1
01/31/2015,2
01/31/2015,1
01/31/2015,2
01/31/2015,1
01/31/2015,3
01/31/2015,2
01/31/2015,1
01/31/2015,1
01/31/2015,1
01/31/2015,1
01/31/2015,1
01/31/2015,1
01/31/2015,3
01/31/2015,1
01/31/2015,1
01/31/2015,1
01/31/2015,1
01/31/2015,1
01/31/2015,1
01/31/2015,1
01/31/2015,1
01/31/2015,1
01/31/2015,1
01/31/2015,1
01/31/2015,1
01/31/2015,1
01/31/2015,1
01/31/2015,1
01/31/2015,1
01/31/2015,2
01/31/2015,1
01/31/2015,1
01/31/2015,1
01/31/2015,4
01/31/2015,2
01/31/2015,1
01/31/2015,1
01/31/2015,1
01/31/2015,1
01/31/2015,1
01/31/2015,1
01/31/2015,1
01/31/2015,1
01/31/2015,1
01/31/2015,1
01/31/2015,2
01/31/2015,1
01/31/2015,2
01/31/2015,1
01/31/2015,1
01/31/2015,1
01/31/2015,4
01/31/2015,1
01/31/2015,1
01/31/2015,1
01/31/2015,1
01/31/2015,1
01/31/2015,1
01/31/2015,2
01/31/2015,1
01/31/2015,1
02/01/2015,2
02/01/2015,1
02/01/2015,2
02/01/2015,2
02/01/2015,1
02/01/2015,2
02/01/2015,1
02/01/2015,1
02/01/2015,1
02/01/2015,1
02/01/2015,3
02/01/2015,1
02/01/2015,2
02/01/2015,2
02/01/2015,2
02/01/2015,1
02/01/2015,1
02/01/2015,1
02/01/2015,1
02/01/2015,1
02/01/2015,1
02/01/2015,1
02/01/2015,1
02/01/2015,1
02/01/2015,1
02/01/2015,1
02/01/2015,1
02/01/2015,1
02/01/2015,2
02/01/2015,1
02/01/2015,1
02/01/2015,1
02/01/2015,1
02/01/2015,1
02/01/2015,1
02/01/2015,1
02/01/2015,1
02/01/2015,2
02/01/2015,1
02/01/2015,1
02/01/2015,1
02/01/2015,1
02/01/2015,1
02/01/2015,1
02/01/2015,1
02/01/2015,1
02/01/2015,1
02/01/2015,1
02/01/2015,1
02/01/2015,1
02/01/2015,1
02/01/2015,1
02/01/2015,1
02/01/2015,1
02/01/2015,1
02/01/2015,1
02/01/2015,1
02/01/2015,1
02/01/2015,2
02/02/2015,1
02/02/2015,1
02/02/2015,1
02/02/2015,1
02/02/2015,1
02/02/2015,3
02/02/2015,1
02/02/2015,1
02/02/2015,1
02/02/2015,1
02/02/2015,1
02/02/2015,1
02/02/2015,2
02/02/2015,1
02/02/2015,1
02/02/2015,1
02/02/2015,1
02/02/2015,1
02/02/2015,2
02/02/2015,1
02/02/2015,1
02/02/2015,2
02/02/2015,1
02/02/2015,1
02/02/2015,1
02/02/2015,1
02/02/2015,1
02/02/2015,1
02/02/2015,1
02/02/2015,1
02/02/2015,2
02/02/2015,1
02/02/2015,1
02/02/2015,1
02/02/2015,1
02/02/2015,1
02/02/2015,1
02/02/2015,2
02/02/2015,1
02/02/2015,1
02/02/2015,1
02/02/2015,1
02/02/2015,1
02/02/2015,1
02/02/2015,2
02/02/2015,1
02/02/2015,1
02/02/2015,1
02/02/2015,1
02/02/2015,2
02/02/2015,2
02/02/2015,1
02/02/2015,2
02/02/2015,1
02/02/2015,1
02/02/2015,1
02/02/2015,1
02/02/2015,1
02/02/2015,1
02/02/2015,1
02/02/2015,1
02/02/2015,1
02/03/2015,1
02/03/2015,1
02/03/2015,1
02/03/2015,1
02/03/2015,1
02/03/2015,2
02/03/2015,1
02/03/2015,1
02/03/2015,1
02/03/2015,1
02/03/2015,1
02/03/2015,1
02/03/2015,1
02/03/2015,1
02/03/2015,2
02/03/2015,1
02/03/2015,1
02/03/2015,1
02/03/2015,1
02/03/2015,1
02/03/2015,5
02/03/2015,2
02/03/2015,4
02/03/2015,1
02/03/2015,1
02/03/2015,2
02/03/2015,1
02/03/2015,1
02/03/2015,4
02/03/2015,1
02/03/2015,1
02/03/2015,1
02/03/2015,1
02/03/2015,1
02/03/2015,1
02/03/2015,1
02/03/2015,1
02/03/2015,2
02/03/2015,2
02/03/2015,1
02/03/2015,1
02/03/2015,1
02/03/2015,1
02/03/2015,1
02/03/2015,1
02/03/2015,1
02/03/2015,1
02/03/2015,1
02/03/2015,1
02/03/2015,1
02/03/2015,2
02/03/2015,1
02/03/2015,1
02/03/2015,2
02/04/2015,2
02/04/2015,1
02/04/2015,1
02/04/2015,1
02/04/2015,1
02/04/2015,1
02/04/2015,1
02/04/2015,1
02/04/2015,1
02/04/2015,3
02/04/2015,1
02/04/2015,1
02/04/2015,1
02/04/2015,1
02/04/2015,1
02/04/2015,4
02/04/2015,1
02/04/2015,1
02/04/2015,1
02/04/2015,1
02/04/2015,1
02/04/2015,2
02/04/2015,1
02/04/2015,1
02/04/2015,1
02/04/2015,3
02/04/2015,1
02/04/2015,1
02/04/2015,1
02/04/2015,2
02/04/2015,1
02/04/2015,1
02/04/2015,1
02/04/2015,1
02/04/2015,1
02/04/2015,1
02/04/2015,2
02/04/2015,1
02/04/2015,3
02/04/2015,1
02/04/2015,1
02/04/2015,1
02/04/2015,1
02/04/2015,1
02/04/2015,1
02/04/2015,1
02/04/2015,1
02/04/2015,1
02/04/2015,2
02/04/2015,2
02/04/2015,1
02/04/2015,3
02/04/2015,1
02/04/2015,1
02/04/2015,1
02/04/2015,1
02/04/2015,3
02/04/2015,1
02/04/2015,1
02/04/2015,1
02/04/2015,1
02/04/2015,2
02/05/2015,2
02/05/2015,1
02/05/2015,1
02/05/2015,1
02/05/2015,2
02/05/2015,1
02/05/2015,2
02/05/2015,2
02/05/2015,1
02/05/2015,2
02/05/2015,2
02/05/2015,1
02/05/2015,1
02/05/2015,1
02/05/2015,1
02/05/2015,2
02/05/2015,1
02/05/2015,1
02/05/2015,2
02/05/2015,1
02/05/2015,1
02/05/2015,1
02/05/2015,1
02/05/2015,1
02/05/2015,1
02/05/2015,1
02/05/2015,1
02/05/2015,1
02/05/2015,1
02/05/2015,1
02/05/2015,1
02/05/2015,1
02/05/2015,2
02/05/2015,1
02/05/2015,1
02/05/2015,1
02/05/2015,2
02/05/2015,1
02/05/2015,1
02/05/2015,1
02/05/2015,1
02/05/2015,1
02/05/2015,1
02/05/2015,1
02/05/2015,1
02/05/2015,1
02/05/2015,1
02/05/2015,1
02/05/2015,1
02/05/2015,1
02/05/2015,1
02/05/2015,1
02/05/2015,1
02/05/2015,2
02/05/2015,1
02/05/2015,1
02/05/2015,1
02/05/2015,1
02/05/2015,1
02/05/2015,1
02/05/2015,3
02/05/2015,1
02/05/2015,1
02/05/2015,2
02/05/2015,1
02/06/2015,2
02/06/2015,1
02/06/2015,1
02/06/2015,1
02/06/2015,2
02/06/2015,1
02/06/2015,2
02/06/2015,1
02/06/2015,1
02/06/2015,1
02/06/2015,1
02/06/2015,1
02/06/2015,1
02/06/2015,1
02/06/2015,1
02/06/2015,1
02/06/2015,2
02/06/2015,1
02/06/2015,1
02/06/2015,1
02/06/2015,1
02/06/2015,1
02/06/2015,4
02/06/2015,1
02/06/2015,1
02/06/2015,3
02/06/2015,1
02/06/2015,1
02/06/2015,1
02/06/2015,2
02/06/2015,1
02/06/2015,1
02/06/2015,3
02/06/2015,1
02/06/2015,1
02/06/2015,1
02/06/2015,1
02/06/2015,2
02/06/2015,1
02/06/2015,1
02/06/2015,2
02/06/2015,1
02/06/2015,1
02/06/2015,1
02/06/2015,2
02/06/2015,2
02/06/2015,2
02/06/2015,1
02/06/2015,1
02/06/2015,1
02/06/2015,1
02/06/2015,2
02/06/2015,1
02/06/2015,1
02/07/2015,1
02/07/2015,1
02/07/2015,1
02/07/2015,3
02/07/2015,1
02/07/2015,1
02/07/2015,3
02/07/2015,1
02/07/2015,1
02/07/2015,1
02/07/2015,1
02/07/2015,1
02/07/2015,1
02/07/2015,1
02/07/2015,1
02/07/2015,1
02/07/2015,1
02/07/2015,1
02/07/2015,1
02/07/2015,1
02/07/2015,1
02/07/2015,1
02/07/2015,1
02/07/2015,1
02/07/2015,1
02/07/2015,1
02/07/2015,1
02/07/2015,1
02/07/2015,1
02/07/2015,1
02/07/2015,1
02/07/2015,1
02/07/2015,1
02/07/2015,1
02/07/2015,1
02/07/2015,1
02/07/2015,1
02/07/2015,1
02/07/2015,3
02/07/2015,1
02/07/2015,1
02/07/2015,1
02/07/2015,1
02/07/2015,1
02/07/2015,1
02/07/2015,2
02/07/2015,1
02/07/2015,1
02/07/2015,1
02/07/2015,1
02/07/2015,1
02/07/2015,1
02/07/2015,1
02/07/2015,1
02/07/2015,1
02/07/2015,1
02/07/2015,1
02/07/2015,1
02/07/2015,1
02/07/2015,1
02/07/2015,2
02/07/2015,3
02/07/2015,1
02/07/2015,3
02/07/2015,1
02/07/2015,1
02/07/2015,1
02/07/2015,2
02/08/2015,2
02/08/2015,1
02/08/2015,1
02/08/2015,1
02/08/2015,2
02/08/2015,1
02/08/2015,1
02/08/2015,1
02/08/2015,2
02/08/2015,1
02/08/2015,3
02/08/2015,1
02/08/2015,1
02/08/2015,1
02/08/2015,1
02/08/2015,1
02/08/2015,1
02/08/2015,1
02/08/2015,1
02/08/2015,1
02/08/2015,1
02/08/2015,1
02/08/2015,1
02/08/2015,1
02/08/2015,3
02/08/2015,1
02/08/2015,1
02/08/2015,1
02/08/2015,1
02/08/2015,2
02/08/2015,1
02/08/2015,1
02/08/2015,1
02/08/2015,1
02/08/2015,2
02/08/2015,1
02/08/2015,1
02/08/2015,1
02/08/2015,1
02/08/2015,1
02/08/2015,1
02/08/2015,1
02/08/2015,1
02/08/2015,1
02/08/2015,1
02/08/2015,1
02/08/2015,2
02/08/2015,1
02/08/2015,1
02/08/2015,1
02/08/2015,1
02/08/2015,4
02/08/2015,1
02/08/2015,5
02/08/2015,1
02/08/2015,1
02/08/2015,1
02/08/2015,1
02/08/2015,1
02/08/2015,1
02/08/2015,1
02/09/2015,2
02/09/2015,1
02/09/2015,1
02/09/2015,1
02/09/2015,2
02/09/2015,1
02/09/2015,1
02/09/2015,1
02/09/2015,1
02/09/2015,1
02/09/2015,1
02/09/2015,1
02/09/2015,1
02/09/2015,1
02/09/2015,1
02/09/2015,2
02/09/2015,1
02/09/2015,1
02/09/2015,1
02/09/2015,1
02/09/2015,1
02/09/2015,1
02/09/2015,1
02/09/2015,1
02/09/2015,2
02/09/2015,2
02/09/2015,4
02/09/2015,1
02/09/2015,2
02/09/2015,1
02/09/2015,2
02/09/2015,1
02/09/2015,1
02/09/2015,1
02/09/2015,1
02/09/2015,1
02/09/2015,2
02/09/2015,1
02/09/2015,1
02/09/2015,1
02/09/2015,1
02/09/2015,1
02/09/2015,1
02/09/2015,1
02/09/2015,1
02/09/2015,1
02/09/2015,1
02/09/2015,1
02/09/2015,1
02/09/2015,1
02/09/2015,1
02/09/2015,1
02/09/2015,1
02/09/2015,1
02/09/2015,1
02/09/2015,1
02/09/2015,1
02/09/2015,2
02/09/2015,1
02/09/2015,1
02/09/2015,1
02/10/2015,2
02/10/2015,1
02/10/2015,1
02/10/2015,4
02/10/2015,1
02/10/2015,1
02/10/2015,2
02/10/2015,1
02/10/2015,1
02/10/2015,1
02/10/2015,1
02/10/2015,1
02/10/2015,1
02/10/2015,1
02/10/2015,1
02/10/2015,1
02/10/2015,1
02/10/2015,1
02/10/2015,1
02/10/2015,1
02/10/2015,1
02/10/2015,1
02/10/2015,1
02/10/2015,2
02/10/2015,2
02/10/2015,1
02/10/2015,1
02/10/2015,1
02/10/2015,1
02/10/2015,1
02/10/2015,1
02/10/2015,1
02/10/2015,1
02/10/2015,1
02/10/2015,1
02/10/2015,2
02/10/2015,2
02/10/2015,1
02/10/2015,2
02/10/2015,2
02/10/2015,1
02/10/2015,1
02/10/2015,1
02/10/2015,1
02/10/2015,1
02/10/2015,1
02/10/2015,1
02/10/2015,1
02/10/2015,1
02/10/2015,1
02/10/2015,1
02/10/2015,5
02/10/2015,1
02/10/2015,2
02/10/2015,1
02/10/2015,3
02/10/2015,1
02/10/2015,1
02/10/2015,1
02/10/2015,4
02/10/2015,2
02/10/2015,1
02/10/2015,1
02/10/2015,1
02/10/2015,1
02/10/2015,1
02/10/2015,1
02/10/2015,2
02/10/2015,1
02/10/2015,1
02/11/2015,1
02/11/2015,2
02/11/2015,1
02/11/2015,1
02/11/2015,1
02/11/2015,1
02/11/2015,1
02/11/2015,2
02/11/2015,2
02/11/2015,1
02/11/2015,1
02/11/2015,1
02/11/2015,1
02/11/2015,1
02/11/2015,1
02/11/2015,1
02/11/2015,1
02/11/2015,1
02/11/2015,1
02/11/2015,1
02/11/2015,1
02/11/2015,1
02/11/2015,2
02/11/2015,1
02/11/2015,1
02/11/2015,1
02/11/2015,1
02/11/2015,1
02/11/2015,2
02/11/2015,1
02/11/2015,1
02/11/2015,4
02/11/2015,2
02/11/2015,1
02/11/2015,1
02/11/2015,1
02/11/2015,1
02/11/2015,1
02/11/2015,1
02/11/2015,1
02/11/2015,1
02/11/2015,1
02/11/2015,2
02/11/2015,1
02/11/2015,1
02/11/2015,1
02/11/2015,1
02/11/2015,1
02/11/2015,2
02/11/2015,1
02/11/2015,1
02/11/2015,1
02/11/2015,1
02/11/2015,2
02/11/2015,3
02/11/2015,1
02/11/2015,1
02/11/2015,1
02/11/2015,1
02/11/2015,1
02/11/2015,1
02/11/2015,1
02/11/2015,1
02/12/2015,1
02/12/2015,2
02/12/2015,1
02/12/2015,1
02/12/2015,1
02/12/2015,4
02/12/2015,1
02/12/2015,1
02/12/2015,1
02/12/2015,1
02/12/2015,2
02/12/2015,2
02/12/2015,1
02/12/2015,1
02/12/2015,1
02/12/2015,1
02/12/2015,2
02/12/2015,1
02/12/2015,1
02/12/2015,1
02/12/2015,1
02/12/2015,2
02/12/2015,1
02/12/2015,1
02/12/2015,1
02/12/2015,1
02/12/2015,1
02/12/2015,1
02/12/2015,1
02/12/2015,2
02/12/2015,1
02/12/2015,2
02/12/2015,1
02/12/2015,1
02/12/2015,1
02/12/2015,2
02/12/2015,1
02/12/2015,1
02/12/2015,1
02/12/2015,1
02/12/2015,1
02/12/2015,1
02/12/2015,3
02/12/2015,1
02/12/2015,1
02/12/2015,1
02/12/2015,1
02/12/2015,1
02/12/2015,1
02/12/2015,2
02/12/2015,1
02/12/2015,1
02/12/2015,2
02/12/2015,1
02/12/2015,1
02/12/2015,2
02/12/2015,1
02/12/2015,1
02/12/2015,1
02/12/2015,1
02/13/2015,2
02/13/2015,2
02/13/2015,1
02/13/2015,1
02/13/2015,1
02/13/2015,1
02/13/2015,1
02/13/2015,1
02/13/2015,1
02/13/2015,2
02/13/2015,1
02/13/2015,1
02/13/2015,1
02/13/2015,1
02/13/2015,1
02/13/2015,1
02/13/2015,1
02/13/2015,1
02/13/2015,1
02/13/2015,3
02/13/2015,2
02/13/2015,1
02/13/2015,1
02/13/2015,1
02/13/2015,1
02/13/2015,1
02/13/2015,1
02/13/2015,1
02/13/2015,2
02/13/2015,1
02/13/2015,2
02/13/2015,1
02/13/2015,1
02/13/2015,1
02/13/2015,2
02/13/2015,1
02/13/2015,1
02/13/2015,1
02/13/2015,1
02/13/2015,1
02/13/2015,1
02/13/2015,1
02/13/2015,1
02/13/2015,1
02/13/2015,1
02/13/2015,2
02/13/2015,1
02/13/2015,3
02/13/2015,1
02/13/2015,1
02/13/2015,1
02/13/2015,1
02/13/2015,1
02/13/2015,1
02/13/2015,1
02/13/2015,1
02/13/2015,1
02/13/2015,1
02/13/2015,1
02/13/2015,2
02/14/2015,1
02/14/2015,1
02/14/2015,2
02/14/2015,2
02/14/2015,1
02/14/2015,1
02/14/2015,3
02/14/2015,1
02/14/2015,1
02/14/2015,1
02/14/2015,2
02/14/2015,1
02/14/2015,1
02/14/2015,1
02/14/2015,1
02/14/2015,1
02/14/2015,1
02/14/2015,1
02/14/2015,1
02/14/2015,2
02/14/2015,1
02/14/2015,1
02/14/2015,1
02/14/2015,3
02/14/2015,1
02/14/2015,1
02/14/2015,1
02/14/2015,1
02/14/2015,1
02/14/2015,2
02/14/2015,1
02/14/2015,1
02/14/2015,1
02/14/2015,2
02/14/2015,1
02/14/2015,1
02/14/2015,1
02/14/2015,1
02/14/2015,1
02/14/2015,1
02/14/2015,1
02/14/2015,1
02/14/2015,1
02/14/2015,2
02/14/2015,1
02/14/2015,1
02/14/2015,1
02/14/2015,1
02/14/2015,1
02/14/2015,1
02/14/2015,2
02/14/2015,1
02/14/2015,1
02/14/2015,1
02/14/2015,1
02/14/2015,1
02/14/2015,1
02/15/2015,1
02/15/2015,1
02/15/2015,1
02/15/2015,1
02/15/2015,1
02/15/2015,1
02/15/2015,1
02/15/2015,1
02/15/2015,1
02/15/2015,1
02/15/2015,1
02/15/2015,1
02/15/2015,1
02/15/2015,1
02/15/2015,1
02/15/2015,2
02/15/2015,1
02/15/2015,1
02/15/2015,1
02/15/2015,1
02/15/2015,1
02/15/2015,1
02/15/2015,2
02/15/2015,1
02/15/2015,1
02/15/2015,1
02/15/2015,1
02/15/2015,1
02/15/2015,1
02/15/2015,1
02/15/2015,1
02/15/2015,2
02/15/2015,1
02/15/2015,1
02/15/2015,1
02/15/2015,2
02/15/2015,1
02/15/2015,2
02/15/2015,1
02/15/2015,1
02/15/2015,1
02/15/2015,1
02/15/2015,1
02/15/2015,1
02/15/2015,3
02/15/2015,1
02/15/2015,1
02/15/2015,1
02/15/2015,1
02/15/2015,1
02/15/2015,1
02/15/2015,1
02/15/2015,1
02/16/2015,2
02/16/2015,1
02/16/2015,2
02/16/2015,2
02/16/2015,1
02/16/2015,2
02/16/2015,1
02/16/2015,1
02/16/2015,1
02/16/2015,1
02/16/2015,1
02/16/2015,1
02/16/2015,1
02/16/2015,2
02/16/2015,1
02/16/2015,1
02/16/2015,1
02/16/2015,1
02/16/2015,1
02/16/2015,1
02/16/2015,1
02/16/2015,2
02/16/2015,1
02/16/2015,1
02/16/2015,3
02/16/2015,1
02/16/2015,1
02/16/2015,1
02/16/2015,1
02/16/2015,1
02/16/2015,3
02/16/2015,1
02/16/2015,1
02/16/2015,1
02/16/2015,1
02/16/2015,1
02/16/2015,1
02/16/2015,1
02/16/2015,3
02/16/2015,1
02/16/2015,2
02/16/2015,1
02/16/2015,1
02/16/2015,1
02/16/2015,1
02/17/2015,1
02/17/2015,1
02/17/2015,1
02/17/2015,1
02/17/2015,1
02/17/2015,1
02/17/2015,1
02/17/2015,1
02/17/2015,1
02/17/2015,1
02/17/2015,1
02/17/2015,1
02/17/2015,1
02/17/2015,1
02/17/2015,2
02/17/2015,1
02/17/2015,1
02/17/2015,1
02/17/2015,1
02/17/2015,1
02/17/2015,1
02/17/2015,1
02/17/2015,1
02/17/2015,2
02/17/2015,1
02/17/2015,2
02/17/2015,1
02/17/2015,2
02/17/2015,1
02/17/2015,1
02/17/2015,1
02/17/2015,1
02/17/2015,1
02/17/2015,1
02/17/2015,1
02/17/2015,1
02/17/2015,1
02/17/2015,1
02/17/2015,1
02/18/2015,2
02/18/2015,1
02/18/2015,1
02/18/2015,1
02/18/2015,1
02/18/2015,1
02/18/2015,1
02/18/2015,1
02/18/2015,1
02/18/2015,1
02/18/2015,1
02/18/2015,2
02/18/2015,1
02/18/2015,2
02/18/2015,2
02/18/2015,1
02/18/2015,1
02/18/2015,1
02/18/2015,1
02/18/2015,1
02/18/2015,1
02/18/2015,1
02/18/2015,1
02/18/2015,2
02/18/2015,1
02/18/2015,2
02/18/2015,1
02/18/2015,1
02/18/2015,2
02/18/2015,1
02/18/2015,1
02/18/2015,2
02/18/2015,1
02/18/2015,1
02/18/2015,1
02/18/2015,1
02/18/2015,1
02/18/2015,1
02/18/2015,2
02/18/2015,1
02/18/2015,1
02/18/2015,1
02/18/2015,1
02/18/2015,1
02/19/2015,1
02/19/2015,2
02/19/2015,1
02/19/2015,1
02/19/2015,1
02/19/2015,1
02/19/2015,1
02/19/2015,1
02/19/2015,1
02/19/2015,1
02/19/2015,1
02/19/2015,1
02/19/2015,1
02/19/2015,1
02/19/2015,1
02/19/2015,1
02/19/2015,1
02/19/2015,3
02/19/2015,1
02/19/2015,1
02/19/2015,1
02/19/2015,1
02/19/2015,1
02/19/2015,1
02/19/2015,1
02/19/2015,1
02/19/2015,1
02/19/2015,1
02/19/2015,1
02/19/2015,1
02/19/2015,3
02/19/2015,1
02/19/2015,1
02/19/2015,1
02/19/2015,1
02/19/2015,1
02/19/2015,1
02/19/2015,1
02/20/2015,2
02/20/2015,1
02/20/2015,1
02/20/2015,1
02/20/2015,1
02/20/2015,1
02/20/2015,1
02/20/2015,1
02/20/2015,3
02/20/2015,1
02/20/2015,2
02/20/2015,1
02/20/2015,1
02/20/2015,1
02/20/2015,1
02/20/2015,1
02/20/2015,1
02/20/2015,1
02/20/2015,1
02/20/2015,1
02/20/2015,1
02/20/2015,1
02/20/2015,1
02/20/2015,2
02/20/2015,1
02/20/2015,1
02/20/2015,2
02/20/2015,1
02/20/2015,1
02/20/2015,1
02/20/2015,1
02/20/2015,1
02/20/2015,1
02/20/2015,1
02/20/2015,1
02/20/2015,1
02/20/2015,1
02/20/2015,2
02/20/2015,1
02/20/2015,2
02/20/2015,1
02/20/2015,1
02/20/2015,1
02/20/2015,1
02/20/2015,4
02/20/2015,2
02/20/2015,1
02/20/2015,1
02/20/2015,1
02/20/2015,3
02/20/2015,1
02/20/2015,1
02/20/2015,1
02/21/2015,1
02/21/2015,1
02/21/2015,1
02/21/2015,1
02/21/2015,1
02/21/2015,1
02/21/2015,1
02/21/2015,1
02/21/2015,1
02/21/2015,1
02/21/2015,1
02/21/2015,1
02/21/2015,1
02/21/2015,1
02/21/2015,1
02/21/2015,1
02/21/2015,1
02/21/2015,1
02/21/2015,1
02/21/2015,1
02/21/2015,1
02/21/2015,1
02/21/2015,1
02/21/2015,2
02/21/2015,1
02/21/2015,1
02/21/2015,1
02/21/2015,1
02/21/2015,1
02/21/2015,1
02/21/2015,1
02/21/2015,1
02/21/2015,1
02/21/2015,1
02/21/2015,1
02/21/2015,1
02/21/2015,1
02/21/2015,1
02/21/2015,1
02/21/2015,1
02/21/2015,1
02/21/2015,1
02/21/2015,1
02/21/2015,1
02/21/2015,1
02/21/2015,1
02/21/2015,1
02/21/2015,1
02/21/2015,2
02/21/2015,2
02/21/2015,1
02/21/2015,1
02/21/2015,1
02/21/2015,1
02/21/2015,1
02/21/2015,1
02/21/2015,1
02/22/2015,1
02/22/2015,1
02/22/2015,1
02/22/2015,1
02/22/2015,1
02/22/2015,1
02/22/2015,1
02/22/2015,1
02/22/2015,1
02/22/2015,1
02/22/2015,1
02/22/2015,1
02/22/2015,2
02/22/2015,1
02/22/2015,1
02/22/2015,1
02/22/2015,1
02/22/2015,1
02/22/2015,1
02/22/2015,1
02/22/2015,1
02/22/2015,1
02/22/2015,1
02/22/2015,1
02/22/2015,1
02/22/2015,1
02/22/2015,1
02/22/2015,1
02/22/2015,1
02/22/2015,1
02/22/2015,1
02/22/2015,1
02/22/2015,1
02/22/2015,1
02/22/2015,2
02/22/2015,1
02/22/2015,1
02/22/2015,1
02/22/2015,1
02/22/2015,1
02/22/2015,1
02/22/2015,1
02/22/2015,1
02/22/2015,1
02/22/2015,1
02/22/2015,1
02/22/2015,1
02/23/2015,1
02/23/2015,1
02/23/2015,1
02/23/2015,3
02/23/2015,1
02/23/2015,1
02/23/2015,1
02/23/2015,1
02/23/2015,1
02/23/2015,1
02/23/2015,1
02/23/2015,2
02/23/2015,1
02/23/2015,1
02/23/2015,1
02/23/2015,1
02/23/2015,1
02/23/2015,1
02/23/2015,1
02/23/2015,1
02/23/2015,1
02/23/2015,1
02/23/2015,1
02/23/2015,1
02/23/2015,1
02/23/2015,3
02/23/2015,1
02/23/2015,2
02/23/2015,1
02/23/2015,1
02/23/2015,1
02/23/2015,1
02/23/2015,1
02/23/2015,1
02/23/2015,4
02/23/2015,1
02/23/2015,1
02/23/2015,2
02/23/2015,1
02/23/2015,2
02/23/2015,1
02/23/2015,1
02/23/2015,1
02/23/2015,1
02/23/2015,1
02/23/2015,1
02/23/2015,1
02/23/2015,1
02/23/2015,1
02/23/2015,1
02/23/2015,1
02/23/2015,1
02/23/2015,1
02/23/2015,1
02/23/2015,1
02/23/2015,1
02/23/2015,1
02/23/2015,1
02/24/2015,1
02/24/2015,1
02/24/2015,1
02/24/2015,1
02/24/2015,1
02/24/2015,3
02/24/2015,1
02/24/2015,1
02/24/2015,1
02/24/2015,2
02/24/2015,3
02/24/2015,1
02/24/2015,1
02/24/2015,1
02/24/2015,1
02/24/2015,1
02/24/2015,1
02/24/2015,3
02/24/2015,1
02/24/2015,1
02/24/2015,1
02/24/2015,1
02/24/2015,1
02/24/2015,1
02/24/2015,3
02/24/2015,1
02/24/2015,1
02/24/2015,1
02/24/2015,1
02/24/2015,1
02/24/2015,1
02/24/2015,1
02/24/2015,1
02/24/2015,1
02/24/2015,1
02/24/2015,1
02/24/2015,1
02/24/2015,1
02/24/2015,1
02/24/2015,1
02/24/2015,1
02/24/2015,1
02/24/2015,1
02/24/2015,1
02/24/2015,1
02/24/2015,2
02/24/2015,1
02/24/2015,1
02/24/2015,1
02/24/2015,1
02/24/2015,1
02/24/2015,1
02/25/2015,1
02/25/2015,1
02/25/2015,1
02/25/2015,2
02/25/2015,1
02/25/2015,1
02/25/2015,1
02/25/2015,1
02/25/2015,2
02/25/2015,1
02/25/2015,1
02/25/2015,2
02/25/2015,1
02/25/2015,1
02/25/2015,1
02/25/2015,1
02/25/2015,1
02/25/2015,1
02/25/2015,1
02/25/2015,2
02/25/2015,1
02/25/2015,1
02/25/2015,1
02/25/2015,1
02/25/2015,1
02/25/2015,1
02/25/2015,1
02/25/2015,1
02/25/2015,1
02/25/2015,1
02/25/2015,1
02/25/2015,2
02/25/2015,1
02/25/2015,1
02/25/2015,2
02/25/2015,1
02/25/2015,2
02/25/2015,1
02/25/2015,1
02/25/2015,1
02/25/2015,1
02/25/2015,1
02/25/2015,2
02/25/2015,1
02/25/2015,1
02/25/2015,1
02/25/2015,1
02/25/2015,1
02/25/2015,2
02/25/2015,1
02/25/2015,1
02/25/2015,1
02/25/2015,1
02/25/2015,1
02/25/2015,1
02/25/2015,1
02/25/2015,2
02/25/2015,1
02/25/2015,1
02/25/2015,1
02/25/2015,1
02/25/2015,1
02/26/2015,2
02/26/2015,1
02/26/2015,1
02/26/2015,1
02/26/2015,1
02/26/2015,1
02/26/2015,2
02/26/2015,1
02/26/2015,1
02/26/2015,1
02/26/2015,1
02/26/2015,1
02/26/2015,1
02/26/2015,2
02/26/2015,1
02/26/2015,2
02/26/2015,2
02/26/2015,2
02/26/2015,1
02/26/2015,2
02/26/2015,1
02/26/2015,2
02/26/2015,1
02/26/2015,1
02/26/2015,1
02/26/2015,1
02/26/2015,2
02/26/2015,1
02/26/2015,1
02/26/2015,1
02/26/2015,1
02/26/2015,1
02/26/2015,1
02/27/2015,2
02/27/2015,1
02/27/2015,1
02/27/2015,1
02/27/2015,1
02/27/2015,1
02/27/2015,1
02/27/2015,1
02/27/2015,1
02/27/2015,1
02/27/2015,1
02/27/2015,2
02/27/2015,1
02/27/2015,1
02/27/2015,2
02/27/2015,1
02/27/2015,2
02/27/2015,1
02/27/2015,1
02/27/2015,1
02/27/2015,2
02/27/2015,1
02/27/2015,2
02/27/2015,1
02/27/2015,1
02/27/2015,1
02/27/2015,2
02/27/2015,1
02/27/2015,1
02/27/2015,1
02/27/2015,1
02/27/2015,1
02/27/2015,1
02/27/2015,1
02/27/2015,1
02/27/2015,2
02/27/2015,1
02/27/2015,2
02/27/2015,1
02/27/2015,1
02/27/2015,1
02/27/2015,1
02/27/2015,2
02/27/2015,1
02/27/2015,1
02/27/2015,1
02/28/2015,1
02/28/2015,2
02/28/2015,1
02/28/2015,1
02/28/2015,1
02/28/2015,1
02/28/2015,2
02/28/2015,1
02/28/2015,1
02/28/2015,1
02/28/2015,2
02/28/2015,1
02/28/2015,1
02/28/2015,1
02/28/2015,1
02/28/2015,1
02/28/2015,1
02/28/2015,2
02/28/2015,1
02/28/2015,1
02/28/2015,1
02/28/2015,1
02/28/2015,1
02/28/2015,1
02/28/2015,1
02/28/2015,1
02/28/2015,1
02/28/2015,1
02/28/2015,1
02/28/2015,1
02/28/2015,1
02/28/2015,1
02/28/2015,1
02/28/2015,1
02/28/2015,1
02/28/2015,1
02/28/2015,1
02/28/2015,1
02/28/2015,1
02/28/2015,1
02/28/2015,1
02/28/2015,3
02/28/2015,1
02/28/2015,1
02/28/2015,2
02/28/2015,1
02/28/2015,1
02/28/2015,1
02/28/2015,1
02/28/2015,1
02/28/2015,1
02/28/2015,1
02/28/2015,1
02/28/2015,1
02/28/2015,1
02/28/2015,1
02/28/2015,2
02/28/2015,1
02/28/2015,2
02/28/2015,1
02/28/2015,2
02/28/2015,1
02/28/2015,1
02/28/2015,1
02/28/2015,1
02/28/2015,1
02/28/2015,1
03/01/2015,3
03/01/2015,1
03/01/2015,1
03/01/2015,1
03/01/2015,1
03/01/2015,1
03/01/2015,2
03/01/2015,1
03/01/2015,1
03/01/2015,1
03/01/2015,1
03/01/2015,2
03/01/2015,2
03/01/2015,1
03/01/2015,2
03/01/2015,1
03/01/2015,1
03/01/2015,1
03/01/2015,1
03/01/2015,1
03/01/2015,3
03/01/2015,1
03/01/2015,1
03/01/2015,1
03/01/2015,1
03/01/2015,1
03/01/2015,1
03/01/2015,1
03/01/2015,1
03/01/2015,2
03/01/2015,1
03/01/2015,1
03/01/2015,1
03/01/2015,1
03/01/2015,1
03/01/2015,1
03/01/2015,1
03/01/2015,1
03/01/2015,2
03/01/2015,1
03/01/2015,1
03/01/2015,1
03/01/2015,1
03/01/2015,2
03/01/2015,1
03/01/2015,1
03/01/2015,1
03/01/2015,1
03/01/2015,1
03/01/2015,1
03/01/2015,1
03/01/2015,1
03/01/2015,1
03/01/2015,2
03/01/2015,1
03/01/2015,3
03/01/2015,2
03/01/2015,1
03/02/2015,1
03/02/2015,2
03/02/2015,1
03/02/2015,1
03/02/2015,1
03/02/2015,1
03/02/2015,1
03/02/2015,1
03/02/2015,1
03/02/2015,1
03/02/2015,1
03/02/2015,1
03/02/2015,1
03/02/2015,2
03/02/2015,1
03/02/2015,2
03/02/2015,2
03/02/2015,1
03/02/2015,1
03/02/2015,3
03/02/2015,1
03/02/2015,1
03/02/2015,1
03/02/2015,1
03/02/2015,1
03/02/2015,1
03/02/2015,1
03/02/2015,1
03/02/2015,1
03/02/2015,1
03/02/2015,1
03/02/2015,1
03/02/2015,1
03/02/2015,1
03/02/2015,1
03/02/2015,1
03/02/2015,1
03/02/2015,1
03/02/2015,3
03/02/2015,1
03/02/2015,1
03/02/2015,1
03/02/2015,1
03/02/2015,1
03/02/2015,1
03/02/2015,1
03/02/2015,2
03/02/2015,1
03/02/2015,1
03/02/2015,1
03/02/2015,1
03/02/2015,1
03/02/2015,1
03/02/2015,1
03/02/2015,1
03/03/2015,2
03/03/2015,1
03/03/2015,1
03/03/2015,1
03/03/2015,1
03/03/2015,1
03/03/2015,1
03/03/2015,1
03/03/2015,1
03/03/2015,1
03/03/2015,1
03/03/2015,1
03/03/2015,1
03/03/2015,1
03/03/2015,1
03/03/2015,1
03/03/2015,1
03/03/2015,1
03/03/2015,1
03/03/2015,1
03/03/2015,1
03/03/2015,1
03/03/2015,1
03/03/2015,1
03/03/2015,3
03/03/2015,1
03/03/2015,1
03/03/2015,1
03/03/2015,1
03/03/2015,1
03/03/2015,1
03/03/2015,1
03/03/2015,1
03/03/2015,1
03/03/2015,1
03/03/2015,1
03/03/2015,1
03/03/2015,1
03/03/2015,1
03/03/2015,1
03/03/2015,1
03/03/2015,1
03/03/2015,1
03/03/2015,1
03/03/2015,2
03/03/2015,1
03/03/2015,1
03/03/2015,1
03/03/2015,1
03/03/2015,1
03/03/2015,1
03/03/2015,1
03/03/2015,1
03/03/2015,2
03/03/2015,1
03/03/2015,1
03/03/2015,1
03/03/2015,3
03/03/2015,1
03/03/2015,1
03/04/2015,3
03/04/2015,1
03/04/2015,1
03/04/2015,1
03/04/2015,1
03/04/2015,2
03/04/2015,1
03/04/2015,1
03/04/2015,1
03/04/2015,1
03/04/2015,1
03/04/2015,1
03/04/2015,1
03/04/2015,1
03/04/2015,1
03/04/2015,1
03/04/2015,1
03/04/2015,1
03/04/2015,1
03/04/2015,2
03/04/2015,1
03/04/2015,1
03/04/2015,1
03/04/2015,3
03/04/2015,1
03/04/2015,1
03/04/2015,1
03/04/2015,1
03/04/2015,1
03/04/2015,1
03/04/2015,2
03/04/2015,1
03/04/2015,1
03/04/2015,1
03/04/2015,1
03/04/2015,2
03/04/2015,1
03/04/2015,1
03/04/2015,2
03/04/2015,1
03/04/2015,1
03/04/2015,1
03/04/2015,1
03/04/2015,1
03/04/2015,3
03/04/2015,1
03/04/2015,1
03/04/2015,2
03/04/2015,1
03/04/2015,1
03/04/2015,1
03/04/2015,1
03/04/2015,1
03/04/2015,1
03/04/2015,2
03/04/2015,1
03/04/2015,1
03/05/2015,1
03/05/2015,2
03/05/2015,1
03/05/2015,2
03/05/2015,1
03/05/2015,1
03/05/2015,1
03/05/2015,1
03/05/2015,1
03/05/2015,1
03/05/2015,1
03/05/2015,1
03/05/2015,1
03/05/2015,1
03/05/2015,1
03/05/2015,1
03/05/2015,1
03/05/2015,1
03/05/2015,1
03/05/2015,1
03/05/2015,1
03/05/2015,1
03/05/2015,1
03/05/2015,1
03/05/2015,2
03/05/2015,1
03/05/2015,1
03/05/2015,1
03/05/2015,2
03/05/2015,1
03/05/2015,1
03/05/2015,1
03/05/2015,1
03/05/2015,1
03/05/2015,1
03/05/2015,1
03/05/2015,1
03/05/2015,1
03/05/2015,1
03/05/2015,1
03/05/2015,1
03/05/2015,2
03/06/2015,1
03/06/2015,1
03/06/2015,1
03/06/2015,1
03/06/2015,2
03/06/2015,1
03/06/2015,1
03/06/2015,1
03/06/2015,1
03/06/2015,1
03/06/2015,1
03/06/2015,1
03/06/2015,3
03/06/2015,1
03/06/2015,1
03/06/2015,2
03/06/2015,2
03/06/2015,3
03/06/2015,1
03/06/2015,1
03/06/2015,1
03/06/2015,1
03/06/2015,3
03/06/2015,1
03/06/2015,1
03/06/2015,2
03/06/2015,1
03/06/2015,3
03/06/2015,1
03/06/2015,1
03/06/2015,1
03/06/2015,2
03/06/2015,1
03/06/2015,4
03/06/2015,1
03/06/2015,2
03/07/2015,1
03/07/2015,2
03/07/2015,1
03/07/2015,2
03/07/2015,1
03/07/2015,2
03/07/2015,1
03/07/2015,1
03/07/2015,1
03/07/2015,1
03/07/2015,1
03/07/2015,1
03/07/2015,2
03/07/2015,1
03/07/2015,1
03/07/2015,1
03/07/2015,2
03/07/2015,1
03/07/2015,1
03/07/2015,1
03/07/2015,1
03/07/2015,1
03/07/2015,1
03/07/2015,1
03/07/2015,1
03/07/2015,1
03/07/2015,1
03/07/2015,1
03/07/2015,1
03/07/2015,1
03/07/2015,1
03/07/2015,1
03/07/2015,1
03/07/2015,1
03/07/2015,1
03/07/2015,1
03/07/2015,2
03/07/2015,1
03/07/2015,1
03/07/2015,1
03/07/2015,1
03/07/2015,1
03/07/2015,1
03/07/2015,4
03/07/2015,2
03/07/2015,1
03/07/2015,1
03/07/2015,1
03/07/2015,1
03/07/2015,2
03/07/2015,1
03/07/2015,1
03/07/2015,1
03/07/2015,1
03/07/2015,2
03/07/2015,1
03/07/2015,1
03/07/2015,1
03/07/2015,1
03/07/2015,1
03/07/2015,1
03/07/2015,2
03/07/2015,1
03/07/2015,2
03/07/2015,1
03/07/2015,1
03/08/2015,1
03/08/2015,1
03/08/2015,2
03/08/2015,1
03/08/2015,1
03/08/2015,1
03/08/2015,1
03/08/2015,1
03/08/2015,2
03/08/2015,2
03/08/2015,1
03/08/2015,1
03/08/2015,1
03/08/2015,1
03/08/2015,1
03/08/2015,1
03/08/2015,1
03/08/2015,1
03/08/2015,1
03/08/2015,1
03/08/2015,1
03/08/2015,1
03/08/2015,1
03/08/2015,1
03/08/2015,1
03/08/2015,1
03/08/2015,1
03/08/2015,2
03/08/2015,1
03/08/2015,1
03/08/2015,1
03/08/2015,1
03/08/2015,1
03/08/2015,3
03/08/2015,1
03/08/2015,1
03/08/2015,1
03/08/2015,1
03/08/2015,1
03/08/2015,2
03/08/2015,1
03/08/2015,1
03/08/2015,1
03/08/2015,1
03/08/2015,2
03/08/2015,1
03/08/2015,1
03/08/2015,1
03/08/2015,1
03/08/2015,1
03/08/2015,1
03/08/2015,1
03/08/2015,2
03/08/2015,1
03/08/2015,1
03/08/2015,1
03/08/2015,1
03/08/2015,1
03/08/2015,1
03/08/2015,3
03/09/2015,1
03/09/2015,1
03/09/2015,1
03/09/2015,1
03/09/2015,2
03/09/2015,1
03/09/2015,1
03/09/2015,1
03/09/2015,1
03/09/2015,1
03/09/2015,1
03/09/2015,1
03/09/2015,1
03/09/2015,1
03/09/2015,1
03/09/2015,1
03/09/2015,1
03/09/2015,1
03/09/2015,1
03/09/2015,1
03/09/2015,4
03/09/2015,1
03/09/2015,1
03/09/2015,1
03/09/2015,3
03/09/2015,1
03/09/2015,1
03/09/2015,1
03/09/2015,1
03/09/2015,2
03/09/2015,1
03/09/2015,1
03/09/2015,1
03/09/2015,1
03/09/2015,1
03/09/2015,1
03/09/2015,1
03/09/2015,1
03/09/2015,1
03/09/2015,1
03/09/2015,1
03/09/2015,2
03/09/2015,3
03/09/2015,1
03/09/2015,2
03/09/2015,1
03/09/2015,1
03/09/2015,1
03/09/2015,1
03/09/2015,2
03/09/2015,1
03/09/2015,1
03/09/2015,1
03/09/2015,1
03/09/2015,1
03/09/2015,1
03/09/2015,3
03/10/2015,1
03/10/2015,1
03/10/2015,1
03/10/2015,1
03/10/2015,2
03/10/2015,2
03/10/2015,1
03/10/2015,2
03/10/2015,1
03/10/2015,1
03/10/2015,1
03/10/2015,1
03/10/2015,1
03/10/2015,1
03/10/2015,1
03/10/2015,1
03/10/2015,1
03/10/2015,1
03/10/2015,1
03/10/2015,1
03/10/2015,1
03/10/2015,1
03/10/2015,1
03/10/2015,2
03/10/2015,1
03/10/2015,1
03/10/2015,2
03/10/2015,1
03/10/2015,1
03/10/2015,1
03/10/2015,1
03/10/2015,2
03/10/2015,1
03/10/2015,1
03/10/2015,1
03/10/2015,2
03/10/2015,1
03/10/2015,1
03/10/2015,3
03/10/2015,1
03/10/2015,1
03/10/2015,1
03/10/2015,1
03/10/2015,1
03/10/2015,1
03/10/2015,1
03/10/2015,1
03/10/2015,1
03/10/2015,2
03/10/2015,1
03/10/2015,6
03/10/2015,1
03/10/2015,2
03/10/2015,1
03/10/2015,1
03/10/2015,2
03/10/2015,1
03/10/2015,2
03/11/2015,1
03/11/2015,1
03/11/2015,1
03/11/2015,3
03/11/2015,1
03/11/2015,2
03/11/2015,1
03/11/2015,1
03/11/2015,1
03/11/2015,1
03/11/2015,1
03/11/2015,1
03/11/2015,1
03/11/2015,1
03/11/2015,1
03/11/2015,1
03/11/2015,1
03/11/2015,1
03/11/2015,1
03/11/2015,1
03/11/2015,3
03/11/2015,1
03/11/2015,2
03/11/2015,1
03/11/2015,2
03/11/2015,1
03/11/2015,1
03/11/2015,1
03/11/2015,1
03/11/2015,1
03/11/2015,1
03/11/2015,1
03/11/2015,1
03/11/2015,1
03/11/2015,3
03/11/2015,1
03/11/2015,1
03/11/2015,1
03/11/2015,1
03/11/2015,2
03/11/2015,1
03/11/2015,1
03/11/2015,1
03/11/2015,3
03/11/2015,1
03/11/2015,2
03/11/2015,1
03/11/2015,1
03/11/2015,3
03/11/2015,1
03/11/2015,1
03/11/2015,2
03/11/2015,1
03/11/2015,1
03/12/2015,1
03/12/2015,1
03/12/2015,1
03/12/2015,1
03/12/2015,1
03/12/2015,1
03/12/2015,1
03/12/2015,1
03/12/2015,1
03/12/2015,1
03/12/2015,1
03/12/2015,1
03/12/2015,1
03/12/2015,1
03/12/2015,1
03/12/2015,1
03/12/2015,1
03/12/2015,1
03/12/2015,1
03/12/2015,1
03/12/2015,1
03/12/2015,1
03/12/2015,1
03/12/2015,1
03/12/2015,1
03/12/2015,1
03/12/2015,2
03/12/2015,2
03/12/2015,1
03/12/2015,1
03/12/2015,1
03/12/2015,1
03/12/2015,1
03/12/2015,1
03/12/2015,2
03/12/2015,1
03/12/2015,1
03/12/2015,1
03/12/2015,1
03/12/2015,1
03/12/2015,2
03/12/2015,1
03/12/2015,1
03/12/2015,1
03/12/2015,1
03/12/2015,1
03/12/2015,1
03/12/2015,1
03/12/2015,1
03/12/2015,2
03/12/2015,2
03/12/2015,1
03/12/2015,1
03/12/2015,1
03/12/2015,1
03/12/2015,1
03/12/2015,1
03/12/2015,1
03/12/2015,1
03/12/2015,5
03/12/2015,1
03/12/2015,1
03/12/2015,1
03/12/2015,1
03/12/2015,1
03/12/2015,1
03/12/2015,1
03/12/2015,1
03/12/2015,1
03/12/2015,1
03/13/2015,1
03/13/2015,1
03/13/2015,1
03/13/2015,1
03/13/2015,1
03/13/2015,1
03/13/2015,1
03/13/2015,1
03/13/2015,2
03/13/2015,1
03/13/2015,3
03/13/2015,1
03/13/2015,1
03/13/2015,1
03/13/2015,1
03/13/2015,2
03/13/2015,1
03/13/2015,1
03/13/2015,1
03/13/2015,1
03/13/2015,1
03/13/2015,2
03/13/2015,1
03/13/2015,1
03/13/2015,4
03/13/2015,1
03/13/2015,1
03/13/2015,1
03/13/2015,2
03/13/2015,2
03/13/2015,1
03/13/2015,3
03/13/2015,1
03/13/2015,1
03/13/2015,1
03/13/2015,1
03/13/2015,1
03/13/2015,1
03/13/2015,4
03/13/2015,1
03/13/2015,1
03/13/2015,2
03/13/2015,1
03/13/2015,1
03/13/2015,1
03/13/2015,1
03/13/2015,1
03/13/2015,2
03/13/2015,1
03/13/2015,1
03/13/2015,1
03/13/2015,1
03/13/2015,1
03/13/2015,1
03/13/2015,1
03/13/2015,1
03/13/2015,1
03/13/2015,1
03/13/2015,1
03/13/2015,1
03/13/2015,3
03/13/2015,1
03/13/2015,1
03/13/2015,3
03/13/2015,1
03/13/2015,1
03/13/2015,1
03/13/2015,1
03/13/2015,1
03/13/2015,1
03/13/2015,1
03/13/2015,1
03/13/2015,1
03/13/2015,1
03/13/2015,1
03/13/2015,1
03/13/2015,1
03/13/2015,1
03/13/2015,1
03/14/2015,2
03/14/2015,1
03/14/2015,1
03/14/2015,1
03/14/2015,1
03/14/2015,2
03/14/2015,2
03/14/2015,1
03/14/2015,1
03/14/2015,1
03/14/2015,1
03/14/2015,2
03/14/2015,3
03/14/2015,2
03/14/2015,1
03/14/2015,1
03/14/2015,3
03/14/2015,1
03/14/2015,2
03/14/2015,1
03/14/2015,1
03/14/2015,1
03/14/2015,1
03/14/2015,1
03/14/2015,1
03/14/2015,1
03/14/2015,1
03/14/2015,1
03/14/2015,1
03/14/2015,1
03/14/2015,1
03/14/2015,3
03/14/2015,1
03/14/2015,1
03/14/2015,1
03/14/2015,2
03/14/2015,1
03/14/2015,1
03/14/2015,1
03/14/2015,4
03/14/2015,1
03/14/2015,1
03/14/2015,1
03/14/2015,1
03/14/2015,1
03/14/2015,1
03/14/2015,1
03/14/2015,1
03/14/2015,1
03/14/2015,1
03/14/2015,2
03/14/2015,1
03/14/2015,3
03/14/2015,1
03/14/2015,1
03/14/2015,4
03/14/2015,1
03/14/2015,1
03/14/2015,1
03/14/2015,1
03/14/2015,4
03/14/2015,1
03/14/2015,1
03/14/2015,1
03/14/2015,3
03/14/2015,2
03/14/2015,1
03/15/2015,3
03/15/2015,1
03/15/2015,2
03/15/2015,1
03/15/2015,2
03/15/2015,1
03/15/2015,1
03/15/2015,2
03/15/2015,1
03/15/2015,1
03/15/2015,1
03/15/2015,1
03/15/2015,1
03/15/2015,1
03/15/2015,1
03/15/2015,1
03/15/2015,1
03/15/2015,1
03/15/2015,1
03/15/2015,1
03/15/2015,2
03/15/2015,3
03/15/2015,1
03/15/2015,1
03/15/2015,2
03/15/2015,1
03/15/2015,1
03/15/2015,1
03/15/2015,1
03/15/2015,1
03/15/2015,1
03/15/2015,1
03/15/2015,1
03/15/2015,1
03/15/2015,1
03/15/2015,1
03/15/2015,1
03/15/2015,1
03/15/2015,1
03/15/2015,1
03/15/2015,1
03/15/2015,1
03/15/2015,1
03/15/2015,1
03/15/2015,1
03/15/2015,1
03/15/2015,1
03/15/2015,2
03/15/2015,1
03/15/2015,1
03/15/2015,1
03/15/2015,1
03/15/2015,1
03/15/2015,1
03/15/2015,1
03/15/2015,1
03/15/2015,3
03/15/2015,1
03/15/2015,1
03/15/2015,1
03/15/2015,1
03/15/2015,1
03/15/2015,1
03/15/2015,1
03/15/2015,2
03/15/2015,1
03/16/2015,2
03/16/2015,1
03/16/2015,1
03/16/2015,1
03/16/2015,1
03/16/2015,1
03/16/2015,2
03/16/2015,1
03/16/2015,1
03/16/2015,1
03/16/2015,1
03/16/2015,1
03/16/2015,1
03/16/2015,1
03/16/2015,1
03/16/2015,1
03/16/2015,2
03/16/2015,1
03/16/2015,1
03/16/2015,1
03/16/2015,1
03/16/2015,1
03/16/2015,3
03/16/2015,1
03/16/2015,1
03/16/2015,1
03/16/2015,1
03/16/2015,1
03/16/2015,1
03/16/2015,1
03/16/2015,1
03/16/2015,1
03/16/2015,1
03/16/2015,1
03/16/2015,1
03/16/2015,1
03/16/2015,1
03/16/2015,1
03/16/2015,1
03/16/2015,1
03/16/2015,2
03/16/2015,5
03/16/2015,1
03/16/2015,1
03/16/2015,2
03/16/2015,1
03/16/2015,1
03/16/2015,1
03/16/2015,1
03/16/2015,1
03/16/2015,1
03/16/2015,2
03/16/2015,1
03/16/2015,2
03/16/2015,1
03/17/2015,3
03/17/2015,2
03/17/2015,1
03/17/2015,1
03/17/2015,3
03/17/2015,3
03/17/2015,1
03/17/2015,1
03/17/2015,1
03/17/2015,1
03/17/2015,1
03/17/2015,1
03/17/2015,1
03/17/2015,1
03/17/2015,1
03/17/2015,1
03/17/2015,1
03/17/2015,1
03/17/2015,1
03/17/2015,1
03/17/2015,1
03/17/2015,3
03/17/2015,1
03/17/2015,1
03/17/2015,1
03/17/2015,1
03/17/2015,1
03/17/2015,1
03/17/2015,1
03/17/2015,1
03/17/2015,1
03/17/2015,1
03/17/2015,1
03/17/2015,1
03/17/2015,1
03/17/2015,1
03/17/2015,1
03/17/2015,2
03/17/2015,1
03/17/2015,1
03/17/2015,1
03/17/2015,1
03/17/2015,1
03/17/2015,1
03/17/2015,3
03/17/2015,1
03/17/2015,4
03/17/2015,1
03/17/2015,1
03/17/2015,1
03/17/2015,1
03/17/2015,4
03/17/2015,1
03/17/2015,2
03/17/2015,1
03/17/2015,1
03/18/2015,2
03/18/2015,2
03/18/2015,1
03/18/2015,1
03/18/2015,1
03/18/2015,1
03/18/2015,1
03/18/2015,1
03/18/2015,1
03/18/2015,3
03/18/2015,2
03/18/2015,1
03/18/2015,1
03/18/2015,1
03/18/2015,1
03/18/2015,1
03/18/2015,1
03/18/2015,1
03/18/2015,1
03/18/2015,1
03/18/2015,1
03/18/2015,1
03/18/2015,1
03/18/2015,1
03/18/2015,1
03/18/2015,1
03/18/2015,2
03/18/2015,1
03/18/2015,1
03/18/2015,1
03/18/2015,1
03/18/2015,2
03/18/2015,2
03/18/2015,1
03/18/2015,3
03/18/2015,1
03/18/2015,1
03/18/2015,1
03/18/2015,1
03/18/2015,1
03/18/2015,1
03/18/2015,3
03/18/2015,1
03/18/2015,1
03/18/2015,1
03/18/2015,3
03/18/2015,1
03/18/2015,2
03/18/2015,1
03/18/2015,1
03/18/2015,1
03/18/2015,1
03/18/2015,4
03/18/2015,1
03/18/2015,1
03/18/2015,1
03/18/2015,1
03/18/2015,1
03/18/2015,1
03/18/2015,1
03/18/2015,1
03/18/2015,1
03/18/2015,1
03/18/2015,1
03/18/2015,1
03/18/2015,1
03/18/2015,2
03/18/2015,1
03/18/2015,1
03/18/2015,1
03/18/2015,1
03/18/2015,1
03/18/2015,1
03/18/2015,1
03/18/2015,1
03/18/2015,1
03/18/2015,1
03/18/2015,1
03/18/2015,1
03/19/2015,1
03/19/2015,1
03/19/2015,1
03/19/2015,1
03/19/2015,1
03/19/2015,1
03/19/2015,1
03/19/2015,1
03/19/2015,2
03/19/2015,1
03/19/2015,1
03/19/2015,1
03/19/2015,1
03/19/2015,1
03/19/2015,1
03/19/2015,1
03/19/2015,1
03/19/2015,1
03/19/2015,1
03/19/2015,1
03/19/2015,2
03/19/2015,1
03/19/2015,2
03/19/2015,1
03/19/2015,1
03/19/2015,2
03/19/2015,1
03/19/2015,4
03/19/2015,2
03/19/2015,1
03/19/2015,1
03/19/2015,1
03/19/2015,1
03/19/2015,1
03/19/2015,1
03/19/2015,1
03/19/2015,1
03/19/2015,1
03/19/2015,1
03/19/2015,1
03/19/2015,1
03/19/2015,1
03/19/2015,1
03/19/2015,1
03/19/2015,3
03/19/2015,1
03/19/2015,1
03/19/2015,1
03/19/2015,1
03/19/2015,1
03/19/2015,1
03/19/2015,1
03/19/2015,2
03/19/2015,1
03/19/2015,1
03/19/2015,1
03/19/2015,1
03/19/2015,1
03/19/2015,4
03/19/2015,1
03/19/2015,3
03/19/2015,1
03/19/2015,1
03/19/2015,1
03/19/2015,1
03/19/2015,1
03/19/2015,1
03/19/2015,1
03/19/2015,1
03/19/2015,1
03/19/2015,1
03/20/2015,1
03/20/2015,1
03/20/2015,1
03/20/2015,1
03/20/2015,1
03/20/2015,2
03/20/2015,1
03/20/2015,1
03/20/2015,1
03/20/2015,1
03/20/2015,2
03/20/2015,1
03/20/2015,1
03/20/2015,1
03/20/2015,1
03/20/2015,1
03/20/2015,1
03/20/2015,1
03/20/2015,1
03/20/2015,1
03/20/2015,1
03/20/2015,1
03/20/2015,1
03/20/2015,3
03/20/2015,1
03/20/2015,2
03/20/2015,1
03/20/2015,1
03/20/2015,1
03/20/2015,1
03/20/2015,1
03/20/2015,1
03/20/2015,1
03/20/2015,1
03/20/2015,1
03/20/2015,3
03/20/2015,1
03/20/2015,3
03/20/2015,1
03/20/2015,1
03/20/2015,1
03/20/2015,1
03/20/2015,1
03/20/2015,2
03/20/2015,4
03/20/2015,1
03/20/2015,3
03/20/2015,1
03/20/2015,1
03/20/2015,1
03/20/2015,1
03/20/2015,1
03/20/2015,2
03/20/2015,1
03/20/2015,1
03/20/2015,1
03/20/2015,1
03/20/2015,4
03/20/2015,1
03/20/2015,1
03/20/2015,1
03/20/2015,1
03/20/2015,2
03/20/2015,1
03/20/2015,1
03/20/2015,1
03/20/2015,2
03/20/2015,1
03/21/2015,1
03/21/2015,1
03/21/2015,1
03/21/2015,1
03/21/2015,1
03/21/2015,1
03/21/2015,1
03/21/2015,4
03/21/2015,1
03/21/2015,1
03/21/2015,2
03/21/2015,1
03/21/2015,1
03/21/2015,2
03/21/2015,1
03/21/2015,3
03/21/2015,1
03/21/2015,1
03/21/2015,2
03/21/2015,1
03/21/2015,1
03/21/2015,1
03/21/2015,1
03/21/2015,1
03/21/2015,1
03/21/2015,1
03/21/2015,1
03/21/2015,1
03/21/2015,1
03/21/2015,2
03/21/2015,1
03/21/2015,1
03/21/2015,1
03/21/2015,2
03/21/2015,1
03/21/2015,1
03/21/2015,1
03/21/2015,1
03/21/2015,2
03/21/2015,2
03/21/2015,1
03/21/2015,1
03/21/2015,1
03/21/2015,1
03/21/2015,1
03/21/2015,1
03/21/2015,3
03/21/2015,1
03/21/2015,2
03/21/2015,1
03/21/2015,1
03/21/2015,1
03/21/2015,3
03/21/2015,1
03/21/2015,1
03/21/2015,1
03/21/2015,1
03/21/2015,1
03/21/2015,1
03/21/2015,1
03/21/2015,1
03/21/2015,1
03/21/2015,1
03/21/2015,1
03/21/2015,1
03/21/2015,2
03/22/2015,1
03/22/2015,1
03/22/2015,1
03/22/2015,1
03/22/2015,2
03/22/2015,1
03/22/2015,1
03/22/2015,1
03/22/2015,1
03/22/2015,1
03/22/2015,1
03/22/2015,2
03/22/2015,1
03/22/2015,1
03/22/2015,1
03/22/2015,1
03/22/2015,1
03/22/2015,2
03/22/2015,1
03/22/2015,3
03/22/2015,1
03/22/2015,1
03/22/2015,1
03/22/2015,1
03/22/2015,1
03/22/2015,1
03/22/2015,2
03/22/2015,1
03/22/2015,1
03/22/2015,2
03/22/2015,1
03/22/2015,1
03/22/2015,1
03/22/2015,1
03/22/2015,1
03/22/2015,2
03/22/2015,1
03/22/2015,1
03/22/2015,1
03/22/2015,5
03/22/2015,1
03/22/2015,1
03/22/2015,3
03/22/2015,1
03/22/2015,2
03/22/2015,2
03/22/2015,1
03/22/2015,1
03/22/2015,1
03/22/2015,1
03/22/2015,3
03/22/2015,1
03/22/2015,1
03/22/2015,2
03/22/2015,1
03/22/2015,1
03/22/2015,3
03/22/2015,1
03/22/2015,4
03/22/2015,2
03/22/2015,2
03/22/2015,1
03/22/2015,1
03/22/2015,2
03/22/2015,1
03/22/2015,1
03/22/2015,1
03/23/2015,1
03/23/2015,1
03/23/2015,1
03/23/2015,3
03/23/2015,1
03/23/2015,2
03/23/2015,1
03/23/2015,1
03/23/2015,2
03/23/2015,1
03/23/2015,1
03/23/2015,3
03/23/2015,1
03/23/2015,1
03/23/2015,2
03/23/2015,2
03/23/2015,1
03/23/2015,1
03/23/2015,1
03/23/2015,2
03/23/2015,1
03/23/2015,1
03/23/2015,1
03/23/2015,1
03/23/2015,1
03/23/2015,2
03/23/2015,1
03/23/2015,2
03/23/2015,1
03/23/2015,1
03/23/2015,1
03/23/2015,1
03/23/2015,5
03/23/2015,1
03/23/2015,1
03/23/2015,1
03/23/2015,1
03/23/2015,3
03/23/2015,1
03/23/2015,2
03/23/2015,1
03/23/2015,1
03/23/2015,1
03/23/2015,2
03/23/2015,1
03/23/2015,1
03/23/2015,1
03/23/2015,1
03/23/2015,3
03/23/2015,1
03/23/2015,2
03/23/2015,1
03/23/2015,5
03/23/2015,1
03/23/2015,1
03/23/2015,1
03/23/2015,1
03/23/2015,1
03/23/2015,3
03/23/2015,1
03/23/2015,1
03/23/2015,1
03/23/2015,1
03/23/2015,1
03/23/2015,1
03/23/2015,1
03/23/2015,2
03/23/2015,1
03/23/2015,1
03/24/2015,1
03/24/2015,1
03/24/2015,1
03/24/2015,3
03/24/2015,1
03/24/2015,1
03/24/2015,1
03/24/2015,1
03/24/2015,1
03/24/2015,1
03/24/2015,1
03/24/2015,1
03/24/2015,1
03/24/2015,1
03/24/2015,1
03/24/2015,1
03/24/2015,3
03/24/2015,1
03/24/2015,1
03/24/2015,1
03/24/2015,1
03/24/2015,1
03/24/2015,1
03/24/2015,1
03/24/2015,1
03/24/2015,1
03/24/2015,1
03/24/2015,2
03/24/2015,2
03/24/2015,1
03/24/2015,1
03/24/2015,2
03/24/2015,1
03/24/2015,1
03/24/2015,2
03/24/2015,1
03/24/2015,3
03/24/2015,1
03/24/2015,1
03/24/2015,2
03/24/2015,1
03/24/2015,1
03/24/2015,1
03/24/2015,3
03/24/2015,1
03/24/2015,1
03/24/2015,2
03/24/2015,1
03/24/2015,1
03/24/2015,1
03/24/2015,1
03/24/2015,4
03/24/2015,1
03/24/2015,1
03/24/2015,1
03/24/2015,1
03/24/2015,3
03/24/2015,2
03/24/2015,3
03/24/2015,1
03/24/2015,1
03/24/2015,1
03/24/2015,1
03/24/2015,1
03/24/2015,1
03/24/2015,1
03/24/2015,3
03/24/2015,3
03/24/2015,1
03/24/2015,1
03/24/2015,1
03/24/2015,1
03/25/2015,3
03/25/2015,1
03/25/2015,1
03/25/2015,1
03/25/2015,3
03/25/2015,1
03/25/2015,1
03/25/2015,1
03/25/2015,2
03/25/2015,1
03/25/2015,1
03/25/2015,2
03/25/2015,1
03/25/2015,2
03/25/2015,1
03/25/2015,1
03/25/2015,1
03/25/2015,2
03/25/2015,1
03/25/2015,2
03/25/2015,1
03/25/2015,6
03/25/2015,1
03/25/2015,1
03/25/2015,4
03/25/2015,1
03/25/2015,2
03/25/2015,1
03/25/2015,1
03/25/2015,1
03/25/2015,7
03/25/2015,1
03/25/2015,2
03/25/2015,1
03/25/2015,1
03/25/2015,1
03/25/2015,1
03/25/2015,1
03/25/2015,1
03/25/2015,1
03/25/2015,1
03/25/2015,2
03/25/2015,1
03/25/2015,1
03/25/2015,1
03/25/2015,2
03/25/2015,1
03/25/2015,1
03/25/2015,2
03/25/2015,3
03/25/2015,1
03/25/2015,1
03/26/2015,1
03/26/2015,1
03/26/2015,1
03/26/2015,1
03/26/2015,1
03/26/2015,1
03/26/2015,1
03/26/2015,2
03/26/2015,1
03/26/2015,1
03/26/2015,1
03/26/2015,1
03/26/2015,1
03/26/2015,1
03/26/2015,1
03/26/2015,1
03/26/2015,1
03/26/2015,1
03/26/2015,1
03/26/2015,1
03/26/2015,2
03/26/2015,1
03/26/2015,1
03/26/2015,3
03/26/2015,1
03/26/2015,1
03/26/2015,1
03/26/2015,1
03/26/2015,1
03/26/2015,1
03/26/2015,1
03/26/2015,1
03/26/2015,2
03/26/2015,1
03/26/2015,2
03/26/2015,1
03/26/2015,1
03/26/2015,1
03/26/2015,1
03/26/2015,1
03/26/2015,1
03/26/2015,1
03/26/2015,1
03/26/2015,1
03/26/2015,1
03/26/2015,1
03/26/2015,1
03/26/2015,1
03/26/2015,1
03/26/2015,1
03/26/2015,1
03/26/2015,1
03/26/2015,4
03/26/2015,1
03/26/2015,1
03/26/2015,1
03/26/2015,1
03/26/2015,1
03/26/2015,1
03/26/2015,1
03/27/2015,7
03/27/2015,1
03/27/2015,4
03/27/2015,1
03/27/2015,1
03/27/2015,1
03/27/2015,1
03/27/2015,1
03/27/2015,1
03/27/2015,1
03/27/2015,2
03/27/2015,1
03/27/2015,3
03/27/2015,1
03/27/2015,1
03/27/2015,1
03/27/2015,1
03/27/2015,1
03/27/2015,1
03/27/2015,1
03/27/2015,1
03/27/2015,1
03/27/2015,1
03/27/2015,2
03/27/2015,1
03/27/2015,1
03/27/2015,1
03/27/2015,1
03/27/2015,1
03/27/2015,1
03/27/2015,1
03/27/2015,1
03/27/2015,1
03/27/2015,1
03/27/2015,2
03/27/2015,1
03/27/2015,1
03/27/2015,1
03/27/2015,1
03/27/2015,1
03/27/2015,1
03/27/2015,1
03/27/2015,1
03/27/2015,2
03/27/2015,1
03/27/2015,2
03/27/2015,1
03/27/2015,2
03/27/2015,1
03/27/2015,1
03/27/2015,1
03/27/2015,1
03/27/2015,1
03/27/2015,1
03/27/2015,1
03/27/2015,1
03/27/2015,1
03/27/2015,1
03/27/2015,1
03/27/2015,1
03/27/2015,1
03/27/2015,1
03/27/2015,1
03/27/2015,2
03/27/2015,2
03/27/2015,1
03/27/2015,1
03/27/2015,1
03/27/2015,1
03/27/2015,1
03/27/2015,1
03/27/2015,1
03/27/2015,1
03/27/2015,4
03/27/2015,1
03/27/2015,1
03/27/2015,2
03/27/2015,1
03/27/2015,1
03/27/2015,2
03/27/2015,1
03/27/2015,1
03/27/2015,1
03/27/2015,1
03/28/2015,3
03/28/2015,1
03/28/2015,1
03/28/2015,1
03/28/2015,1
03/28/2015,3
03/28/2015,2
03/28/2015,1
03/28/2015,1
03/28/2015,1
03/28/2015,3
03/28/2015,1
03/28/2015,1
03/28/2015,1
03/28/2015,5
03/28/2015,1
03/28/2015,1
03/28/2015,1
03/28/2015,1
03/28/2015,1
03/28/2015,1
03/28/2015,1
03/28/2015,1
03/28/2015,1
03/28/2015,1
03/28/2015,2
03/28/2015,1
03/28/2015,1
03/28/2015,1
03/28/2015,1
03/28/2015,1
03/28/2015,1
03/28/2015,1
03/28/2015,1
03/28/2015,1
03/28/2015,1
03/28/2015,1
03/28/2015,1
03/28/2015,1
03/28/2015,1
03/28/2015,1
03/28/2015,2
03/28/2015,1
03/28/2015,1
03/28/2015,2
03/28/2015,1
03/28/2015,1
03/28/2015,1
03/28/2015,1
03/28/2015,1
03/28/2015,1
03/28/2015,1
03/28/2015,1
03/28/2015,1
03/28/2015,1
03/28/2015,1
03/28/2015,1
03/28/2015,2
03/28/2015,1
03/28/2015,1
03/28/2015,3
03/28/2015,1
03/28/2015,1
03/28/2015,1
03/28/2015,1
03/28/2015,2
03/28/2015,3
03/28/2015,2
03/28/2015,1
03/28/2015,1
03/28/2015,2
03/28/2015,1
03/28/2015,1
03/28/2015,2
03/28/2015,1
03/29/2015,2
03/29/2015,1
03/29/2015,1
03/29/2015,1
03/29/2015,1
03/29/2015,1
03/29/2015,1
03/29/2015,1
03/29/2015,1
03/29/2015,1
03/29/2015,2
03/29/2015,1
03/29/2015,1
03/29/2015,2
03/29/2015,1
03/29/2015,1
03/29/2015,1
03/29/2015,1
03/29/2015,1
03/29/2015,1
03/29/2015,1
03/29/2015,2
03/29/2015,1
03/29/2015,2
03/29/2015,1
03/29/2015,2
03/29/2015,1
03/29/2015,1
03/29/2015,3
03/29/2015,1
03/29/2015,1
03/29/2015,1
03/29/2015,1
03/29/2015,1
03/29/2015,1
03/29/2015,1
03/29/2015,2
03/29/2015,1
03/29/2015,1
03/29/2015,1
03/29/2015,1
03/29/2015,1
03/29/2015,1
03/29/2015,1
03/29/2015,1
03/29/2015,1
03/29/2015,1
03/29/2015,1
03/29/2015,1
03/29/2015,2
03/29/2015,1
03/29/2015,1
03/29/2015,2
03/29/2015,1
03/29/2015,1
03/29/2015,2
03/29/2015,4
03/30/2015,3
03/30/2015,1
03/30/2015,1
03/30/2015,1
03/30/2015,3
03/30/2015,1
03/30/2015,1
03/30/2015,1
03/30/2015,1
03/30/2015,1
03/30/2015,1
03/30/2015,1
03/30/2015,1
03/30/2015,1
03/30/2015,2
03/30/2015,3
03/30/2015,3
03/30/2015,1
03/30/2015,1
03/30/2015,1
03/30/2015,5
03/30/2015,2
03/30/2015,1
03/30/2015,1
03/30/2015,1
03/30/2015,1
03/30/2015,1
03/30/2015,1
03/30/2015,1
03/30/2015,1
03/30/2015,1
03/30/2015,3
03/30/2015,1
03/30/2015,3
03/30/2015,2
03/30/2015,1
03/30/2015,1
03/30/2015,1
03/30/2015,1
03/30/2015,1
03/30/2015,1
03/30/2015,1
03/30/2015,1
03/30/2015,1
03/30/2015,1
03/30/2015,1
03/30/2015,1
03/30/2015,1
03/30/2015,1
03/30/2015,1
03/30/2015,1
03/30/2015,2
03/30/2015,1
03/30/2015,2
03/30/2015,1
03/30/2015,1
03/30/2015,1
03/30/2015,1
03/30/2015,1
03/30/2015,1
03/30/2015,1
03/30/2015,1
03/30/2015,2
03/30/2015,1
03/30/2015,1
03/30/2015,1
03/31/2015,4
03/31/2015,1
03/31/2015,1
03/31/2015,1
03/31/2015,1
03/31/2015,1
03/31/2015,1
03/31/2015,1
03/31/2015,2
03/31/2015,1
03/31/2015,1
03/31/2015,1
03/31/2015,1
03/31/2015,1
03/31/2015,1
03/31/2015,1
03/31/2015,1
03/31/2015,1
03/31/2015,1
03/31/2015,1
03/31/2015,1
03/31/2015,2
03/31/2015,1
03/31/2015,1
03/31/2015,1
03/31/2015,1
03/31/2015,3
03/31/2015,2
03/31/2015,2
03/31/2015,1
03/31/2015,1
03/31/2015,1
03/31/2015,1
03/31/2015,1
03/31/2015,1
03/31/2015,1
03/31/2015,1
03/31/2015,1
03/31/2015,1
03/31/2015,1
03/31/2015,1
03/31/2015,1
03/31/2015,1
03/31/2015,2
03/31/2015,1
03/31/2015,1
03/31/2015,1
03/31/2015,3
03/31/2015,1
03/31/2015,1
03/31/2015,1
03/31/2015,1
03/31/2015,1
03/31/2015,1
03/31/2015,1
03/31/2015,1
03/31/2015,1
03/31/2015,1
03/31/2015,2
03/31/2015,1
03/31/2015,3
04/01/2015,1
04/01/2015,1
04/01/2015,1
04/01/2015,1
04/01/2015,1
04/01/2015,1
04/01/2015,2
04/01/2015,1
04/01/2015,1
04/01/2015,1
04/01/2015,1
04/01/2015,1
04/01/2015,1
04/01/2015,1
04/01/2015,1
04/01/2015,1
04/01/2015,1
04/01/2015,1
04/01/2015,1
04/01/2015,1
04/01/2015,1
04/01/2015,2
04/01/2015,1
04/01/2015,4
04/01/2015,1
04/01/2015,3
04/01/2015,1
04/01/2015,1
04/01/2015,5
04/01/2015,1
04/01/2015,1
04/01/2015,1
04/01/2015,1
04/01/2015,1
04/01/2015,1
04/01/2015,1
04/01/2015,1
04/01/2015,1
04/01/2015,1
04/01/2015,3
04/01/2015,1
04/01/2015,1
04/01/2015,1
04/01/2015,1
04/01/2015,1
04/01/2015,2
04/01/2015,1
04/01/2015,1
04/01/2015,1
04/01/2015,1
04/01/2015,1
04/01/2015,3
04/01/2015,2
04/01/2015,1
04/01/2015,1
04/01/2015,1
04/01/2015,1
04/01/2015,1
04/01/2015,1
04/01/2015,1
04/01/2015,1
04/01/2015,1
04/01/2015,1
04/01/2015,1
04/01/2015,1
04/01/2015,1
04/01/2015,1
04/01/2015,1
04/01/2015,2
04/01/2015,1
04/01/2015,1
04/01/2015,1
04/01/2015,1
04/02/2015,2
04/02/2015,1
04/02/2015,1
04/02/2015,1
04/02/2015,4
04/02/2015,1
04/02/2015,1
04/02/2015,1
04/02/2015,2
04/02/2015,1
04/02/2015,1
04/02/2015,1
04/02/2015,1
04/02/2015,1
04/02/2015,1
04/02/2015,1
04/02/2015,1
04/02/2015,1
04/02/2015,1
04/02/2015,1
04/02/2015,2
04/02/2015,1
04/02/2015,1
04/02/2015,1
04/02/2015,1
04/02/2015,1
04/02/2015,1
04/02/2015,1
04/02/2015,1
04/02/2015,1
04/02/2015,1
04/02/2015,3
04/02/2015,1
04/02/2015,1
04/02/2015,1
04/02/2015,1
04/02/2015,1
04/02/2015,1
04/02/2015,3
04/02/2015,1
04/02/2015,1
04/02/2015,1
04/02/2015,1
04/02/2015,1
04/02/2015,1
04/02/2015,1
04/02/2015,1
04/02/2015,1
04/02/2015,1
04/02/2015,1
04/02/2015,1
04/02/2015,1
04/02/2015,1
04/02/2015,1
04/02/2015,1
04/02/2015,2
04/02/2015,1
04/02/2015,1
04/02/2015,1
04/02/2015,3
04/02/2015,1
04/02/2015,2
04/02/2015,1
04/02/2015,1
04/02/2015,1
04/02/2015,1
04/02/2015,1
04/03/2015,4
04/03/2015,1
04/03/2015,1
04/03/2015,1
04/03/2015,1
04/03/2015,3
04/03/2015,1
04/03/2015,2
04/03/2015,1
04/03/2015,1
04/03/2015,3
04/03/2015,1
04/03/2015,1
04/03/2015,1
04/03/2015,1
04/03/2015,1
04/03/2015,1
04/03/2015,2
04/03/2015,1
04/03/2015,1
04/03/2015,1
04/03/2015,1
04/03/2015,1
04/03/2015,1
04/03/2015,3
04/03/2015,1
04/03/2015,1
04/03/2015,2
04/03/2015,2
04/03/2015,1
04/03/2015,2
04/03/2015,1
04/03/2015,1
04/03/2015,1
04/03/2015,1
04/03/2015,3
04/03/2015,1
04/03/2015,1
04/03/2015,1
04/03/2015,1
04/03/2015,1
04/03/2015,1
04/03/2015,1
04/03/2015,1
04/03/2015,1
04/03/2015,1
04/03/2015,1
04/03/2015,1
04/03/2015,1
04/03/2015,1
04/03/2015,3
04/03/2015,1
04/03/2015,2
04/03/2015,1
04/03/2015,1
04/03/2015,1
04/03/2015,1
04/03/2015,1
04/03/2015,1
04/03/2015,1
04/03/2015,3
04/03/2015,1
04/03/2015,1
04/03/2015,2
04/04/2015,1
04/04/2015,1
04/04/2015,1
04/04/2015,4
04/04/2015,1
04/04/2015,1
04/04/2015,1
04/04/2015,2
04/04/2015,1
04/04/2015,1
04/04/2015,6
04/04/2015,1
04/04/2015,2
04/04/2015,1
04/04/2015,1
04/04/2015,1
04/04/2015,1
04/04/2015,2
04/04/2015,1
04/04/2015,1
04/04/2015,1
04/04/2015,1
04/04/2015,1
04/04/2015,1
04/04/2015,1
04/04/2015,1
04/04/2015,2
04/04/2015,1
04/04/2015,1
04/04/2015,1
04/04/2015,2
04/04/2015,1
04/04/2015,1
04/04/2015,1
04/04/2015,1
04/04/2015,1
04/04/2015,1
04/04/2015,1
04/04/2015,1
04/04/2015,1
04/04/2015,1
04/04/2015,1
04/04/2015,1
04/04/2015,1
04/04/2015,1
04/04/2015,1
04/04/2015,2
04/04/2015,1
04/04/2015,1
04/04/2015,1
04/04/2015,4
04/04/2015,1
04/04/2015,1
04/04/2015,2
04/04/2015,1
04/04/2015,1
04/04/2015,1
04/04/2015,2
04/04/2015,1
04/04/2015,2
04/04/2015,1
04/04/2015,1
04/04/2015,3
04/04/2015,1
04/04/2015,2
04/04/2015,2
04/04/2015,1
04/04/2015,1
04/04/2015,1
04/04/2015,1
04/04/2015,1
04/05/2015,1
04/05/2015,1
04/05/2015,1
04/05/2015,1
04/05/2015,1
04/05/2015,4
04/05/2015,3
04/05/2015,1
04/05/2015,2
04/05/2015,1
04/05/2015,1
04/05/2015,1
04/05/2015,1
04/05/2015,1
04/05/2015,2
04/05/2015,1
04/05/2015,1
04/05/2015,3
04/05/2015,1
04/05/2015,2
04/05/2015,1
04/05/2015,3
04/05/2015,1
04/05/2015,1
04/05/2015,1
04/05/2015,1
04/05/2015,2
04/05/2015,2
04/05/2015,1
04/05/2015,1
04/05/2015,1
04/05/2015,3
04/05/2015,1
04/05/2015,1
04/05/2015,1
04/05/2015,1
04/05/2015,2
04/05/2015,1
04/05/2015,1
04/05/2015,1
04/05/2015,1
04/05/2015,1
04/05/2015,1
04/05/2015,1
04/05/2015,1
04/05/2015,1
04/05/2015,1
04/05/2015,1
04/05/2015,1
04/05/2015,1
04/05/2015,2
04/05/2015,1
04/05/2015,2
04/05/2015,1
04/05/2015,1
04/05/2015,2
04/05/2015,1
04/05/2015,1
04/05/2015,1
04/05/2015,1
04/05/2015,1
04/05/2015,1
04/05/2015,1
04/05/2015,1
04/05/2015,1
04/05/2015,1
04/06/2015,1
04/06/2015,1
04/06/2015,3
04/06/2015,2
04/06/2015,1
04/06/2015,1
04/06/2015,1
04/06/2015,1
04/06/2015,1
04/06/2015,2
04/06/2015,1
04/06/2015,1
04/06/2015,1
04/06/2015,1
04/06/2015,1
04/06/2015,1
04/06/2015,2
04/06/2015,1
04/06/2015,1
04/06/2015,1
04/06/2015,3
04/06/2015,1
04/06/2015,1
04/06/2015,1
04/06/2015,1
04/06/2015,1
04/06/2015,2
04/06/2015,1
04/06/2015,1
04/06/2015,1
04/06/2015,1
04/06/2015,1
04/06/2015,1
04/06/2015,1
04/06/2015,2
04/06/2015,2
04/06/2015,2
04/06/2015,1
04/06/2015,1
04/06/2015,1
04/06/2015,2
04/06/2015,1
04/06/2015,1
04/06/2015,1
04/06/2015,2
04/06/2015,1
04/06/2015,2
04/06/2015,1
04/06/2015,1
04/06/2015,1
04/06/2015,1
04/06/2015,1
04/06/2015,1
04/07/2015,4
04/07/2015,1
04/07/2015,1
04/07/2015,1
04/07/2015,1
04/07/2015,1
04/07/2015,1
04/07/2015,1
04/07/2015,1
04/07/2015,1
04/07/2015,1
04/07/2015,1
04/07/2015,1
04/07/2015,1
04/07/2015,1
04/07/2015,2
04/07/2015,1
04/07/2015,1
04/07/2015,1
04/07/2015,1
04/07/2015,1
04/07/2015,1
04/07/2015,1
04/07/2015,1
04/07/2015,1
04/07/2015,1
04/07/2015,1
04/07/2015,2
04/07/2015,1
04/07/2015,3
04/07/2015,1
04/07/2015,1
04/07/2015,1
04/07/2015,1
04/07/2015,1
04/07/2015,3
04/07/2015,2
04/07/2015,1
04/07/2015,1
04/07/2015,1
04/07/2015,1
04/07/2015,1
04/07/2015,1
04/07/2015,1
04/07/2015,1
04/07/2015,1
04/07/2015,1
04/07/2015,1
04/07/2015,1
04/07/2015,1
04/07/2015,1
04/07/2015,1
04/07/2015,1
04/07/2015,2
04/07/2015,2
04/07/2015,1
04/07/2015,1
04/07/2015,1
04/07/2015,1
04/07/2015,1
04/07/2015,1
04/07/2015,1
04/07/2015,1
04/07/2015,3
04/07/2015,1
04/08/2015,2
04/08/2015,1
04/08/2015,1
04/08/2015,1
04/08/2015,1
04/08/2015,1
04/08/2015,1
04/08/2015,3
04/08/2015,2
04/08/2015,1
04/08/2015,1
04/08/2015,1
04/08/2015,1
04/08/2015,1
04/08/2015,1
04/08/2015,2
04/08/2015,1
04/08/2015,1
04/08/2015,1
04/08/2015,1
04/08/2015,1
04/08/2015,1
04/08/2015,1
04/08/2015,1
04/08/2015,1
04/08/2015,1
04/08/2015,1
04/08/2015,1
04/08/2015,1
04/08/2015,1
04/08/2015,1
04/08/2015,2
04/08/2015,1
04/08/2015,1
04/08/2015,1
04/08/2015,1
04/08/2015,1
04/08/2015,1
04/08/2015,3
04/08/2015,1
04/08/2015,3
04/08/2015,1
04/08/2015,1
04/08/2015,1
04/08/2015,2
04/08/2015,1
04/08/2015,1
04/08/2015,1
04/08/2015,1
04/08/2015,1
04/08/2015,1
04/08/2015,1
04/08/2015,1
04/08/2015,2
04/08/2015,1
04/08/2015,1
04/08/2015,2
04/08/2015,1
04/08/2015,1
04/08/2015,1
04/08/2015,1
04/08/2015,1
04/08/2015,1
04/08/2015,1
04/08/2015,1
04/08/2015,1
04/08/2015,1
04/08/2015,1
04/08/2015,2
04/08/2015,1
04/08/2015,2
04/08/2015,1
04/08/2015,1
04/08/2015,3
04/08/2015,1
04/08/2015,1
04/08/2015,1
04/09/2015,2
04/09/2015,1
04/09/2015,2
04/09/2015,1
04/09/2015,1
04/09/2015,1
04/09/2015,1
04/09/2015,1
04/09/2015,1
04/09/2015,1
04/09/2015,1
04/09/2015,1
04/09/2015,1
04/09/2015,1
04/09/2015,1
04/09/2015,3
04/09/2015,1
04/09/2015,1
04/09/2015,1
04/09/2015,1
04/09/2015,1
04/09/2015,2
04/09/2015,1
04/09/2015,1
04/09/2015,1
04/09/2015,1
04/09/2015,1
04/09/2015,1
04/09/2015,1
04/09/2015,1
04/09/2015,2
04/09/2015,1
04/09/2015,1
04/09/2015,1
04/09/2015,2
04/09/2015,1
04/09/2015,1
04/09/2015,1
04/09/2015,1
04/09/2015,1
04/09/2015,1
04/09/2015,1
04/09/2015,1
04/09/2015,1
04/09/2015,3
04/09/2015,1
04/09/2015,1
04/09/2015,1
04/09/2015,1
04/09/2015,1
04/09/2015,1
04/09/2015,2
04/09/2015,1
04/09/2015,1
04/09/2015,1
04/09/2015,1
04/09/2015,1
04/09/2015,1
04/09/2015,1
04/09/2015,2
04/09/2015,1
04/09/2015,1
04/09/2015,1
04/09/2015,2
04/09/2015,1
04/09/2015,2
04/09/2015,1
04/09/2015,5
04/09/2015,1
04/09/2015,1
04/10/2015,1
04/10/2015,1
04/10/2015,2
04/10/2015,2
04/10/2015,1
04/10/2015,1
04/10/2015,1
04/10/2015,2
04/10/2015,1
04/10/2015,2
04/10/2015,1
04/10/2015,1
04/10/2015,1
04/10/2015,3
04/10/2015,1
04/10/2015,1
04/10/2015,1
04/10/2015,1
04/10/2015,1
04/10/2015,1
04/10/2015,1
04/10/2015,1
04/10/2015,1
04/10/2015,1
04/10/2015,1
04/10/2015,2
04/10/2015,1
04/10/2015,1
04/10/2015,2
04/10/2015,1
04/10/2015,1
04/10/2015,1
04/10/2015,1
04/10/2015,2
04/10/2015,1
04/10/2015,4
04/10/2015,1
04/10/2015,1
04/10/2015,2
04/10/2015,3
04/10/2015,1
04/10/2015,1
04/10/2015,1
04/10/2015,1
04/10/2015,1
04/10/2015,1
04/10/2015,1
04/10/2015,1
04/10/2015,1
04/10/2015,1
04/10/2015,1
04/10/2015,1
04/10/2015,1
04/10/2015,1
04/10/2015,1
04/10/2015,1
04/10/2015,1
04/10/2015,3
04/10/2015,1
04/10/2015,2
04/10/2015,1
04/10/2015,2
04/10/2015,1
04/10/2015,1
04/10/2015,2
04/10/2015,3
04/10/2015,1
04/10/2015,1
04/10/2015,1
04/11/2015,3
04/11/2015,1
04/11/2015,1
04/11/2015,3
04/11/2015,1
04/11/2015,1
04/11/2015,1
04/11/2015,1
04/11/2015,1
04/11/2015,1
04/11/2015,1
04/11/2015,1
04/11/2015,2
04/11/2015,1
04/11/2015,1
04/11/2015,1
04/11/2015,1
04/11/2015,1
04/11/2015,3
04/11/2015,1
04/11/2015,1
04/11/2015,1
04/11/2015,1
04/11/2015,1
04/11/2015,1
04/11/2015,2
04/11/2015,1
04/11/2015,5
04/11/2015,1
04/11/2015,1
04/11/2015,1
04/11/2015,1
04/11/2015,3
04/11/2015,1
04/11/2015,1
04/11/2015,1
04/11/2015,1
04/11/2015,1
04/11/2015,1
04/11/2015,1
04/11/2015,1
04/11/2015,1
04/11/2015,1
04/11/2015,2
04/11/2015,1
04/11/2015,1
04/11/2015,1
04/11/2015,2
04/11/2015,1
04/11/2015,3
04/11/2015,1
04/11/2015,2
04/11/2015,1
04/11/2015,1
04/11/2015,1
04/11/2015,1
04/11/2015,1
04/11/2015,3
04/11/2015,1
04/11/2015,1
04/11/2015,4
04/11/2015,1
04/11/2015,1
04/11/2015,1
04/11/2015,1
04/11/2015,1
04/11/2015,1
04/11/2015,1
04/11/2015,1
04/11/2015,1
04/11/2015,1
04/11/2015,2
04/11/2015,3
04/11/2015,1
04/11/2015,1
04/11/2015,1
04/11/2015,1
04/11/2015,1
04/11/2015,1
04/11/2015,1
04/11/2015,1
04/11/2015,2
04/11/2015,1
04/11/2015,1
04/12/2015,1
04/12/2015,2
04/12/2015,1
04/12/2015,1
04/12/2015,1
04/12/2015,1
04/12/2015,1
04/12/2015,1
04/12/2015,3
04/12/2015,3
04/12/2015,1
04/12/2015,1
04/12/2015,1
04/12/2015,2
04/12/2015,2
04/12/2015,1
04/12/2015,1
04/12/2015,1
04/12/2015,1
04/12/2015,5
04/12/2015,1
04/12/2015,1
04/12/2015,1
04/12/2015,1
04/12/2015,1
04/12/2015,1
04/12/2015,1
04/12/2015,1
04/12/2015,1
04/12/2015,1
04/12/2015,2
04/12/2015,1
04/12/2015,2
04/12/2015,1
04/12/2015,1
04/12/2015,1
04/12/2015,1
04/12/2015,1
04/12/2015,2
04/12/2015,1
04/12/2015,1
04/12/2015,2
04/12/2015,3
04/12/2015,1
04/12/2015,1
04/12/2015,1
04/12/2015,1
04/12/2015,1
04/12/2015,1
04/12/2015,2
04/12/2015,1
04/12/2015,1
04/12/2015,1
04/12/2015,1
04/12/2015,3
04/12/2015,1
04/12/2015,2
04/12/2015,1
04/12/2015,1
04/12/2015,1
04/12/2015,1
04/12/2015,1
04/12/2015,1
04/12/2015,1
04/12/2015,1
04/12/2015,1
04/12/2015,1
04/12/2015,1
04/12/2015,1
04/12/2015,3
04/12/2015,1
04/12/2015,1
04/13/2015,1
04/13/2015,1
04/13/2015,1
04/13/2015,1
04/13/2015,4
04/13/2015,2
04/13/2015,1
04/13/2015,1
04/13/2015,1
04/13/2015,1
04/13/2015,1
04/13/2015,1
04/13/2015,1
04/13/2015,1
04/13/2015,1
04/13/2015,1
04/13/2015,1
04/13/2015,1
04/13/2015,1
04/13/2015,1
04/13/2015,1
04/13/2015,1
04/13/2015,1
04/13/2015,3
04/13/2015,1
04/13/2015,1
04/13/2015,2
04/13/2015,1
04/13/2015,1
04/13/2015,1
04/13/2015,2
04/13/2015,1
04/13/2015,1
04/13/2015,1
04/13/2015,1
04/13/2015,1
04/13/2015,1
04/13/2015,1
04/13/2015,1
04/13/2015,1
04/13/2015,1
04/13/2015,2
04/13/2015,1
04/13/2015,1
04/13/2015,1
04/13/2015,1
04/13/2015,1
04/13/2015,1
04/13/2015,1
04/13/2015,1
04/13/2015,1
04/13/2015,1
04/13/2015,1
04/13/2015,2
04/13/2015,3
04/13/2015,1
04/13/2015,2
04/13/2015,1
04/13/2015,1
04/13/2015,1
04/13/2015,4
04/13/2015,1
04/13/2015,1
04/13/2015,1
04/13/2015,3
04/13/2015,1
04/14/2015,2
04/14/2015,1
04/14/2015,1
04/14/2015,1
04/14/2015,3
04/14/2015,2
04/14/2015,1
04/14/2015,1
04/14/2015,4
04/14/2015,1
04/14/2015,1
04/14/2015,1
04/14/2015,1
04/14/2015,1
04/14/2015,2
04/14/2015,1
04/14/2015,1
04/14/2015,1
04/14/2015,3
04/14/2015,1
04/14/2015,1
04/14/2015,2
04/14/2015,1
04/14/2015,1
04/14/2015,1
04/14/2015,3
04/14/2015,1
04/14/2015,1
04/14/2015,1
04/14/2015,2
04/14/2015,2
04/14/2015,1
04/14/2015,1
04/14/2015,1
04/14/2015,1
04/14/2015,1
04/14/2015,1
04/14/2015,1
04/14/2015,1
04/14/2015,1
04/14/2015,1
04/14/2015,1
04/14/2015,1
04/14/2015,1
04/14/2015,1
04/14/2015,3
04/14/2015,1
04/14/2015,1
04/14/2015,1
04/14/2015,1
04/14/2015,1
04/14/2015,1
04/14/2015,1
04/14/2015,1
04/14/2015,1
04/14/2015,1
04/14/2015,1
04/14/2015,2
04/14/2015,1
04/14/2015,1
04/14/2015,1
04/14/2015,2
04/14/2015,1
04/14/2015,2
04/14/2015,1
04/14/2015,2
04/14/2015,1
04/14/2015,1
04/14/2015,1
04/14/2015,1
04/14/2015,1
04/14/2015,1
04/14/2015,1
04/14/2015,1
04/14/2015,1
04/14/2015,1
04/14/2015,1
04/14/2015,1
04/14/2015,1
04/14/2015,1
04/14/2015,1
04/14/2015,1
04/14/2015,1
04/15/2015,1
04/15/2015,1
04/15/2015,1
04/15/2015,2
04/15/2015,1
04/15/2015,1
04/15/2015,2
04/15/2015,1
04/15/2015,2
04/15/2015,1
04/15/2015,1
04/15/2015,1
04/15/2015,1
04/15/2015,1
04/15/2015,1
04/15/2015,1
04/15/2015,1
04/15/2015,1
04/15/2015,1
04/15/2015,1
04/15/2015,1
04/15/2015,1
04/15/2015,1
04/15/2015,1
04/15/2015,1
04/15/2015,1
04/15/2015,1
04/15/2015,1
04/15/2015,4
04/15/2015,2
04/15/2015,3
04/15/2015,2
04/15/2015,1
04/15/2015,1
04/15/2015,1
04/15/2015,1
04/15/2015,1
04/15/2015,1
04/15/2015,1
04/15/2015,1
04/15/2015,1
04/15/2015,1
04/15/2015,2
04/15/2015,1
04/15/2015,1
04/15/2015,2
04/15/2015,1
04/15/2015,1
04/15/2015,1
04/15/2015,1
04/15/2015,1
04/15/2015,1
04/15/2015,1
04/15/2015,1
04/15/2015,2
04/15/2015,3
04/15/2015,1
04/15/2015,1
04/15/2015,1
04/15/2015,1
04/15/2015,1
04/15/2015,1
04/15/2015,3
04/15/2015,1
04/15/2015,1
04/15/2015,2
04/15/2015,1
04/15/2015,1
04/15/2015,2
04/15/2015,1
04/15/2015,1
04/15/2015,1
04/15/2015,1
04/15/2015,1
04/15/2015,1
04/15/2015,1
04/16/2015,1
04/16/2015,1
04/16/2015,1
04/16/2015,1
04/16/2015,1
04/16/2015,2
04/16/2015,1
04/16/2015,1
04/16/2015,1
04/16/2015,5
04/16/2015,1
04/16/2015,1
04/16/2015,1
04/16/2015,1
04/16/2015,2
04/16/2015,1
04/16/2015,2
04/16/2015,2
04/16/2015,1
04/16/2015,1
04/16/2015,1
04/16/2015,1
04/16/2015,1
04/16/2015,1
04/16/2015,1
04/16/2015,1
04/16/2015,1
04/16/2015,1
04/16/2015,1
04/16/2015,1
04/16/2015,2
04/16/2015,1
04/16/2015,2
04/16/2015,2
04/16/2015,1
04/16/2015,1
04/16/2015,1
04/16/2015,1
04/16/2015,1
04/16/2015,1
04/16/2015,1
04/16/2015,3
04/16/2015,1
04/16/2015,1
04/16/2015,1
04/16/2015,1
04/16/2015,1
04/16/2015,1
04/16/2015,1
04/16/2015,1
04/16/2015,1
04/16/2015,1
04/16/2015,1
04/16/2015,1
04/16/2015,1
04/16/2015,2
04/16/2015,1
04/16/2015,1
04/16/2015,1
04/16/2015,1
04/16/2015,4
04/16/2015,1
04/16/2015,1
04/16/2015,1
04/16/2015,1
04/16/2015,1
04/16/2015,1
04/16/2015,1
04/16/2015,2
04/16/2015,1
04/17/2015,3
04/17/2015,1
04/17/2015,1
04/17/2015,1
04/17/2015,1
04/17/2015,1
04/17/2015,1
04/17/2015,4
04/17/2015,1
04/17/2015,1
04/17/2015,1
04/17/2015,1
04/17/2015,2
04/17/2015,2
04/17/2015,1
04/17/2015,1
04/17/2015,1
04/17/2015,1
04/17/2015,1
04/17/2015,1
04/17/2015,1
04/17/2015,1
04/17/2015,1
04/17/2015,1
04/17/2015,2
04/17/2015,1
04/17/2015,2
04/17/2015,1
04/17/2015,1
04/17/2015,1
04/17/2015,1
04/17/2015,1
04/17/2015,3
04/17/2015,1
04/17/2015,3
04/17/2015,1
04/17/2015,1
04/17/2015,2
04/17/2015,1
04/17/2015,1
04/17/2015,3
04/17/2015,2
04/17/2015,1
04/17/2015,1
04/17/2015,1
04/17/2015,1
04/17/2015,1
04/17/2015,1
04/17/2015,1
04/17/2015,1
04/17/2015,2
04/17/2015,1
04/17/2015,1
04/17/2015,1
04/17/2015,1
04/17/2015,1
04/17/2015,1
04/17/2015,2
04/17/2015,1
04/17/2015,1
04/17/2015,2
04/17/2015,1
04/17/2015,1
04/17/2015,1
04/17/2015,1
04/17/2015,1
04/17/2015,1
04/17/2015,1
04/17/2015,1
04/17/2015,1
04/17/2015,1
04/17/2015,2
04/17/2015,1
04/17/2015,2
04/17/2015,1
04/17/2015,2
04/17/2015,2
04/17/2015,1
04/17/2015,1
04/17/2015,1
04/17/2015,2
04/17/2015,1
04/17/2015,1
04/17/2015,1
04/17/2015,1
04/17/2015,4
04/17/2015,1
04/17/2015,1
04/17/2015,1
04/17/2015,4
04/17/2015,1
04/17/2015,1
04/17/2015,2
04/17/2015,1
04/17/2015,1
04/18/2015,2
04/18/2015,1
04/18/2015,3
04/18/2015,1
04/18/2015,2
04/18/2015,1
04/18/2015,1
04/18/2015,2
04/18/2015,1
04/18/2015,1
04/18/2015,1
04/18/2015,1
04/18/2015,1
04/18/2015,1
04/18/2015,1
04/18/2015,2
04/18/2015,1
04/18/2015,1
04/18/2015,2
04/18/2015,1
04/18/2015,1
04/18/2015,1
04/18/2015,3
04/18/2015,3
04/18/2015,1
04/18/2015,1
04/18/2015,1
04/18/2015,2
04/18/2015,1
04/18/2015,1
04/18/2015,1
04/18/2015,1
04/18/2015,1
04/18/2015,1
04/18/2015,1
04/18/2015,1
04/18/2015,1
04/18/2015,1
04/18/2015,1
04/18/2015,1
04/18/2015,1
04/18/2015,1
04/18/2015,1
04/18/2015,1
04/18/2015,1
04/18/2015,1
04/18/2015,1
04/18/2015,2
04/18/2015,1
04/18/2015,1
04/18/2015,1
04/18/2015,1
04/18/2015,1
04/18/2015,1
04/18/2015,1
04/18/2015,1
04/18/2015,2
04/18/2015,1
04/18/2015,1
04/18/2015,1
04/18/2015,1
04/18/2015,1
04/18/2015,1
04/18/2015,1
04/18/2015,1
04/18/2015,1
04/18/2015,1
04/18/2015,2
04/18/2015,1
04/18/2015,1
04/18/2015,1
04/18/2015,1
04/18/2015,2
04/18/2015,1
04/18/2015,1
04/18/2015,2
04/18/2015,1
04/18/2015,1
04/18/2015,1
04/18/2015,1
04/18/2015,1
04/19/2015,4
04/19/2015,1
04/19/2015,1
04/19/2015,1
04/19/2015,4
04/19/2015,1
04/19/2015,2
04/19/2015,1
04/19/2015,1
04/19/2015,3
04/19/2015,1
04/19/2015,1
04/19/2015,1
04/19/2015,2
04/19/2015,1
04/19/2015,1
04/19/2015,1
04/19/2015,1
04/19/2015,1
04/19/2015,2
04/19/2015,1
04/19/2015,1
04/19/2015,1
04/19/2015,1
04/19/2015,1
04/19/2015,1
04/19/2015,1
04/19/2015,2
04/19/2015,2
04/19/2015,2
04/19/2015,1
04/19/2015,1
04/19/2015,1
04/19/2015,1
04/19/2015,1
04/19/2015,1
04/19/2015,1
04/19/2015,1
04/19/2015,1
04/19/2015,1
04/19/2015,1
04/19/2015,1
04/19/2015,1
04/19/2015,1
04/19/2015,1
04/19/2015,1
04/19/2015,1
04/19/2015,1
04/19/2015,3
04/19/2015,1
04/19/2015,1
04/19/2015,1
04/19/2015,1
04/19/2015,1
04/19/2015,1
04/19/2015,1
04/19/2015,2
04/19/2015,1
04/19/2015,2
04/19/2015,1
04/19/2015,1
04/19/2015,1
04/19/2015,2
04/19/2015,2
04/19/2015,1
04/19/2015,1
04/19/2015,3
04/19/2015,1
04/19/2015,1
04/19/2015,2
04/19/2015,1
04/19/2015,2
04/19/2015,1
04/19/2015,1
04/19/2015,1
04/19/2015,1
04/19/2015,1
04/19/2015,1
04/19/2015,1
04/19/2015,3
04/19/2015,1
04/19/2015,1
04/20/2015,3
04/20/2015,1
04/20/2015,3
04/20/2015,1
04/20/2015,1
04/20/2015,1
04/20/2015,1
04/20/2015,4
04/20/2015,1
04/20/2015,1
04/20/2015,2
04/20/2015,1
04/20/2015,1
04/20/2015,1
04/20/2015,1
04/20/2015,1
04/20/2015,1
04/20/2015,1
04/20/2015,1
04/20/2015,1
04/20/2015,1
04/20/2015,2
04/20/2015,2
04/20/2015,1
04/20/2015,1
04/20/2015,1
04/20/2015,1
04/20/2015,1
04/20/2015,1
04/20/2015,1
04/20/2015,1
04/20/2015,1
04/20/2015,1
04/20/2015,1
04/20/2015,1
04/20/2015,1
04/20/2015,1
04/20/2015,1
04/20/2015,2
04/20/2015,1
04/20/2015,4
04/20/2015,4
04/20/2015,1
04/20/2015,1
04/20/2015,4
04/20/2015,2
04/20/2015,1
04/20/2015,1
04/20/2015,1
04/20/2015,1
04/20/2015,3
04/20/2015,1
04/20/2015,1
04/20/2015,1
04/20/2015,2
04/20/2015,1
04/20/2015,1
04/20/2015,2
04/20/2015,1
04/20/2015,1
04/20/2015,3
04/20/2015,2
04/20/2015,1
04/20/2015,1
04/20/2015,1
04/20/2015,2
04/20/2015,1
04/20/2015,1
04/20/2015,1
04/20/2015,1
04/20/2015,1
04/21/2015,1
04/21/2015,1
04/21/2015,1
04/21/2015,1
04/21/2015,1
04/21/2015,3
04/21/2015,1
04/21/2015,1
04/21/2015,1
04/21/2015,1
04/21/2015,1
04/21/2015,1
04/21/2015,1
04/21/2015,1
04/21/2015,1
04/21/2015,1
04/21/2015,1
04/21/2015,1
04/21/2015,1
04/21/2015,1
04/21/2015,1
04/21/2015,1
04/21/2015,1
04/21/2015,1
04/21/2015,1
04/21/2015,1
04/21/2015,1
04/21/2015,1
04/21/2015,1
04/21/2015,1
04/21/2015,1
04/21/2015,1
04/21/2015,1
04/21/2015,1
04/21/2015,2
04/21/2015,5
04/21/2015,1
04/21/2015,1
04/21/2015,1
04/21/2015,1
04/21/2015,2
04/21/2015,4
04/21/2015,1
04/21/2015,1
04/21/2015,1
04/21/2015,2
04/21/2015,1
04/21/2015,1
04/21/2015,1
04/21/2015,1
04/21/2015,1
04/21/2015,2
04/21/2015,1
04/21/2015,1
04/21/2015,1
04/21/2015,1
04/21/2015,2
04/21/2015,1
04/21/2015,1
04/21/2015,1
04/21/2015,2
04/21/2015,1
04/21/2015,1
04/21/2015,1
04/21/2015,1
04/21/2015,1
04/21/2015,1
04/21/2015,1
04/21/2015,1
04/21/2015,1
04/21/2015,1
04/21/2015,1
04/21/2015,1
04/21/2015,1
04/21/2015,1
04/21/2015,1
04/21/2015,1
04/21/2015,1
04/21/2015,1
04/21/2015,1
04/21/2015,1
04/21/2015,1
04/21/2015,1
04/21/2015,2
04/22/2015,2
04/22/2015,1
04/22/2015,1
04/22/2015,1
04/22/2015,2
04/22/2015,3
04/22/2015,1
04/22/2015,1
04/22/2015,1
04/22/2015,1
04/22/2015,1
04/22/2015,1
04/22/2015,1
04/22/2015,1
04/22/2015,1
04/22/2015,1
04/22/2015,1
04/22/2015,1
04/22/2015,1
04/22/2015,1
04/22/2015,1
04/22/2015,1
04/22/2015,1
04/22/2015,1
04/22/2015,1
04/22/2015,1
04/22/2015,1
04/22/2015,2
04/22/2015,1
04/22/2015,1
04/22/2015,1
04/22/2015,1
04/22/2015,1
04/22/2015,2
04/22/2015,1
04/22/2015,1
04/22/2015,1
04/22/2015,1
04/22/2015,1
04/22/2015,1
04/22/2015,1
04/22/2015,1
04/22/2015,1
04/22/2015,1
04/22/2015,1
04/22/2015,1
04/22/2015,2
04/22/2015,1
04/22/2015,1
04/22/2015,1
04/22/2015,3
04/22/2015,1
04/22/2015,1
04/22/2015,4
04/22/2015,1
04/22/2015,1
04/22/2015,1
04/22/2015,1
04/22/2015,1
04/22/2015,1
04/22/2015,1
04/22/2015,1
04/22/2015,1
04/22/2015,1
04/22/2015,2
04/22/2015,2
04/22/2015,1
04/22/2015,1
04/22/2015,2
04/22/2015,1
04/22/2015,2
04/22/2015,1
04/22/2015,1
04/22/2015,3
04/22/2015,1
04/22/2015,1
04/22/2015,1
04/22/2015,1
04/22/2015,5
04/22/2015,1
04/22/2015,2
04/22/2015,1
04/22/2015,4
04/22/2015,1
04/22/2015,1
04/22/2015,1
04/22/2015,1
04/23/2015,3
04/23/2015,4
04/23/2015,1
04/23/2015,2
04/23/2015,5
04/23/2015,1
04/23/2015,1
04/23/2015,2
04/23/2015,1
04/23/2015,1
04/23/2015,1
04/23/2015,1
04/23/2015,1
04/23/2015,1
04/23/2015,1
04/23/2015,1
04/23/2015,1
04/23/2015,2
04/23/2015,1
04/23/2015,1
04/23/2015,1
04/23/2015,1
04/23/2015,1
04/23/2015,1
04/23/2015,1
04/23/2015,1
04/23/2015,3
04/23/2015,1
04/23/2015,1
04/23/2015,1
04/23/2015,4
04/23/2015,2
04/23/2015,1
04/23/2015,2
04/23/2015,1
04/23/2015,1
04/23/2015,1
04/23/2015,2
04/23/2015,2
04/23/2015,1
04/23/2015,1
04/23/2015,1
04/23/2015,1
04/23/2015,1
04/23/2015,1
04/23/2015,1
04/23/2015,3
04/23/2015,1
04/23/2015,2
04/23/2015,1
04/23/2015,1
04/23/2015,1
04/23/2015,1
04/23/2015,1
04/23/2015,1
04/23/2015,1
04/23/2015,1
04/23/2015,2
04/23/2015,1
04/23/2015,1
04/23/2015,1
04/23/2015,1
04/23/2015,1
04/23/2015,1
04/23/2015,1
04/23/2015,1
04/23/2015,3
04/23/2015,1
04/23/2015,1
04/23/2015,1
04/23/2015,2
04/23/2015,1
04/23/2015,1
04/23/2015,2
04/23/2015,4
04/23/2015,1
04/23/2015,1
04/24/2015,2
04/24/2015,1
04/24/2015,1
04/24/2015,1
04/24/2015,2
04/24/2015,1
04/24/2015,1
04/24/2015,1
04/24/2015,1
04/24/2015,1
04/24/2015,1
04/24/2015,1
04/24/2015,1
04/24/2015,1
04/24/2015,1
04/24/2015,1
04/24/2015,1
04/24/2015,1
04/24/2015,1
04/24/2015,1
04/24/2015,1
04/24/2015,1
04/24/2015,1
04/24/2015,1
04/24/2015,1
04/24/2015,1
04/24/2015,1
04/24/2015,1
04/24/2015,1
04/24/2015,1
04/24/2015,4
04/24/2015,1
04/24/2015,2
04/24/2015,1
04/24/2015,1
04/24/2015,1
04/24/2015,1
04/24/2015,1
04/24/2015,1
04/24/2015,1
04/24/2015,1
04/24/2015,1
04/24/2015,1
04/24/2015,1
04/24/2015,1
04/24/2015,1
04/24/2015,1
04/24/2015,1
04/24/2015,1
04/24/2015,1
04/24/2015,3
04/24/2015,1
04/24/2015,4
04/24/2015,1
04/24/2015,1
04/24/2015,4
04/24/2015,2
04/24/2015,1
04/24/2015,1
04/24/2015,1
04/24/2015,1
04/24/2015,1
04/24/2015,1
04/24/2015,1
04/24/2015,3
04/24/2015,1
04/24/2015,1
04/24/2015,2
04/24/2015,1
04/24/2015,1
04/24/2015,1
04/24/2015,1
04/24/2015,1
04/24/2015,1
04/24/2015,1
04/24/2015,4
04/24/2015,1
04/24/2015,1
04/24/2015,1
04/24/2015,1
04/24/2015,7
04/24/2015,1
04/24/2015,1
04/24/2015,1
04/25/2015,3
04/25/2015,1
04/25/2015,1
04/25/2015,1
04/25/2015,1
04/25/2015,5
04/25/2015,1
04/25/2015,1
04/25/2015,5
04/25/2015,1
04/25/2015,2
04/25/2015,1
04/25/2015,1
04/25/2015,5
04/25/2015,1
04/25/2015,1
04/25/2015,1
04/25/2015,3
04/25/2015,1
04/25/2015,1
04/25/2015,1
04/25/2015,1
04/25/2015,1
04/25/2015,1
04/25/2015,2
04/25/2015,1
04/25/2015,2
04/25/2015,2
04/25/2015,1
04/25/2015,1
04/25/2015,1
04/25/2015,1
04/25/2015,1
04/25/2015,1
04/25/2015,1
04/25/2015,1
04/25/2015,1
04/25/2015,1
04/25/2015,1
04/25/2015,1
04/25/2015,1
04/25/2015,1
04/25/2015,2
04/25/2015,1
04/25/2015,2
04/25/2015,2
04/25/2015,1
04/25/2015,2
04/25/2015,1
04/25/2015,1
04/25/2015,1
04/25/2015,1
04/25/2015,1
04/25/2015,3
04/25/2015,1
04/25/2015,1
04/25/2015,1
04/25/2015,1
04/25/2015,1
04/25/2015,5
04/25/2015,1
04/25/2015,2
04/25/2015,1
04/25/2015,1
04/25/2015,1
04/25/2015,4
04/25/2015,1
04/25/2015,1
04/25/2015,1
04/25/2015,1
04/25/2015,1
04/25/2015,2
04/25/2015,1
04/25/2015,1
04/25/2015,1
04/25/2015,1
04/25/2015,5
04/25/2015,1
04/25/2015,1
04/25/2015,2
04/25/2015,1
04/25/2015,1
04/25/2015,1
04/25/2015,2
04/25/2015,1
04/25/2015,1
04/25/2015,2
04/25/2015,1
04/25/2015,1
04/25/2015,2
04/25/2015,1
04/25/2015,1
04/26/2015,4
04/26/2015,1
04/26/2015,1
04/26/2015,1
04/26/2015,1
04/26/2015,7
04/26/2015,1
04/26/2015,1
04/26/2015,1
04/26/2015,1
04/26/2015,1
04/26/2015,1
04/26/2015,2
04/26/2015,1
04/26/2015,1
04/26/2015,1
04/26/2015,1
04/26/2015,1
04/26/2015,2
04/26/2015,1
04/26/2015,1
04/26/2015,1
04/26/2015,2
04/26/2015,1
04/26/2015,1
04/26/2015,1
04/26/2015,2
04/26/2015,2
04/26/2015,1
04/26/2015,1
04/26/2015,1
04/26/2015,1
04/26/2015,1
04/26/2015,1
04/26/2015,1
04/26/2015,2
04/26/2015,1
04/26/2015,1
04/26/2015,2
04/26/2015,2
04/26/2015,1
04/26/2015,3
04/26/2015,1
04/26/2015,1
04/26/2015,4
04/26/2015,1
04/26/2015,1
04/26/2015,1
04/26/2015,1
04/26/2015,1
04/26/2015,2
04/26/2015,1
04/26/2015,1
04/26/2015,1
04/26/2015,2
04/26/2015,1
04/26/2015,2
04/26/2015,5
04/26/2015,1
04/26/2015,1
04/26/2015,2
04/26/2015,1
04/26/2015,1
04/26/2015,1
04/26/2015,1
04/26/2015,1
04/26/2015,1
04/26/2015,1
04/26/2015,6
04/26/2015,1
04/26/2015,2
04/26/2015,1
04/26/2015,1
04/26/2015,1
04/26/2015,1
04/26/2015,1
04/26/2015,1
04/26/2015,1
04/26/2015,3
04/26/2015,1
04/26/2015,3
04/26/2015,1
04/26/2015,2
04/26/2015,1
04/26/2015,2
04/26/2015,1
04/26/2015,1
04/26/2015,1
04/27/2015,1
04/27/2015,1
04/27/2015,1
04/27/2015,1
04/27/2015,1
04/27/2015,1
04/27/2015,2
04/27/2015,1
04/27/2015,1
04/27/2015,1
04/27/2015,1
04/27/2015,2
04/27/2015,1
04/27/2015,1
04/27/2015,1
04/27/2015,1
04/27/2015,1
04/27/2015,1
04/27/2015,1
04/27/2015,1
04/27/2015,1
04/27/2015,1
04/27/2015,1
04/27/2015,1
04/27/2015,2
04/27/2015,1
04/27/2015,2
04/27/2015,1
04/27/2015,1
04/27/2015,1
04/27/2015,1
04/27/2015,1
04/27/2015,1
04/27/2015,2
04/27/2015,1
04/27/2015,1
04/27/2015,1
04/27/2015,1
04/27/2015,3
04/27/2015,1
04/27/2015,1
04/27/2015,1
04/27/2015,3
04/27/2015,1
04/27/2015,1
04/27/2015,1
04/27/2015,1
04/27/2015,3
04/27/2015,1
04/27/2015,1
04/27/2015,1
04/27/2015,1
04/27/2015,2
04/27/2015,1
04/27/2015,1
04/27/2015,1
04/27/2015,1
04/27/2015,2
04/27/2015,1
04/27/2015,1
04/27/2015,3
04/27/2015,1
04/27/2015,3
04/27/2015,1
04/27/2015,1
04/27/2015,1
04/27/2015,1
04/27/2015,1
04/27/2015,1
04/27/2015,1
04/27/2015,1
04/27/2015,3
04/27/2015,1
04/27/2015,1
04/28/2015,2
04/28/2015,1
04/28/2015,1
04/28/2015,1
04/28/2015,3
04/28/2015,1
04/28/2015,1
04/28/2015,1
04/28/2015,1
04/28/2015,1
04/28/2015,1
04/28/2015,1
04/28/2015,1
04/28/2015,1
04/28/2015,1
04/28/2015,1
04/28/2015,1
04/28/2015,1
04/28/2015,2
04/28/2015,1
04/28/2015,1
04/28/2015,2
04/28/2015,1
04/28/2015,1
04/28/2015,1
04/28/2015,2
04/28/2015,1
04/28/2015,2
04/28/2015,1
04/28/2015,2
04/28/2015,1
04/28/2015,1
04/28/2015,1
04/28/2015,1
04/28/2015,1
04/28/2015,1
04/28/2015,1
04/28/2015,2
04/28/2015,1
04/28/2015,1
04/28/2015,1
04/28/2015,6
04/28/2015,1
04/28/2015,1
04/28/2015,1
04/28/2015,2
04/28/2015,1
04/28/2015,1
04/28/2015,1
04/28/2015,1
04/28/2015,1
04/28/2015,1
04/28/2015,2
04/28/2015,1
04/28/2015,1
04/28/2015,1
04/28/2015,2
04/28/2015,1
04/28/2015,3
04/29/2015,2
04/29/2015,1
04/29/2015,1
04/29/2015,1
04/29/2015,1
04/29/2015,2
04/29/2015,1
04/29/2015,1
04/29/2015,1
04/29/2015,1
04/29/2015,1
04/29/2015,1
04/29/2015,1
04/29/2015,1
04/29/2015,1
04/29/2015,1
04/29/2015,1
04/29/2015,1
04/29/2015,1
04/29/2015,1
04/29/2015,1
04/29/2015,1
04/29/2015,2
04/29/2015,1
04/29/2015,2
04/29/2015,1
04/29/2015,3
04/29/2015,2
04/29/2015,1
04/29/2015,1
04/29/2015,1
04/29/2015,1
04/29/2015,1
04/29/2015,1
04/29/2015,1
04/29/2015,1
04/29/2015,3
04/29/2015,1
04/29/2015,1
04/29/2015,1
04/29/2015,1
04/29/2015,1
04/29/2015,3
04/29/2015,1
04/29/2015,1
04/29/2015,1
04/29/2015,1
04/29/2015,1
04/29/2015,1
04/29/2015,2
04/29/2015,2
04/29/2015,2
04/29/2015,3
04/29/2015,1
04/29/2015,1
04/29/2015,1
04/29/2015,2
04/29/2015,1
04/29/2015,1
04/29/2015,1
04/29/2015,1
04/29/2015,1
04/29/2015,1
04/29/2015,1
04/29/2015,1
04/29/2015,1
04/29/2015,1
04/30/2015,2
04/30/2015,1
04/30/2015,1
04/30/2015,1
04/30/2015,3
04/30/2015,1
04/30/2015,1
04/30/2015,1
04/30/2015,1
04/30/2015,3
04/30/2015,1
04/30/2015,1
04/30/2015,1
04/30/2015,1
04/30/2015,1
04/30/2015,2
04/30/2015,1
04/30/2015,1
04/30/2015,1
04/30/2015,1
04/30/2015,1
04/30/2015,1
04/30/2015,1
04/30/2015,1
04/30/2015,1
04/30/2015,1
04/30/2015,1
04/30/2015,1
04/30/2015,2
04/30/2015,1
04/30/2015,1
04/30/2015,1
04/30/2015,2
04/30/2015,1
04/30/2015,1
04/30/2015,1
04/30/2015,1
04/30/2015,1
04/30/2015,1
04/30/2015,1
04/30/2015,2
04/30/2015,1
04/30/2015,1
04/30/2015,1
04/30/2015,1
04/30/2015,1
04/30/2015,1
04/30/2015,2
04/30/2015,1
04/30/2015,1
04/30/2015,2
04/30/2015,1
04/30/2015,1
04/30/2015,1
04/30/2015,1
04/30/2015,1
04/30/2015,1
04/30/2015,1
04/30/2015,1
04/30/2015,1
04/30/2015,1
04/30/2015,1
04/30/2015,1
04/30/2015,1
04/30/2015,1
04/30/2015,1
04/30/2015,2
04/30/2015,1
04/30/2015,1
04/30/2015,1
04/30/2015,1
04/30/2015,1
04/30/2015,3
04/30/2015,1
04/30/2015,1
04/30/2015,1
04/30/2015,3
04/30/2015,1
04/30/2015,1
04/30/2015,4
04/30/2015,1
04/30/2015,1
04/30/2015,1
04/30/2015,1
04/30/2015,2
04/30/2015,1
04/30/2015,1
04/30/2015,1
04/30/2015,1
05/01/2015,2
05/01/2015,2
05/01/2015,4
05/01/2015,1
05/01/2015,1
05/01/2015,2
05/01/2015,2
05/01/2015,1
05/01/2015,1
05/01/2015,1
05/01/2015,2
05/01/2015,1
05/01/2015,1
05/01/2015,1
05/01/2015,1
05/01/2015,1
05/01/2015,1
05/01/2015,1
05/01/2015,1
05/01/2015,1
05/01/2015,1
05/01/2015,1
05/01/2015,1
05/01/2015,1
05/01/2015,1
05/01/2015,1
05/01/2015,1
05/01/2015,1
05/01/2015,1
05/01/2015,1
05/01/2015,3
05/01/2015,8
05/01/2015,1
05/01/2015,1
05/01/2015,2
05/01/2015,2
05/01/2015,1
05/01/2015,1
05/01/2015,3
05/01/2015,1
05/01/2015,1
05/01/2015,1
05/01/2015,1
05/01/2015,1
05/01/2015,1
05/01/2015,1
05/01/2015,1
05/01/2015,1
05/01/2015,1
05/01/2015,2
05/01/2015,1
05/01/2015,1
05/01/2015,1
05/01/2015,4
05/01/2015,1
05/01/2015,1
05/01/2015,1
05/01/2015,1
05/01/2015,3
05/01/2015,2
05/01/2015,3
05/01/2015,2
05/01/2015,1
05/01/2015,3
05/01/2015,1
05/01/2015,2
05/01/2015,1
05/01/2015,1
05/01/2015,1
05/01/2015,1
05/02/2015,1
05/02/2015,1
05/02/2015,1
05/02/2015,3
05/02/2015,1
05/02/2015,1
05/02/2015,1
05/02/2015,3
05/02/2015,2
05/02/2015,2
05/02/2015,4
05/02/2015,1
05/02/2015,1
05/02/2015,2
05/02/2015,1
05/02/2015,3
05/02/2015,1
05/02/2015,1
05/02/2015,2
05/02/2015,1
05/02/2015,1
05/02/2015,2
05/02/2015,1
05/02/2015,1
05/02/2015,1
05/02/2015,1
05/02/2015,2
05/02/2015,2
05/02/2015,1
05/02/2015,1
05/02/2015,1
05/02/2015,1
05/02/2015,1
05/02/2015,1
05/02/2015,1
05/02/2015,1
05/02/2015,2
05/02/2015,1
05/02/2015,1
05/02/2015,2
05/02/2015,1
05/02/2015,1
05/02/2015,1
05/02/2015,1
05/02/2015,1
05/02/2015,3
05/02/2015,3
05/02/2015,1
05/02/2015,1
05/02/2015,1
05/02/2015,1
05/02/2015,1
05/02/2015,1
05/02/2015,1
05/02/2015,3
05/02/2015,1
05/02/2015,2
05/02/2015,1
05/02/2015,2
05/02/2015,2
05/02/2015,1
05/02/2015,8
05/02/2015,1
05/02/2015,1
05/02/2015,1
05/02/2015,2
05/02/2015,1
05/02/2015,3
05/02/2015,1
05/02/2015,1
05/02/2015,7
05/02/2015,1
05/02/2015,1
05/03/2015,2
05/03/2015,1
05/03/2015,1
05/03/2015,1
05/03/2015,1
05/03/2015,1
05/03/2015,1
05/03/2015,1
05/03/2015,5
05/03/2015,1
05/03/2015,1
05/03/2015,1
05/03/2015,1
05/03/2015,1
05/03/2015,2
05/03/2015,1
05/03/2015,1
05/03/2015,1
05/03/2015,2
05/03/2015,1
05/03/2015,1
05/03/2015,2
05/03/2015,1
05/03/2015,1
05/03/2015,1
05/03/2015,1
05/03/2015,1
05/03/2015,1
05/03/2015,1
05/03/2015,1
05/03/2015,1
05/03/2015,1
05/03/2015,1
05/03/2015,1
05/03/2015,1
05/03/2015,1
05/03/2015,4
05/03/2015,2
05/03/2015,1
05/03/2015,1
05/03/2015,1
05/03/2015,1
05/03/2015,1
05/03/2015,1
05/03/2015,1
05/03/2015,1
05/03/2015,1
05/03/2015,1
05/03/2015,2
05/03/2015,1
05/03/2015,1
05/03/2015,1
05/03/2015,1
05/03/2015,3
05/03/2015,1
05/03/2015,1
05/03/2015,1
05/03/2015,1
05/03/2015,1
05/03/2015,1
05/03/2015,1
05/03/2015,1
05/03/2015,1
05/03/2015,1
05/03/2015,1
05/03/2015,2
05/03/2015,1
05/03/2015,1
05/03/2015,1
05/03/2015,2
05/03/2015,1
05/03/2015,1
05/03/2015,1
05/03/2015,5
05/03/2015,2
05/03/2015,1
05/03/2015,1
05/03/2015,1
05/03/2015,1
05/04/2015,3
05/04/2015,1
05/04/2015,1
05/04/2015,1
05/04/2015,2
05/04/2015,1
05/04/2015,1
05/04/2015,1
05/04/2015,1
05/04/2015,3
05/04/2015,2
05/04/2015,1
05/04/2015,1
05/04/2015,1
05/04/2015,1
05/04/2015,1
05/04/2015,1
05/04/2015,1
05/04/2015,1
05/04/2015,1
05/04/2015,1
05/04/2015,1
05/04/2015,1
05/04/2015,1
05/04/2015,1
05/04/2015,2
05/04/2015,1
05/04/2015,1
05/04/2015,1
05/04/2015,2
05/04/2015,2
05/04/2015,1
05/04/2015,1
05/04/2015,1
05/04/2015,2
05/04/2015,1
05/04/2015,1
05/04/2015,1
05/04/2015,1
05/04/2015,1
05/04/2015,3
05/04/2015,1
05/04/2015,1
05/04/2015,3
05/04/2015,1
05/04/2015,1
05/04/2015,2
05/04/2015,1
05/04/2015,1
05/04/2015,1
05/04/2015,1
05/04/2015,1
05/04/2015,2
05/04/2015,1
05/04/2015,1
05/04/2015,1
05/04/2015,1
05/04/2015,2
05/04/2015,1
05/04/2015,1
05/04/2015,1
05/04/2015,1
05/04/2015,1
05/05/2015,3
05/05/2015,1
05/05/2015,1
05/05/2015,1
05/05/2015,1
05/05/2015,1
05/05/2015,1
05/05/2015,1
05/05/2015,1
05/05/2015,1
05/05/2015,1
05/05/2015,1
05/05/2015,1
05/05/2015,1
05/05/2015,1
05/05/2015,1
05/05/2015,1
05/05/2015,1
05/05/2015,2
05/05/2015,1
05/05/2015,1
05/05/2015,1
05/05/2015,1
05/05/2015,1
05/05/2015,1
05/05/2015,1
05/05/2015,2
05/05/2015,1
05/05/2015,1
05/05/2015,2
05/05/2015,1
05/05/2015,1
05/05/2015,1
05/05/2015,1
05/05/2015,2
05/05/2015,1
05/05/2015,1
05/05/2015,1
05/05/2015,1
05/05/2015,1
05/05/2015,1
05/05/2015,1
05/05/2015,2
05/05/2015,1
05/05/2015,1
05/05/2015,1
05/05/2015,1
05/05/2015,1
05/05/2015,1
05/05/2015,1
05/05/2015,1
05/05/2015,2
05/05/2015,1
05/05/2015,1
05/05/2015,1
05/05/2015,1
05/05/2015,1
05/05/2015,2
05/05/2015,1
05/05/2015,2
05/05/2015,2
05/05/2015,1
05/05/2015,1
05/05/2015,1
05/05/2015,1
05/05/2015,1
05/05/2015,1
05/05/2015,2
05/05/2015,1
05/05/2015,1
05/05/2015,2
05/05/2015,1
05/05/2015,1
05/05/2015,4
05/05/2015,1
05/05/2015,1
05/05/2015,1
05/06/2015,3
05/06/2015,1
05/06/2015,1
05/06/2015,1
05/06/2015,1
05/06/2015,1
05/06/2015,1
05/06/2015,2
05/06/2015,1
05/06/2015,1
05/06/2015,3
05/06/2015,1
05/06/2015,1
05/06/2015,1
05/06/2015,2
05/06/2015,3
05/06/2015,1
05/06/2015,2
05/06/2015,1
05/06/2015,1
05/06/2015,1
05/06/2015,1
05/06/2015,1
05/06/2015,1
05/06/2015,1
05/06/2015,1
05/06/2015,1
05/06/2015,2
05/06/2015,1
05/06/2015,1
05/06/2015,1
05/06/2015,1
05/06/2015,1
05/06/2015,1
05/06/2015,1
05/06/2015,1
05/06/2015,1
05/06/2015,1
05/06/2015,4
05/06/2015,2
05/06/2015,2
05/06/2015,1
05/06/2015,1
05/06/2015,1
05/06/2015,1
05/06/2015,2
05/06/2015,1
05/06/2015,1
05/06/2015,1
05/06/2015,1
05/06/2015,3
05/06/2015,1
05/06/2015,1
05/06/2015,1
05/06/2015,1
05/06/2015,2
05/06/2015,2
05/06/2015,1
05/06/2015,1
05/06/2015,1
05/06/2015,1
05/06/2015,1
05/06/2015,1
05/06/2015,1
05/06/2015,1
05/06/2015,3
05/06/2015,1
05/06/2015,2
05/06/2015,4
05/06/2015,2
05/06/2015,2
05/06/2015,1
05/06/2015,2
05/07/2015,1
05/07/2015,1
05/07/2015,1
05/07/2015,1
05/07/2015,1
05/07/2015,1
05/07/2015,1
05/07/2015,1
05/07/2015,1
05/07/2015,2
05/07/2015,1
05/07/2015,1
05/07/2015,1
05/07/2015,3
05/07/2015,1
05/07/2015,1
05/07/2015,1
05/07/2015,1
05/07/2015,1
05/07/2015,1
05/07/2015,1
05/07/2015,2
05/07/2015,1
05/07/2015,3
05/07/2015,1
05/07/2015,1
05/07/2015,1
05/07/2015,1
05/07/2015,1
05/07/2015,1
05/07/2015,1
05/07/2015,1
05/07/2015,1
05/07/2015,1
05/07/2015,1
05/07/2015,2
05/07/2015,1
05/07/2015,1
05/07/2015,1
05/07/2015,1
05/07/2015,1
05/07/2015,1
05/07/2015,1
05/07/2015,1
05/07/2015,1
05/07/2015,2
05/07/2015,1
05/07/2015,2
05/07/2015,5
05/07/2015,5
05/07/2015,1
05/07/2015,1
05/07/2015,1
05/07/2015,1
05/07/2015,1
05/07/2015,1
05/07/2015,1
05/07/2015,1
05/07/2015,1
05/07/2015,2
05/07/2015,1
05/07/2015,5
05/07/2015,1
05/07/2015,1
05/07/2015,1
05/07/2015,5
05/07/2015,1
05/07/2015,1
05/07/2015,1
05/07/2015,1
05/07/2015,1
05/08/2015,1
05/08/2015,1
05/08/2015,1
05/08/2015,1
05/08/2015,1
05/08/2015,2
05/08/2015,1
05/08/2015,1
05/08/2015,1
05/08/2015,1
05/08/2015,1
05/08/2015,1
05/08/2015,1
05/08/2015,1
05/08/2015,1
05/08/2015,1
05/08/2015,1
05/08/2015,1
05/08/2015,1
05/08/2015,3
05/08/2015,1
05/08/2015,2
05/08/2015,1
05/08/2015,2
05/08/2015,1
05/08/2015,1
05/08/2015,3
05/08/2015,1
05/08/2015,1
05/08/2015,1
05/08/2015,1
05/08/2015,1
05/08/2015,2
05/08/2015,2
05/08/2015,1
05/08/2015,1
05/08/2015,2
05/08/2015,1
05/08/2015,1
05/08/2015,1
05/08/2015,4
05/08/2015,1
05/08/2015,1
05/08/2015,1
05/08/2015,4
05/08/2015,1
05/08/2015,1
05/08/2015,1
05/08/2015,1
05/08/2015,1
05/08/2015,1
05/08/2015,1
05/08/2015,1
05/08/2015,1
05/08/2015,1
05/08/2015,2
05/08/2015,1
05/08/2015,1
05/08/2015,1
05/08/2015,1
05/08/2015,1
05/08/2015,1
05/08/2015,7
05/08/2015,1
05/08/2015,4
05/08/2015,1
05/08/2015,1
05/08/2015,1
05/08/2015,1
05/09/2015,5
05/09/2015,1
05/09/2015,1
05/09/2015,1
05/09/2015,1
05/09/2015,1
05/09/2015,1
05/09/2015,1
05/09/2015,1
05/09/2015,1
05/09/2015,1
05/09/2015,3
05/09/2015,1
05/09/2015,2
05/09/2015,1
05/09/2015,2
05/09/2015,1
05/09/2015,1
05/09/2015,1
05/09/2015,1
05/09/2015,1
05/09/2015,1
05/09/2015,2
05/09/2015,1
05/09/2015,1
05/09/2015,1
05/09/2015,1
05/09/2015,1
05/09/2015,1
05/09/2015,1
05/09/2015,2
05/09/2015,2
05/09/2015,1
05/09/2015,2
05/09/2015,1
05/09/2015,1
05/09/2015,1
05/09/2015,1
05/09/2015,2
05/09/2015,1
05/09/2015,1
05/09/2015,1
05/09/2015,1
05/09/2015,3
05/09/2015,1
05/09/2015,1
05/09/2015,1
05/09/2015,1
05/09/2015,1
05/09/2015,1
05/09/2015,1
05/09/2015,4
05/09/2015,1
05/09/2015,2
05/09/2015,1
05/09/2015,1
05/09/2015,2
05/09/2015,3
05/09/2015,1
05/09/2015,1
05/09/2015,1
05/09/2015,1
05/09/2015,1
05/09/2015,1
05/09/2015,1
05/09/2015,3
05/09/2015,1
05/09/2015,2
05/09/2015,1
05/09/2015,1
05/09/2015,2
05/09/2015,1
05/09/2015,2
05/09/2015,1
05/09/2015,4
05/09/2015,1
05/09/2015,1
05/10/2015,2
05/10/2015,1
05/10/2015,1
05/10/2015,2
05/10/2015,1
05/10/2015,1
05/10/2015,2
05/10/2015,1
05/10/2015,1
05/10/2015,1
05/10/2015,2
05/10/2015,3
05/10/2015,1
05/10/2015,1
05/10/2015,4
05/10/2015,1
05/10/2015,1
05/10/2015,1
05/10/2015,2
05/10/2015,2
05/10/2015,1
05/10/2015,1
05/10/2015,4
05/10/2015,1
05/10/2015,1
05/10/2015,1
05/10/2015,1
05/10/2015,1
05/10/2015,1
05/10/2015,1
05/10/2015,2
05/10/2015,1
05/10/2015,1
05/10/2015,1
05/10/2015,1
05/10/2015,1
05/10/2015,2
05/10/2015,1
05/10/2015,1
05/10/2015,3
05/10/2015,2
05/10/2015,1
05/10/2015,1
05/10/2015,1
05/10/2015,1
05/10/2015,1
05/10/2015,1
05/10/2015,4
05/10/2015,1
05/10/2015,1
05/10/2015,1
05/10/2015,1
05/10/2015,3
05/10/2015,1
05/10/2015,1
05/10/2015,1
05/10/2015,1
05/10/2015,2
05/10/2015,1
05/10/2015,2
05/10/2015,1
05/10/2015,1
05/10/2015,1
05/10/2015,1
05/10/2015,2
05/10/2015,1
05/10/2015,2
05/10/2015,1
05/10/2015,2
05/10/2015,1
05/10/2015,1
05/10/2015,4
05/10/2015,1
05/10/2015,2
05/10/2015,1
05/10/2015,1
05/11/2015,1
05/11/2015,2
05/11/2015,1
05/11/2015,1
05/11/2015,1
05/11/2015,2
05/11/2015,1
05/11/2015,2
05/11/2015,1
05/11/2015,1
05/11/2015,1
05/11/2015,1
05/11/2015,1
05/11/2015,1
05/11/2015,1
05/11/2015,1
05/11/2015,1
05/11/2015,1
05/11/2015,1
05/11/2015,4
05/11/2015,1
05/11/2015,1
05/11/2015,1
05/11/2015,1
05/11/2015,1
05/11/2015,2
05/11/2015,1
05/11/2015,1
05/11/2015,1
05/11/2015,1
05/11/2015,2
05/11/2015,1
05/11/2015,1
05/11/2015,1
05/11/2015,1
05/11/2015,1
05/11/2015,1
05/11/2015,2
05/11/2015,1
05/11/2015,1
05/11/2015,1
05/11/2015,1
05/11/2015,1
05/11/2015,1
05/11/2015,1
05/11/2015,1
05/11/2015,1
05/11/2015,5
05/11/2015,1
05/11/2015,1
05/11/2015,1
05/11/2015,1
05/11/2015,1
05/11/2015,2
05/11/2015,1
05/11/2015,1
05/11/2015,1
05/11/2015,3
05/11/2015,1
05/11/2015,2
05/11/2015,1
05/11/2015,1
05/11/2015,1
05/12/2015,2
05/12/2015,1
05/12/2015,1
05/12/2015,3
05/12/2015,1
05/12/2015,1
05/12/2015,1
05/12/2015,1
05/12/2015,2
05/12/2015,1
05/12/2015,1
05/12/2015,1
05/12/2015,1
05/12/2015,1
05/12/2015,1
05/12/2015,2
05/12/2015,1
05/12/2015,1
05/12/2015,1
05/12/2015,1
05/12/2015,1
05/12/2015,1
05/12/2015,1
05/12/2015,1
05/12/2015,1
05/12/2015,1
05/12/2015,1
05/12/2015,1
05/12/2015,1
05/12/2015,1
05/12/2015,1
05/12/2015,1
05/12/2015,1
05/12/2015,1
05/12/2015,2
05/12/2015,4
05/12/2015,1
05/12/2015,1
05/12/2015,1
05/12/2015,1
05/12/2015,3
05/12/2015,1
05/12/2015,1
05/12/2015,2
05/12/2015,1
05/12/2015,1
05/12/2015,2
05/12/2015,1
05/12/2015,1
05/12/2015,3
05/12/2015,1
05/12/2015,1
05/12/2015,3
05/12/2015,1
05/12/2015,1
05/12/2015,1
05/12/2015,1
05/12/2015,1
05/12/2015,2
05/12/2015,1
05/12/2015,1
05/12/2015,1
05/12/2015,2
05/12/2015,1
05/12/2015,1
05/12/2015,1
05/12/2015,1
05/12/2015,1
05/12/2015,1
05/12/2015,1
05/12/2015,2
05/12/2015,1
05/12/2015,1
05/12/2015,1
05/12/2015,1
05/12/2015,1
05/12/2015,1
05/13/2015,1
05/13/2015,2
05/13/2015,1
05/13/2015,2
05/13/2015,1
05/13/2015,1
05/13/2015,1
05/13/2015,3
05/13/2015,1
05/13/2015,1
05/13/2015,2
05/13/2015,1
05/13/2015,1
05/13/2015,1
05/13/2015,1
05/13/2015,3
05/13/2015,2
05/13/2015,1
05/13/2015,1
05/13/2015,2
05/13/2015,2
05/13/2015,1
05/13/2015,1
05/13/2015,1
05/13/2015,1
05/13/2015,1
05/13/2015,1
05/13/2015,1
05/13/2015,1
05/13/2015,1
05/13/2015,1
05/13/2015,1
05/13/2015,1
05/13/2015,3
05/13/2015,1
05/13/2015,1
05/13/2015,1
05/13/2015,1
05/13/2015,4
05/13/2015,1
05/13/2015,1
05/13/2015,1
05/13/2015,1
05/13/2015,2
05/13/2015,1
05/13/2015,1
05/13/2015,1
05/13/2015,1
05/13/2015,1
05/13/2015,1
05/13/2015,1
05/13/2015,1
05/13/2015,1
05/13/2015,1
05/13/2015,1
05/13/2015,2
05/13/2015,1
05/13/2015,1
05/13/2015,1
05/13/2015,1
05/13/2015,2
05/13/2015,1
05/13/2015,4
05/13/2015,1
05/13/2015,1
05/13/2015,1
05/13/2015,1
05/13/2015,1
05/13/2015,1
05/13/2015,1
05/13/2015,1
05/13/2015,1
05/13/2015,1
05/13/2015,2
05/13/2015,1
05/13/2015,1
05/14/2015,2
05/14/2015,1
05/14/2015,1
05/14/2015,1
05/14/2015,1
05/14/2015,1
05/14/2015,3
05/14/2015,1
05/14/2015,1
05/14/2015,1
05/14/2015,3
05/14/2015,1
05/14/2015,1
05/14/2015,1
05/14/2015,1
05/14/2015,1
05/14/2015,1
05/14/2015,1
05/14/2015,1
05/14/2015,1
05/14/2015,1
05/14/2015,1
05/14/2015,2
05/14/2015,1
05/14/2015,1
05/14/2015,2
05/14/2015,1
05/14/2015,1
05/14/2015,4
05/14/2015,1
05/14/2015,1
05/14/2015,2
05/14/2015,1
05/14/2015,1
05/14/2015,1
05/14/2015,1
05/14/2015,1
05/14/2015,2
05/14/2015,2
05/14/2015,1
05/14/2015,1
05/14/2015,2
05/14/2015,1
05/14/2015,1
05/14/2015,1
05/14/2015,4
05/14/2015,2
05/14/2015,1
05/14/2015,1
05/14/2015,1
05/14/2015,1
05/14/2015,1
05/14/2015,1
05/14/2015,1
05/14/2015,2
05/14/2015,2
05/14/2015,2
05/14/2015,1
05/14/2015,1
05/14/2015,2
05/14/2015,1
05/14/2015,1
05/14/2015,1
05/14/2015,1
05/14/2015,1
05/14/2015,1
05/14/2015,1
05/14/2015,1
05/14/2015,1
05/14/2015,1
05/14/2015,2
05/14/2015,1
05/14/2015,2
05/14/2015,1
05/15/2015,4
05/15/2015,1
05/15/2015,1
05/15/2015,1
05/15/2015,1
05/15/2015,1
05/15/2015,3
05/15/2015,1
05/15/2015,1
05/15/2015,1
05/15/2015,2
05/15/2015,1
05/15/2015,1
05/15/2015,1
05/15/2015,1
05/15/2015,1
05/15/2015,3
05/15/2015,1
05/15/2015,2
05/15/2015,4
05/15/2015,1
05/15/2015,1
05/15/2015,1
05/15/2015,1
05/15/2015,1
05/15/2015,1
05/15/2015,1
05/15/2015,2
05/15/2015,2
05/15/2015,1
05/15/2015,1
05/15/2015,1
05/15/2015,1
05/15/2015,2
05/15/2015,1
05/15/2015,1
05/15/2015,1
05/15/2015,1
05/15/2015,3
05/15/2015,1
05/15/2015,1
05/15/2015,1
05/15/2015,2
05/15/2015,1
05/15/2015,1
05/15/2015,2
05/15/2015,1
05/15/2015,1
05/15/2015,2
05/15/2015,1
05/15/2015,2
05/15/2015,1
05/15/2015,1
05/15/2015,1
05/15/2015,1
05/15/2015,2
05/15/2015,1
05/15/2015,3
05/15/2015,1
05/15/2015,3
05/15/2015,3
05/15/2015,1
05/15/2015,1
05/15/2015,1
05/15/2015,1
05/15/2015,3
05/15/2015,1
05/15/2015,1
05/15/2015,1
05/15/2015,1
05/15/2015,1
05/15/2015,1
05/15/2015,6
05/15/2015,4
05/15/2015,2
05/16/2015,7
05/16/2015,2
05/16/2015,3
05/16/2015,1
05/16/2015,1
05/16/2015,1
05/16/2015,1
05/16/2015,1
05/16/2015,1
05/16/2015,5
05/16/2015,1
05/16/2015,1
05/16/2015,1
05/16/2015,1
05/16/2015,2
05/16/2015,1
05/16/2015,1
05/16/2015,1
05/16/2015,1
05/16/2015,2
05/16/2015,1
05/16/2015,2
05/16/2015,1
05/16/2015,1
05/16/2015,1
05/16/2015,2
05/16/2015,1
05/16/2015,1
05/16/2015,1
05/16/2015,1
05/16/2015,1
05/16/2015,1
05/16/2015,1
05/16/2015,2
05/16/2015,1
05/16/2015,2
05/16/2015,1
05/16/2015,1
05/16/2015,1
05/16/2015,1
05/16/2015,4
05/16/2015,1
05/16/2015,1
05/16/2015,1
05/16/2015,1
05/16/2015,2
05/16/2015,1
05/16/2015,1
05/16/2015,1
05/16/2015,1
05/16/2015,1
05/16/2015,1
05/16/2015,1
05/16/2015,2
05/16/2015,2
05/16/2015,1
05/16/2015,1
05/16/2015,1
05/16/2015,5
05/16/2015,2
05/16/2015,3
05/16/2015,1
05/16/2015,1
05/16/2015,2
05/16/2015,1
05/16/2015,1
05/16/2015,1
05/16/2015,1
05/16/2015,1
05/16/2015,1
05/16/2015,1
05/17/2015,4
05/17/2015,1
05/17/2015,3
05/17/2015,1
05/17/2015,1
05/17/2015,1
05/17/2015,1
05/17/2015,1
05/17/2015,1
05/17/2015,1
05/17/2015,1
05/17/2015,1
05/17/2015,1
05/17/2015,1
05/17/2015,1
05/17/2015,2
05/17/2015,2
05/17/2015,1
05/17/2015,1
05/17/2015,1
05/17/2015,1
05/17/2015,1
05/17/2015,1
05/17/2015,1
05/17/2015,1
05/17/2015,3
05/17/2015,3
05/17/2015,1
05/17/2015,1
05/17/2015,1
05/17/2015,1
05/17/2015,1
05/17/2015,2
05/17/2015,1
05/17/2015,2
05/17/2015,1
05/17/2015,1
05/17/2015,2
05/17/2015,1
05/17/2015,1
05/17/2015,1
05/17/2015,2
05/17/2015,2
05/17/2015,1
05/17/2015,3
05/17/2015,2
05/17/2015,1
05/17/2015,1
05/17/2015,2
05/17/2015,1
05/17/2015,7
05/17/2015,1
05/17/2015,1
05/17/2015,1
05/17/2015,1
05/17/2015,1
05/17/2015,1
05/17/2015,1
05/17/2015,1
05/17/2015,1
05/17/2015,1
05/17/2015,1
05/17/2015,2
05/17/2015,1
05/17/2015,1
05/17/2015,1
05/17/2015,1
05/17/2015,1
05/17/2015,1
05/17/2015,2
05/17/2015,1
05/17/2015,4
05/17/2015,1
05/17/2015,1
05/17/2015,1
05/17/2015,1
05/17/2015,1
05/17/2015,2
05/17/2015,1
05/17/2015,1
05/17/2015,2
05/18/2015,2
05/18/2015,1
05/18/2015,1
05/18/2015,2
05/18/2015,3
05/18/2015,2
05/18/2015,1
05/18/2015,4
05/18/2015,1
05/18/2015,2
05/18/2015,1
05/18/2015,1
05/18/2015,1
05/18/2015,2
05/18/2015,1
05/18/2015,1
05/18/2015,1
05/18/2015,1
05/18/2015,1
05/18/2015,1
05/18/2015,1
05/18/2015,1
05/18/2015,1
05/18/2015,1
05/18/2015,2
05/18/2015,1
05/18/2015,1
05/18/2015,3
05/18/2015,1
05/18/2015,1
05/18/2015,1
05/18/2015,1
05/18/2015,2
05/18/2015,1
05/18/2015,1
05/18/2015,3
05/18/2015,1
05/18/2015,1
05/18/2015,1
05/18/2015,1
05/18/2015,2
05/18/2015,1
05/18/2015,1
05/18/2015,1
05/18/2015,1
05/18/2015,1
05/18/2015,1
05/18/2015,1
05/18/2015,2
05/18/2015,1
05/18/2015,3
05/18/2015,1
05/18/2015,1
05/18/2015,2
05/18/2015,1
05/18/2015,1
05/18/2015,1
05/18/2015,2
05/18/2015,2
05/18/2015,1
05/18/2015,1
05/18/2015,2
05/18/2015,1
05/18/2015,4
05/18/2015,1
05/18/2015,2
05/18/2015,1
05/18/2015,2
05/18/2015,2
05/18/2015,1
05/18/2015,2
05/18/2015,4
05/18/2015,1
05/18/2015,1
05/18/2015,1
05/18/2015,1
05/18/2015,2
05/18/2015,1
05/18/2015,1
05/18/2015,1
05/18/2015,1
05/18/2015,1
05/19/2015,3
05/19/2015,1
05/19/2015,5
05/19/2015,1
05/19/2015,2
05/19/2015,1
05/19/2015,1
05/19/2015,1
05/19/2015,1
05/19/2015,1
05/19/2015,2
05/19/2015,1
05/19/2015,1
05/19/2015,1
05/19/2015,1
05/19/2015,1
05/19/2015,1
05/19/2015,1
05/19/2015,1
05/19/2015,4
05/19/2015,1
05/19/2015,1
05/19/2015,4
05/19/2015,1
05/19/2015,1
05/19/2015,1
05/19/2015,1
05/19/2015,1
05/19/2015,2
05/19/2015,1
05/19/2015,2
05/19/2015,1
05/19/2015,1
05/19/2015,1
05/19/2015,2
05/19/2015,1
05/19/2015,1
05/19/2015,1
05/19/2015,1
05/19/2015,1
05/19/2015,1
05/19/2015,1
05/19/2015,1
05/19/2015,1
05/19/2015,1
05/19/2015,1
05/19/2015,1
05/19/2015,1
05/19/2015,2
05/19/2015,1
05/19/2015,1
05/19/2015,1
05/19/2015,1
05/19/2015,2
05/19/2015,1
05/19/2015,2
05/19/2015,1
05/19/2015,1
05/19/2015,1
05/19/2015,1
05/19/2015,1
05/19/2015,1
05/19/2015,1
05/19/2015,1
05/19/2015,1
05/19/2015,1
05/19/2015,1
05/19/2015,1
05/19/2015,1
05/19/2015,1
05/19/2015,5
05/19/2015,2
05/19/2015,1
05/19/2015,2
05/19/2015,3
05/19/2015,1
05/19/2015,3
05/19/2015,1
05/19/2015,3
05/19/2015,5
05/19/2015,3
05/19/2015,1
05/19/2015,1
05/19/2015,1
05/20/2015,3
05/20/2015,1
05/20/2015,2
05/20/2015,4
05/20/2015,1
05/20/2015,1
05/20/2015,1
05/20/2015,1
05/20/2015,3
05/20/2015,1
05/20/2015,1
05/20/2015,1
05/20/2015,3
05/20/2015,1
05/20/2015,1
05/20/2015,1
05/20/2015,1
05/20/2015,2
05/20/2015,1
05/20/2015,2
05/20/2015,3
05/20/2015,1
05/20/2015,2
05/20/2015,1
05/20/2015,1
05/20/2015,1
05/20/2015,1
05/20/2015,2
05/20/2015,1
05/20/2015,1
05/20/2015,3
05/20/2015,1
05/20/2015,1
05/20/2015,1
05/20/2015,1
05/20/2015,1
05/20/2015,1
05/20/2015,1
05/20/2015,2
05/20/2015,1
05/20/2015,1
05/20/2015,1
05/20/2015,1
05/20/2015,2
05/20/2015,1
05/20/2015,1
05/20/2015,1
05/20/2015,1
05/20/2015,2
05/20/2015,1
05/20/2015,1
05/20/2015,1
05/20/2015,1
05/20/2015,1
05/20/2015,4
05/20/2015,1
05/20/2015,1
05/20/2015,1
05/20/2015,1
05/20/2015,1
05/20/2015,1
05/20/2015,1
05/20/2015,1
05/20/2015,1
05/20/2015,3
05/20/2015,1
05/20/2015,1
05/20/2015,1
05/20/2015,1
05/20/2015,1
05/20/2015,2
05/20/2015,1
05/20/2015,1
05/20/2015,1
05/20/2015,4
05/20/2015,2
05/20/2015,1
05/20/2015,1
05/20/2015,1
05/21/2015,1
05/21/2015,1
05/21/2015,1
05/21/2015,1
05/21/2015,2
05/21/2015,1
05/21/2015,1
05/21/2015,1
05/21/2015,2
05/21/2015,1
05/21/2015,1
05/21/2015,3
05/21/2015,1
05/21/2015,1
05/21/2015,2
05/21/2015,1
05/21/2015,1
05/21/2015,1
05/21/2015,1
05/21/2015,1
05/21/2015,1
05/21/2015,1
05/21/2015,1
05/21/2015,1
05/21/2015,1
05/21/2015,1
05/21/2015,1
05/21/2015,1
05/21/2015,1
05/21/2015,1
05/21/2015,1
05/21/2015,1
05/21/2015,1
05/21/2015,1
05/21/2015,1
05/21/2015,1
05/21/2015,1
05/21/2015,1
05/21/2015,1
05/21/2015,1
05/21/2015,2
05/21/2015,1
05/21/2015,1
05/21/2015,1
05/21/2015,1
05/21/2015,1
05/21/2015,1
05/21/2015,3
05/21/2015,1
05/21/2015,1
05/21/2015,1
05/21/2015,1
05/21/2015,1
05/21/2015,1
05/21/2015,3
05/21/2015,1
05/21/2015,2
05/21/2015,1
05/21/2015,1
05/21/2015,1
05/21/2015,1
05/21/2015,1
05/21/2015,1
05/21/2015,1
05/21/2015,2
05/21/2015,1
05/21/2015,1
05/21/2015,3
05/21/2015,1
05/21/2015,1
05/21/2015,1
05/21/2015,2
05/21/2015,1
05/21/2015,4
05/21/2015,1
05/21/2015,1
05/21/2015,1
05/21/2015,1
05/21/2015,5
05/21/2015,1
05/21/2015,1
05/21/2015,1
05/21/2015,3
05/21/2015,1
05/21/2015,2
05/21/2015,1
05/22/2015,2
05/22/2015,1
05/22/2015,1
05/22/2015,1
05/22/2015,3
05/22/2015,1
05/22/2015,1
05/22/2015,1
05/22/2015,1
05/22/2015,4
05/22/2015,1
05/22/2015,1
05/22/2015,1
05/22/2015,1
05/22/2015,1
05/22/2015,1
05/22/2015,1
05/22/2015,1
05/22/2015,1
05/22/2015,1
05/22/2015,3
05/22/2015,1
05/22/2015,1
05/22/2015,1
05/22/2015,1
05/22/2015,1
05/22/2015,1
05/22/2015,1
05/22/2015,1
05/22/2015,3
05/22/2015,4
05/22/2015,2
05/22/2015,4
05/22/2015,1
05/22/2015,1
05/22/2015,1
05/22/2015,1
05/22/2015,2
05/22/2015,3
05/22/2015,3
05/22/2015,1
05/22/2015,2
05/22/2015,3
05/22/2015,1
05/22/2015,1
05/22/2015,3
05/22/2015,1
05/22/2015,3
05/22/2015,1
05/22/2015,2
05/22/2015,2
05/22/2015,1
05/22/2015,3
05/22/2015,3
05/22/2015,1
05/22/2015,2
05/22/2015,1
05/22/2015,3
05/22/2015,1
05/22/2015,1
05/22/2015,2
05/22/2015,1
05/22/2015,1
05/22/2015,1
05/22/2015,1
05/22/2015,1
05/22/2015,2
05/22/2015,1
05/22/2015,3
05/22/2015,1
05/22/2015,5
05/22/2015,1
05/22/2015,1
05/22/2015,1
05/22/2015,1
05/22/2015,1
05/22/2015,1
05/22/2015,1
05/22/2015,6
05/22/2015,1
05/22/2015,1
05/22/2015,1
05/22/2015,1
05/22/2015,1
05/23/2015,1
05/23/2015,3
05/23/2015,1
05/23/2015,1
05/23/2015,1
05/23/2015,2
05/23/2015,1
05/23/2015,1
05/23/2015,1
05/23/2015,1
05/23/2015,1
05/23/2015,4
05/23/2015,1
05/23/2015,1
05/23/2015,2
05/23/2015,8
05/23/2015,1
05/23/2015,2
05/23/2015,1
05/23/2015,2
05/23/2015,2
05/23/2015,1
05/23/2015,2
05/23/2015,1
05/23/2015,1
05/23/2015,3
05/23/2015,1
05/23/2015,1
05/23/2015,1
05/23/2015,1
05/23/2015,2
05/23/2015,1
05/23/2015,1
05/23/2015,1
05/23/2015,1
05/23/2015,1
05/23/2015,1
05/23/2015,1
05/23/2015,1
05/23/2015,2
05/23/2015,1
05/23/2015,2
05/23/2015,1
05/23/2015,1
05/23/2015,1
05/23/2015,1
05/23/2015,1
05/23/2015,1
05/23/2015,1
05/23/2015,1
05/23/2015,1
05/23/2015,1
05/23/2015,1
05/23/2015,3
05/23/2015,1
05/23/2015,1
05/23/2015,1
05/23/2015,1
05/23/2015,1
05/23/2015,1
05/23/2015,3
05/23/2015,1
05/23/2015,1
05/23/2015,1
05/23/2015,1
05/23/2015,2
05/23/2015,1
05/23/2015,1
05/23/2015,2
05/23/2015,5
05/23/2015,1
05/23/2015,1
05/23/2015,1
05/23/2015,1
05/23/2015,1
05/23/2015,1
05/23/2015,1
05/23/2015,1
05/23/2015,1
05/23/2015,1
05/23/2015,1
05/23/2015,2
05/23/2015,2
05/23/2015,1
05/23/2015,1
05/23/2015,1
05/23/2015,4
05/23/2015,1
05/23/2015,1
05/23/2015,1
05/23/2015,1
05/23/2015,1
05/23/2015,2
05/23/2015,1
05/23/2015,2
05/23/2015,1
05/23/2015,1
05/23/2015,1
05/23/2015,1
05/23/2015,1
05/23/2015,2
05/23/2015,4
05/23/2015,1
05/23/2015,1
05/24/2015,1
05/24/2015,1
05/24/2015,2
05/24/2015,2
05/24/2015,3
05/24/2015,1
05/24/2015,1
05/24/2015,1
05/24/2015,1
05/24/2015,6
05/24/2015,1
05/24/2015,1
05/24/2015,1
05/24/2015,1
05/24/2015,2
05/24/2015,1
05/24/2015,2
05/24/2015,3
05/24/2015,1
05/24/2015,1
05/24/2015,1
05/24/2015,4
05/24/2015,1
05/24/2015,2
05/24/2015,1
05/24/2015,1
05/24/2015,2
05/24/2015,1
05/24/2015,1
05/24/2015,1
05/24/2015,1
05/24/2015,1
05/24/2015,1
05/24/2015,1
05/24/2015,2
05/24/2015,1
05/24/2015,1
05/24/2015,1
05/24/2015,1
05/24/2015,1
05/24/2015,1
05/24/2015,1
05/24/2015,1
05/24/2015,1
05/24/2015,1
05/24/2015,2
05/24/2015,1
05/24/2015,1
05/24/2015,1
05/24/2015,1
05/24/2015,3
05/24/2015,1
05/24/2015,1
05/24/2015,2
05/24/2015,1
05/24/2015,1
05/24/2015,1
05/24/2015,1
05/24/2015,1
05/24/2015,1
05/24/2015,1
05/24/2015,1
05/24/2015,2
05/24/2015,1
05/24/2015,2
05/24/2015,2
05/24/2015,1
05/24/2015,2
05/24/2015,1
05/24/2015,1
05/24/2015,1
05/24/2015,1
05/24/2015,3
05/24/2015,1
05/24/2015,1
05/24/2015,2
05/24/2015,1
05/24/2015,1
05/24/2015,1
05/24/2015,3
05/24/2015,1
05/24/2015,1
05/24/2015,3
05/24/2015,3
05/24/2015,1
05/24/2015,2
05/24/2015,1
05/24/2015,1
05/24/2015,3
05/24/2015,1
05/24/2015,1
05/24/2015,1
05/24/2015,1
05/25/2015,2
05/25/2015,1
05/25/2015,3
05/25/2015,1
05/25/2015,1
05/25/2015,1
05/25/2015,1
05/25/2015,1
05/25/2015,1
05/25/2015,2
05/25/2015,1
05/25/2015,1
05/25/2015,1
05/25/2015,3
05/25/2015,1
05/25/2015,1
05/25/2015,1
05/25/2015,1
05/25/2015,1
05/25/2015,1
05/25/2015,2
05/25/2015,1
05/25/2015,2
05/25/2015,1
05/25/2015,1
05/25/2015,1
05/25/2015,1
05/25/2015,1
05/25/2015,1
05/25/2015,1
05/25/2015,1
05/25/2015,1
05/25/2015,1
05/25/2015,1
05/25/2015,1
05/25/2015,2
05/25/2015,1
05/25/2015,1
05/25/2015,1
05/25/2015,1
05/25/2015,2
05/25/2015,1
05/25/2015,1
05/25/2015,1
05/25/2015,1
05/25/2015,1
05/25/2015,1
05/25/2015,1
05/25/2015,1
05/25/2015,3
05/25/2015,1
05/25/2015,1
05/25/2015,1
05/25/2015,1
05/25/2015,2
05/25/2015,1
05/25/2015,1
05/25/2015,1
05/25/2015,1
05/25/2015,1
05/25/2015,1
05/25/2015,2
05/25/2015,2
05/25/2015,1
05/25/2015,1
05/25/2015,1
05/25/2015,1
05/25/2015,1
05/25/2015,3
05/25/2015,1
05/25/2015,1
05/25/2015,1
05/25/2015,1
05/25/2015,1
05/25/2015,1
05/25/2015,2
05/25/2015,1
05/25/2015,2
05/25/2015,1
05/25/2015,1
05/25/2015,1
05/25/2015,1
05/25/2015,1
05/25/2015,1
05/25/2015,1
05/25/2015,1
05/25/2015,1
05/25/2015,4
05/25/2015,1
05/25/2015,1
05/25/2015,1
05/26/2015,2
05/26/2015,2
05/26/2015,3
05/26/2015,1
05/26/2015,2
05/26/2015,2
05/26/2015,3
05/26/2015,1
05/26/2015,1
05/26/2015,1
05/26/2015,1
05/26/2015,4
05/26/2015,1
05/26/2015,1
05/26/2015,1
05/26/2015,2
05/26/2015,1
05/26/2015,1
05/26/2015,1
05/26/2015,1
05/26/2015,1
05/26/2015,1
05/26/2015,1
05/26/2015,1
05/26/2015,1
05/26/2015,1
05/26/2015,2
05/26/2015,1
05/26/2015,1
05/26/2015,1
05/26/2015,1
05/26/2015,1
05/26/2015,1
05/26/2015,1
05/26/2015,2
05/26/2015,1
05/26/2015,1
05/26/2015,1
05/26/2015,2
05/26/2015,1
05/26/2015,4
05/26/2015,1
05/26/2015,1
05/26/2015,1
05/26/2015,1
05/26/2015,1
05/26/2015,1
05/26/2015,1
05/26/2015,1
05/26/2015,1
05/26/2015,3
05/26/2015,2
05/26/2015,4
05/26/2015,1
05/26/2015,2
05/26/2015,1
05/26/2015,1
05/26/2015,1
05/26/2015,2
05/26/2015,1
05/26/2015,1
05/26/2015,1
05/26/2015,1
05/26/2015,1
05/26/2015,1
05/26/2015,1
05/26/2015,1
05/26/2015,1
05/26/2015,1
05/26/2015,1
05/26/2015,1
05/26/2015,2
05/26/2015,1
05/26/2015,1
05/26/2015,1
05/26/2015,1
05/26/2015,2
05/26/2015,4
05/26/2015,1
05/26/2015,1
05/26/2015,1
05/26/2015,1
05/26/2015,1
05/26/2015,1
05/26/2015,2
05/26/2015,1
05/26/2015,1
05/26/2015,1
05/27/2015,1
05/27/2015,1
05/27/2015,2
05/27/2015,1
05/27/2015,3
05/27/2015,1
05/27/2015,1
05/27/2015,1
05/27/2015,1
05/27/2015,1
05/27/2015,1
05/27/2015,1
05/27/2015,1
05/27/2015,1
05/27/2015,1
05/27/2015,3
05/27/2015,1
05/27/2015,2
05/27/2015,2
05/27/2015,2
05/27/2015,1
05/27/2015,1
05/27/2015,2
05/27/2015,4
05/27/2015,1
05/27/2015,1
05/27/2015,2
05/27/2015,2
05/27/2015,1
05/27/2015,1
05/27/2015,1
05/27/2015,1
05/27/2015,1
05/27/2015,1
05/27/2015,1
05/27/2015,1
05/27/2015,1
05/27/2015,2
05/27/2015,1
05/27/2015,1
05/27/2015,1
05/27/2015,1
05/27/2015,1
05/27/2015,1
05/27/2015,1
05/27/2015,2
05/27/2015,1
05/27/2015,1
05/27/2015,1
05/27/2015,1
05/27/2015,1
05/27/2015,1
05/27/2015,1
05/27/2015,1
05/27/2015,1
05/27/2015,1
05/27/2015,3
05/27/2015,2
05/27/2015,1
05/27/2015,1
05/27/2015,2
05/27/2015,1
05/27/2015,1
05/27/2015,1
05/27/2015,3
05/27/2015,1
05/27/2015,1
05/27/2015,3
05/27/2015,1
05/27/2015,1
05/27/2015,2
05/28/2015,4
05/28/2015,1
05/28/2015,1
05/28/2015,1
05/28/2015,1
05/28/2015,1
05/28/2015,4
05/28/2015,1
05/28/2015,1
05/28/2015,1
05/28/2015,1
05/28/2015,1
05/28/2015,3
05/28/2015,4
05/28/2015,1
05/28/2015,1
05/28/2015,1
05/28/2015,1
05/28/2015,1
05/28/2015,1
05/28/2015,1
05/28/2015,1
05/28/2015,1
05/28/2015,1
05/28/2015,1
05/28/2015,2
05/28/2015,1
05/28/2015,2
05/28/2015,1
05/28/2015,1
05/28/2015,1
05/28/2015,2
05/28/2015,1
05/28/2015,1
05/28/2015,2
05/28/2015,1
05/28/2015,1
05/28/2015,1
05/28/2015,5
05/28/2015,1
05/28/2015,2
05/28/2015,1
05/28/2015,1
05/28/2015,2
05/28/2015,1
05/28/2015,1
05/28/2015,1
05/28/2015,1
05/28/2015,1
05/28/2015,4
05/28/2015,1
05/28/2015,1
05/28/2015,1
05/28/2015,5
05/28/2015,1
05/28/2015,1
05/28/2015,1
05/28/2015,2
05/28/2015,1
05/28/2015,1
05/28/2015,1
05/28/2015,1
05/28/2015,1
05/28/2015,1
05/28/2015,1
05/28/2015,2
05/28/2015,1
05/28/2015,1
05/28/2015,4
05/28/2015,1
05/28/2015,1
05/28/2015,1
05/28/2015,1
05/28/2015,1
05/28/2015,1
05/28/2015,3
05/28/2015,1
05/28/2015,3
05/28/2015,2
05/28/2015,4
05/28/2015,1
05/28/2015,1
05/28/2015,2
05/28/2015,1
05/28/2015,1
05/29/2015,3
05/29/2015,1
05/29/2015,2
05/29/2015,1
05/29/2015,1
05/29/2015,1
05/29/2015,1
05/29/2015,1
05/29/2015,2
05/29/2015,2
05/29/2015,1
05/29/2015,1
05/29/2015,1
05/29/2015,1
05/29/2015,1
05/29/2015,2
05/29/2015,1
05/29/2015,1
05/29/2015,1
05/29/2015,1
05/29/2015,1
05/29/2015,1
05/29/2015,1
05/29/2015,1
05/29/2015,1
05/29/2015,1
05/29/2015,1
05/29/2015,1
05/29/2015,1
05/29/2015,1
05/29/2015,1
05/29/2015,1
05/29/2015,1
05/29/2015,1
05/29/2015,2
05/29/2015,1
05/29/2015,1
05/29/2015,1
05/29/2015,2
05/29/2015,1
05/29/2015,1
05/29/2015,1
05/29/2015,3
05/29/2015,1
05/29/2015,1
05/29/2015,4
05/29/2015,1
05/29/2015,1
05/29/2015,1
05/29/2015,1
05/29/2015,1
05/29/2015,1
05/29/2015,3
05/29/2015,1
05/29/2015,1
05/29/2015,1
05/29/2015,1
05/29/2015,1
05/29/2015,2
05/29/2015,1
05/29/2015,1
05/29/2015,4
05/29/2015,1
05/29/2015,1
05/29/2015,1
05/29/2015,1
05/29/2015,1
05/29/2015,1
05/29/2015,1
05/29/2015,1
05/29/2015,1
05/29/2015,3
05/29/2015,3
05/29/2015,1
05/29/2015,1
05/29/2015,1
05/29/2015,2
05/29/2015,1
05/29/2015,1
05/29/2015,1
05/29/2015,4
05/29/2015,1
05/29/2015,1
05/29/2015,1
05/30/2015,1
05/30/2015,1
05/30/2015,1
05/30/2015,1
05/30/2015,2
05/30/2015,1
05/30/2015,4
05/30/2015,1
05/30/2015,1
05/30/2015,1
05/30/2015,1
05/30/2015,1
05/30/2015,3
05/30/2015,1
05/30/2015,1
05/30/2015,1
05/30/2015,1
05/30/2015,1
05/30/2015,3
05/30/2015,1
05/30/2015,1
05/30/2015,1
05/30/2015,1
05/30/2015,3
05/30/2015,1
05/30/2015,1
05/30/2015,1
05/30/2015,1
05/30/2015,2
05/30/2015,1
05/30/2015,1
05/30/2015,2
05/30/2015,4
05/30/2015,1
05/30/2015,3
05/30/2015,1
05/30/2015,1
05/30/2015,1
05/30/2015,1
05/30/2015,1
05/30/2015,1
05/30/2015,1
05/30/2015,1
05/30/2015,1
05/30/2015,1
05/30/2015,1
05/30/2015,1
05/30/2015,1
05/30/2015,1
05/30/2015,2
05/30/2015,1
05/30/2015,1
05/30/2015,1
05/30/2015,1
05/30/2015,1
05/30/2015,3
05/30/2015,1
05/30/2015,1
05/30/2015,1
05/30/2015,1
05/30/2015,1
05/30/2015,1
05/30/2015,1
05/30/2015,3
05/30/2015,1
05/30/2015,1
05/30/2015,1
05/30/2015,2
05/30/2015,1
05/30/2015,1
05/30/2015,1
05/30/2015,1
05/30/2015,3
05/30/2015,1
05/30/2015,1
05/30/2015,1
05/30/2015,2
05/30/2015,2
05/30/2015,2
05/30/2015,1
05/30/2015,2
05/30/2015,1
05/30/2015,1
05/30/2015,1
05/30/2015,1
05/30/2015,1
05/31/2015,6
05/31/2015,1
05/31/2015,1
05/31/2015,3
05/31/2015,2
05/31/2015,1
05/31/2015,5
05/31/2015,1
05/31/2015,4
05/31/2015,1
05/31/2015,1
05/31/2015,2
05/31/2015,1
05/31/2015,1
05/31/2015,3
05/31/2015,2
05/31/2015,3
05/31/2015,1
05/31/2015,1
05/31/2015,1
05/31/2015,1
05/31/2015,1
05/31/2015,1
05/31/2015,1
05/31/2015,1
05/31/2015,1
05/31/2015,1
05/31/2015,1
05/31/2015,1
05/31/2015,1
05/31/2015,1
05/31/2015,1
05/31/2015,1
05/31/2015,1
05/31/2015,1
05/31/2015,2
05/31/2015,1
05/31/2015,1
05/31/2015,1
05/31/2015,1
05/31/2015,2
05/31/2015,1
05/31/2015,1
05/31/2015,1
05/31/2015,1
05/31/2015,1
05/31/2015,1
05/31/2015,3
05/31/2015,1
05/31/2015,1
05/31/2015,4
05/31/2015,1
05/31/2015,2
05/31/2015,2
05/31/2015,1
05/31/2015,1
05/31/2015,1
05/31/2015,1
05/31/2015,1
05/31/2015,1
05/31/2015,2
05/31/2015,1
05/31/2015,1
05/31/2015,1
05/31/2015,1
05/31/2015,4
05/31/2015,1
05/31/2015,1
05/31/2015,1
05/31/2015,1
06/01/2015,1
06/01/2015,1
06/01/2015,2
06/01/2015,1
06/01/2015,2
06/01/2015,3
06/01/2015,1
06/01/2015,1
06/01/2015,1
06/01/2015,2
06/01/2015,1
06/01/2015,3
06/01/2015,1
06/01/2015,1
06/01/2015,2
06/01/2015,3
06/01/2015,1
06/01/2015,1
06/01/2015,2
06/01/2015,1
06/01/2015,1
06/01/2015,2
06/01/2015,1
06/01/2015,2
06/01/2015,1
06/01/2015,1
06/01/2015,1
06/01/2015,1
06/01/2015,1
06/01/2015,1
06/01/2015,1
06/01/2015,1
06/01/2015,2
06/01/2015,1
06/01/2015,1
06/01/2015,1
06/01/2015,1
06/01/2015,1
06/01/2015,3
06/01/2015,1
06/01/2015,1
06/01/2015,1
06/01/2015,2
06/01/2015,1
06/01/2015,1
06/01/2015,1
06/01/2015,4
06/01/2015,1
06/01/2015,1
06/01/2015,1
06/01/2015,1
06/01/2015,1
06/01/2015,1
06/01/2015,1
06/01/2015,2
06/01/2015,1
06/01/2015,1
06/01/2015,1
06/01/2015,1
06/01/2015,1
06/01/2015,1
06/01/2015,1
06/01/2015,1
06/01/2015,1
06/01/2015,1
06/01/2015,1
06/01/2015,1
06/01/2015,1
06/01/2015,1
06/01/2015,1
06/01/2015,1
06/01/2015,1
06/01/2015,1
06/01/2015,1
06/01/2015,2
06/01/2015,2
06/01/2015,1
06/01/2015,1
06/01/2015,3
06/01/2015,1
06/01/2015,2
06/01/2015,1
06/01/2015,1
06/01/2015,2
06/01/2015,1
06/01/2015,1
06/01/2015,1
06/01/2015,1
06/01/2015,1
06/01/2015,1
06/02/2015,1
06/02/2015,1
06/02/2015,1
06/02/2015,1
06/02/2015,2
06/02/2015,1
06/02/2015,1
06/02/2015,3
06/02/2015,1
06/02/2015,4
06/02/2015,1
06/02/2015,2
06/02/2015,1
06/02/2015,1
06/02/2015,1
06/02/2015,1
06/02/2015,1
06/02/2015,1
06/02/2015,1
06/02/2015,2
06/02/2015,1
06/02/2015,1
06/02/2015,4
06/02/2015,1
06/02/2015,1
06/02/2015,1
06/02/2015,1
06/02/2015,1
06/02/2015,1
06/02/2015,2
06/02/2015,1
06/02/2015,1
06/02/2015,2
06/02/2015,1
06/02/2015,1
06/02/2015,1
06/02/2015,3
06/02/2015,1
06/02/2015,1
06/02/2015,1
06/02/2015,1
06/02/2015,2
06/02/2015,1
06/02/2015,1
06/02/2015,1
06/02/2015,2
06/02/2015,1
06/02/2015,1
06/02/2015,2
06/02/2015,1
06/02/2015,1
06/02/2015,2
06/02/2015,1
06/02/2015,1
06/02/2015,1
06/02/2015,1
06/02/2015,1
06/02/2015,1
06/02/2015,1
06/02/2015,2
06/02/2015,1
06/02/2015,1
06/02/2015,1
06/02/2015,2
06/02/2015,1
06/02/2015,1
06/02/2015,1
06/02/2015,1
06/03/2015,2
06/03/2015,1
06/03/2015,1
06/03/2015,1
06/03/2015,1
06/03/2015,1
06/03/2015,1
06/03/2015,1
06/03/2015,2
06/03/2015,1
06/03/2015,1
06/03/2015,1
06/03/2015,1
06/03/2015,1
06/03/2015,1
06/03/2015,1
06/03/2015,1
06/03/2015,1
06/03/2015,1
06/03/2015,1
06/03/2015,1
06/03/2015,2
06/03/2015,3
06/03/2015,1
06/03/2015,3
06/03/2015,1
06/03/2015,1
06/03/2015,2
06/03/2015,1
06/03/2015,2
06/03/2015,3
06/03/2015,1
06/03/2015,1
06/03/2015,1
06/03/2015,1
06/03/2015,4
06/03/2015,1
06/03/2015,1
06/03/2015,1
06/03/2015,1
06/03/2015,1
06/03/2015,2
06/03/2015,1
06/03/2015,1
06/03/2015,1
06/03/2015,1
06/03/2015,1
06/03/2015,1
06/03/2015,1
06/03/2015,3
06/03/2015,1
06/03/2015,1
06/03/2015,1
06/03/2015,1
06/03/2015,1
06/03/2015,1
06/03/2015,1
06/03/2015,1
06/03/2015,1
06/03/2015,1
06/03/2015,1
06/03/2015,2
06/03/2015,1
06/03/2015,1
06/03/2015,3
06/03/2015,1
06/03/2015,1
06/03/2015,3
06/03/2015,1
06/03/2015,1
06/03/2015,1
06/03/2015,1
06/03/2015,1
06/03/2015,1
06/03/2015,4
06/03/2015,1
06/03/2015,1
06/04/2015,1
06/04/2015,1
06/04/2015,1
06/04/2015,1
06/04/2015,1
06/04/2015,1
06/04/2015,2
06/04/2015,2
06/04/2015,2
06/04/2015,3
06/04/2015,1
06/04/2015,1
06/04/2015,1
06/04/2015,1
06/04/2015,1
06/04/2015,1
06/04/2015,1
06/04/2015,1
06/04/2015,1
06/04/2015,1
06/04/2015,1
06/04/2015,1
06/04/2015,1
06/04/2015,1
06/04/2015,1
06/04/2015,1
06/04/2015,1
06/04/2015,3
06/04/2015,1
06/04/2015,1
06/04/2015,1
06/04/2015,1
06/04/2015,1
06/04/2015,1
06/04/2015,1
06/04/2015,3
06/04/2015,1
06/04/2015,1
06/04/2015,1
06/04/2015,1
06/04/2015,1
06/04/2015,1
06/04/2015,1
06/04/2015,1
06/04/2015,1
06/04/2015,1
06/04/2015,1
06/04/2015,1
06/04/2015,1
06/04/2015,1
06/04/2015,1
06/04/2015,1
06/04/2015,1
06/04/2015,1
06/04/2015,1
06/04/2015,1
06/04/2015,1
06/04/2015,1
06/04/2015,1
06/04/2015,1
06/04/2015,1
06/04/2015,1
06/04/2015,2
06/04/2015,1
06/04/2015,1
06/04/2015,1
06/04/2015,3
06/04/2015,1
06/04/2015,1
06/04/2015,1
06/04/2015,1
06/04/2015,1
06/04/2015,1
06/04/2015,2
06/04/2015,1
06/04/2015,1
06/04/2015,1
06/05/2015,3
06/05/2015,2
06/05/2015,1
06/05/2015,1
06/05/2015,1
06/05/2015,1
06/05/2015,2
06/05/2015,3
06/05/2015,3
06/05/2015,1
06/05/2015,1
06/05/2015,1
06/05/2015,1
06/05/2015,1
06/05/2015,1
06/05/2015,1
06/05/2015,2
06/05/2015,1
06/05/2015,1
06/05/2015,1
06/05/2015,1
06/05/2015,1
06/05/2015,1
06/05/2015,1
06/05/2015,1
06/05/2015,3
06/05/2015,1
06/05/2015,2
06/05/2015,1
06/05/2015,1
06/05/2015,2
06/05/2015,2
06/05/2015,1
06/05/2015,2
06/05/2015,1
06/05/2015,1
06/05/2015,1
06/05/2015,1
06/05/2015,1
06/05/2015,3
06/05/2015,1
06/05/2015,1
06/05/2015,2
06/05/2015,1
06/05/2015,3
06/05/2015,1
06/05/2015,1
06/05/2015,1
06/05/2015,1
06/05/2015,1
06/05/2015,1
06/05/2015,3
06/05/2015,1
06/05/2015,1
06/05/2015,1
06/05/2015,2
06/05/2015,1
06/05/2015,1
06/05/2015,1
06/05/2015,5
06/05/2015,1
06/05/2015,3
06/05/2015,2
06/05/2015,1
06/05/2015,2
06/05/2015,3
06/05/2015,1
06/05/2015,1
06/05/2015,4
06/05/2015,1
06/05/2015,1
06/05/2015,1
06/05/2015,1
06/05/2015,1
06/05/2015,6
06/06/2015,7
06/06/2015,2
06/06/2015,2
06/06/2015,2
06/06/2015,1
06/06/2015,3
06/06/2015,1
06/06/2015,3
06/06/2015,2
06/06/2015,1
06/06/2015,1
06/06/2015,1
06/06/2015,1
06/06/2015,3
06/06/2015,1
06/06/2015,1
06/06/2015,1
06/06/2015,1
06/06/2015,1
06/06/2015,1
06/06/2015,1
06/06/2015,2
06/06/2015,1
06/06/2015,1
06/06/2015,3
06/06/2015,1
06/06/2015,2
06/06/2015,1
06/06/2015,2
06/06/2015,3
06/06/2015,1
06/06/2015,1
06/06/2015,1
06/06/2015,1
06/06/2015,1
06/06/2015,1
06/06/2015,2
06/06/2015,1
06/06/2015,1
06/06/2015,1
06/06/2015,1
06/06/2015,1
06/06/2015,1
06/06/2015,1
06/06/2015,1
06/06/2015,1
06/06/2015,1
06/06/2015,1
06/06/2015,1
06/06/2015,1
06/06/2015,2
06/06/2015,1
06/06/2015,1
06/06/2015,1
06/06/2015,1
06/06/2015,1
06/06/2015,2
06/06/2015,1
06/06/2015,1
06/06/2015,1
06/06/2015,1
06/06/2015,1
06/06/2015,1
06/06/2015,1
06/06/2015,2
06/06/2015,1
06/06/2015,1
06/06/2015,2
06/06/2015,1
06/06/2015,2
06/06/2015,1
06/06/2015,1
06/06/2015,1
06/06/2015,1
06/06/2015,1
06/06/2015,1
06/06/2015,1
06/06/2015,1
06/06/2015,1
06/06/2015,1
06/06/2015,1
06/06/2015,1
06/06/2015,1
06/06/2015,1
06/06/2015,1
06/06/2015,1
06/06/2015,1
06/06/2015,1
06/06/2015,2
06/06/2015,2
06/06/2015,1
06/06/2015,3
06/06/2015,1
06/06/2015,1
06/06/2015,1
06/06/2015,1
06/07/2015,2
06/07/2015,1
06/07/2015,1
06/07/2015,2
06/07/2015,1
06/07/2015,1
06/07/2015,1
06/07/2015,4
06/07/2015,2
06/07/2015,1
06/07/2015,1
06/07/2015,1
06/07/2015,2
06/07/2015,3
06/07/2015,2
06/07/2015,1
06/07/2015,1
06/07/2015,2
06/07/2015,1
06/07/2015,1
06/07/2015,1
06/07/2015,1
06/07/2015,1
06/07/2015,1
06/07/2015,1
06/07/2015,1
06/07/2015,1
06/07/2015,1
06/07/2015,1
06/07/2015,1
06/07/2015,1
06/07/2015,1
06/07/2015,1
06/07/2015,1
06/07/2015,1
06/07/2015,1
06/07/2015,1
06/07/2015,1
06/07/2015,1
06/07/2015,1
06/07/2015,1
06/07/2015,1
06/07/2015,1
06/07/2015,1
06/07/2015,1
06/07/2015,1
06/07/2015,1
06/07/2015,3
06/07/2015,1
06/07/2015,1
06/07/2015,1
06/07/2015,1
06/07/2015,2
06/07/2015,1
06/07/2015,2
06/07/2015,1
06/07/2015,1
06/07/2015,1
06/07/2015,2
06/07/2015,1
06/07/2015,1
06/07/2015,1
06/07/2015,1
06/07/2015,1
06/07/2015,2
06/07/2015,1
06/07/2015,2
06/07/2015,1
06/07/2015,1
06/07/2015,1
06/07/2015,2
06/07/2015,2
06/07/2015,3
06/07/2015,1
06/07/2015,1
06/07/2015,1
06/08/2015,2
06/08/2015,1
06/08/2015,1
06/08/2015,1
06/08/2015,3
06/08/2015,1
06/08/2015,1
06/08/2015,1
06/08/2015,4
06/08/2015,1
06/08/2015,1
06/08/2015,1
06/08/2015,1
06/08/2015,1
06/08/2015,1
06/08/2015,1
06/08/2015,2
06/08/2015,1
06/08/2015,1
06/08/2015,1
06/08/2015,1
06/08/2015,3
06/08/2015,1
06/08/2015,1
06/08/2015,1
06/08/2015,1
06/08/2015,1
06/08/2015,2
06/08/2015,1
06/08/2015,6
06/08/2015,2
06/08/2015,2
06/08/2015,2
06/08/2015,1
06/08/2015,3
06/08/2015,1
06/08/2015,2
06/08/2015,1
06/08/2015,3
06/08/2015,1
06/08/2015,1
06/08/2015,1
06/08/2015,1
06/08/2015,1
06/08/2015,1
06/08/2015,1
06/08/2015,4
06/08/2015,1
06/08/2015,1
06/08/2015,1
06/08/2015,1
06/08/2015,3
06/08/2015,1
06/08/2015,1
06/08/2015,1
06/08/2015,5
06/08/2015,3
06/08/2015,1
06/08/2015,4
06/08/2015,1
06/08/2015,1
06/08/2015,1
06/08/2015,2
06/08/2015,1
06/08/2015,1
06/08/2015,1
06/08/2015,1
06/08/2015,2
06/08/2015,2
06/08/2015,1
06/09/2015,4
06/09/2015,1
06/09/2015,1
06/09/2015,1
06/09/2015,1
06/09/2015,1
06/09/2015,1
06/09/2015,3
06/09/2015,2
06/09/2015,1
06/09/2015,1
06/09/2015,1
06/09/2015,2
06/09/2015,1
06/09/2015,1
06/09/2015,1
06/09/2015,1
06/09/2015,1
06/09/2015,1
06/09/2015,1
06/09/2015,1
06/09/2015,1
06/09/2015,1
06/09/2015,1
06/09/2015,1
06/09/2015,1
06/09/2015,1
06/09/2015,1
06/09/2015,2
06/09/2015,1
06/09/2015,1
06/09/2015,1
06/09/2015,1
06/09/2015,1
06/09/2015,3
06/09/2015,1
06/09/2015,1
06/09/2015,1
06/09/2015,1
06/09/2015,2
06/09/2015,1
06/09/2015,2
06/09/2015,1
06/09/2015,4
06/09/2015,1
06/09/2015,1
06/09/2015,1
06/09/2015,1
06/09/2015,1
06/09/2015,1
06/09/2015,1
06/09/2015,2
06/09/2015,1
06/09/2015,1
06/09/2015,1
06/09/2015,1
06/09/2015,1
06/09/2015,1
06/09/2015,1
06/09/2015,1
06/09/2015,1
06/09/2015,1
06/09/2015,1
06/09/2015,1
06/09/2015,1
06/09/2015,1
06/09/2015,1
06/09/2015,1
06/09/2015,1
06/09/2015,1
06/09/2015,1
06/09/2015,1
06/09/2015,1
06/09/2015,1
06/09/2015,1
06/09/2015,1
06/09/2015,1
06/09/2015,2
06/09/2015,1
06/09/2015,1
06/09/2015,1
06/10/2015,3
06/10/2015,1
06/10/2015,1
06/10/2015,2
06/10/2015,1
06/10/2015,1
06/10/2015,1
06/10/2015,1
06/10/2015,1
06/10/2015,1
06/10/2015,1
06/10/2015,1
06/10/2015,1
06/10/2015,1
06/10/2015,1
06/10/2015,1
06/10/2015,3
06/10/2015,1
06/10/2015,1
06/10/2015,1
06/10/2015,1
06/10/2015,1
06/10/2015,1
06/10/2015,1
06/10/2015,1
06/10/2015,3
06/10/2015,1
06/10/2015,1
06/10/2015,1
06/10/2015,1
06/10/2015,1
06/10/2015,1
06/10/2015,1
06/10/2015,1
06/10/2015,2
06/10/2015,1
06/10/2015,1
06/10/2015,2
06/10/2015,2
06/10/2015,1
06/10/2015,1
06/10/2015,1
06/10/2015,1
06/10/2015,1
06/10/2015,3
06/10/2015,1
06/10/2015,1
06/10/2015,5
06/10/2015,2
06/10/2015,1
06/10/2015,1
06/10/2015,3
06/10/2015,1
06/10/2015,1
06/10/2015,1
06/10/2015,1
06/10/2015,1
06/10/2015,2
06/10/2015,1
06/10/2015,1
06/10/2015,3
06/10/2015,1
06/10/2015,1
06/10/2015,1
06/10/2015,1
06/10/2015,1
06/10/2015,1
06/10/2015,1
06/10/2015,1
06/10/2015,1
06/10/2015,2
06/10/2015,1
06/10/2015,1
06/10/2015,1
06/10/2015,1
06/10/2015,1
06/10/2015,1
06/10/2015,1
06/10/2015,2
06/10/2015,1
06/10/2015,1
06/10/2015,1
06/10/2015,1
06/10/2015,1
06/10/2015,1
06/11/2015,1
06/11/2015,1
06/11/2015,1
06/11/2015,2
06/11/2015,1
06/11/2015,4
06/11/2015,1
06/11/2015,1
06/11/2015,1
06/11/2015,1
06/11/2015,3
06/11/2015,1
06/11/2015,1
06/11/2015,2
06/11/2015,3
06/11/2015,1
06/11/2015,1
06/11/2015,2
06/11/2015,1
06/11/2015,1
06/11/2015,1
06/11/2015,1
06/11/2015,1
06/11/2015,1
06/11/2015,1
06/11/2015,1
06/11/2015,1
06/11/2015,1
06/11/2015,2
06/11/2015,1
06/11/2015,1
06/11/2015,1
06/11/2015,1
06/11/2015,2
06/11/2015,1
06/11/2015,1
06/11/2015,1
06/11/2015,1
06/11/2015,1
06/11/2015,1
06/11/2015,3
06/11/2015,1
06/11/2015,1
06/11/2015,1
06/11/2015,1
06/11/2015,4
06/11/2015,1
06/11/2015,1
06/11/2015,1
06/11/2015,1
06/11/2015,2
06/11/2015,1
06/11/2015,1
06/11/2015,1
06/11/2015,1
06/11/2015,1
06/11/2015,3
06/11/2015,1
06/11/2015,3
06/11/2015,1
06/11/2015,3
06/11/2015,1
06/11/2015,1
06/11/2015,2
06/11/2015,1
06/11/2015,1
06/11/2015,1
06/11/2015,2
06/11/2015,1
06/11/2015,3
06/11/2015,1
06/11/2015,1
06/11/2015,2
06/11/2015,3
06/11/2015,1
06/11/2015,1
06/11/2015,1
06/11/2015,1
06/11/2015,2
06/11/2015,1
06/11/2015,1
06/11/2015,2
06/11/2015,4
06/11/2015,1
06/11/2015,1
06/11/2015,1
06/11/2015,1
06/11/2015,1
06/11/2015,1
06/12/2015,2
06/12/2015,1
06/12/2015,1
06/12/2015,1
06/12/2015,1
06/12/2015,1
06/12/2015,1
06/12/2015,2
06/12/2015,2
06/12/2015,1
06/12/2015,1
06/12/2015,2
06/12/2015,1
06/12/2015,1
06/12/2015,2
06/12/2015,1
06/12/2015,1
06/12/2015,1
06/12/2015,1
06/12/2015,2
06/12/2015,1
06/12/2015,1
06/12/2015,1
06/12/2015,2
06/12/2015,1
06/12/2015,1
06/12/2015,1
06/12/2015,1
06/12/2015,1
06/12/2015,1
06/12/2015,1
06/12/2015,1
06/12/2015,1
06/12/2015,1
06/12/2015,1
06/12/2015,1
06/12/2015,1
06/12/2015,1
06/12/2015,1
06/12/2015,1
06/12/2015,1
06/12/2015,1
06/12/2015,1
06/12/2015,1
06/12/2015,1
06/12/2015,1
06/12/2015,1
06/12/2015,1
06/12/2015,1
06/12/2015,1
06/12/2015,1
06/12/2015,1
06/12/2015,1
06/12/2015,1
06/12/2015,1
06/12/2015,1
06/12/2015,1
06/12/2015,1
06/12/2015,1
06/12/2015,1
06/12/2015,3
06/12/2015,1
06/12/2015,1
06/12/2015,1
06/12/2015,1
06/12/2015,1
06/12/2015,1
06/12/2015,2
06/12/2015,1
06/12/2015,4
06/12/2015,1
06/12/2015,1
06/12/2015,1
06/12/2015,1
06/12/2015,1
06/12/2015,1
06/12/2015,1
06/12/2015,1
06/12/2015,1
06/12/2015,1
06/12/2015,4
06/12/2015,1
06/12/2015,4
06/12/2015,1
06/12/2015,2
06/12/2015,1
06/12/2015,1
06/12/2015,1
06/13/2015,3
06/13/2015,3
06/13/2015,1
06/13/2015,1
06/13/2015,5
06/13/2015,1
06/13/2015,1
06/13/2015,2
06/13/2015,1
06/13/2015,4
06/13/2015,1
06/13/2015,1
06/13/2015,1
06/13/2015,2
06/13/2015,1
06/13/2015,1
06/13/2015,1
06/13/2015,1
06/13/2015,1
06/13/2015,1
06/13/2015,1
06/13/2015,1
06/13/2015,1
06/13/2015,1
06/13/2015,1
06/13/2015,2
06/13/2015,1
06/13/2015,1
06/13/2015,2
06/13/2015,1
06/13/2015,1
06/13/2015,3
06/13/2015,1
06/13/2015,3
06/13/2015,4
06/13/2015,2
06/13/2015,2
06/13/2015,5
06/13/2015,4
06/13/2015,2
06/13/2015,2
06/13/2015,3
06/13/2015,1
06/13/2015,6
06/13/2015,1
06/13/2015,1
06/13/2015,1
06/13/2015,4
06/13/2015,1
06/13/2015,1
06/13/2015,1
06/13/2015,1
06/13/2015,1
06/13/2015,1
06/13/2015,4
06/13/2015,1
06/13/2015,2
06/13/2015,1
06/13/2015,1
06/13/2015,1
06/13/2015,1
06/13/2015,1
06/13/2015,1
06/13/2015,2
06/13/2015,1
06/13/2015,4
06/13/2015,1
06/13/2015,1
06/13/2015,1
06/13/2015,1
06/13/2015,3
06/13/2015,1
06/13/2015,1
06/13/2015,1
06/13/2015,1
06/13/2015,1
06/13/2015,1
06/13/2015,1
06/14/2015,2
06/14/2015,1
06/14/2015,1
06/14/2015,1
06/14/2015,1
06/14/2015,2
06/14/2015,1
06/14/2015,1
06/14/2015,2
06/14/2015,1
06/14/2015,1
06/14/2015,1
06/14/2015,1
06/14/2015,1
06/14/2015,2
06/14/2015,2
06/14/2015,1
06/14/2015,1
06/14/2015,1
06/14/2015,1
06/14/2015,2
06/14/2015,3
06/14/2015,1
06/14/2015,1
06/14/2015,1
06/14/2015,1
06/14/2015,1
06/14/2015,1
06/14/2015,1
06/14/2015,2
06/14/2015,1
06/14/2015,2
06/14/2015,1
06/14/2015,1
06/14/2015,1
06/14/2015,1
06/14/2015,1
06/14/2015,1
06/14/2015,1
06/14/2015,1
06/14/2015,2
06/14/2015,1
06/14/2015,1
06/14/2015,1
06/14/2015,1
06/14/2015,1
06/14/2015,2
06/14/2015,2
06/14/2015,2
06/14/2015,1
06/14/2015,1
06/14/2015,2
06/14/2015,1
06/14/2015,1
06/14/2015,1
06/14/2015,1
06/14/2015,1
06/14/2015,2
06/14/2015,1
06/14/2015,1
06/14/2015,1
06/14/2015,1
06/14/2015,1
06/14/2015,1
06/14/2015,1
06/14/2015,4
06/14/2015,3
06/14/2015,1
06/14/2015,1
06/14/2015,2
06/14/2015,1
06/14/2015,1
06/14/2015,3
06/14/2015,1
06/14/2015,1
06/14/2015,1
06/14/2015,1
06/14/2015,1
06/14/2015,2
06/14/2015,1
06/14/2015,1
06/14/2015,1
06/14/2015,2
06/14/2015,1
06/14/2015,1
06/15/2015,2
06/15/2015,1
06/15/2015,1
06/15/2015,2
06/15/2015,1
06/15/2015,1
06/15/2015,1
06/15/2015,1
06/15/2015,2
06/15/2015,1
06/15/2015,3
06/15/2015,1
06/15/2015,1
06/15/2015,1
06/15/2015,1
06/15/2015,1
06/15/2015,1
06/15/2015,1
06/15/2015,4
06/15/2015,1
06/15/2015,1
06/15/2015,1
06/15/2015,1
06/15/2015,1
06/15/2015,1
06/15/2015,1
06/15/2015,1
06/15/2015,1
06/15/2015,2
06/15/2015,1
06/15/2015,1
06/15/2015,4
06/15/2015,1
06/15/2015,1
06/15/2015,1
06/15/2015,1
06/15/2015,2
06/15/2015,1
06/15/2015,2
06/15/2015,1
06/15/2015,1
06/15/2015,1
06/15/2015,3
06/15/2015,1
06/15/2015,1
06/15/2015,1
06/15/2015,1
06/15/2015,1
06/15/2015,2
06/15/2015,3
06/15/2015,1
06/15/2015,1
06/15/2015,1
06/15/2015,1
06/15/2015,1
06/15/2015,3
06/15/2015,3
06/15/2015,1
06/15/2015,2
06/15/2015,1
06/15/2015,1
06/15/2015,3
06/15/2015,1
06/15/2015,1
06/15/2015,1
06/15/2015,2
06/15/2015,3
06/15/2015,2
06/15/2015,1
06/15/2015,1
06/15/2015,1
06/15/2015,3
06/15/2015,1
06/15/2015,3
06/15/2015,1
06/15/2015,2
06/15/2015,1
06/16/2015,4
06/16/2015,1
06/16/2015,4
06/16/2015,2
06/16/2015,1
06/16/2015,1
06/16/2015,1
06/16/2015,2
06/16/2015,2
06/16/2015,2
06/16/2015,1
06/16/2015,1
06/16/2015,5
06/16/2015,1
06/16/2015,1
06/16/2015,1
06/16/2015,1
06/16/2015,1
06/16/2015,1
06/16/2015,1
06/16/2015,1
06/16/2015,1
06/16/2015,1
06/16/2015,1
06/16/2015,1
06/16/2015,1
06/16/2015,1
06/16/2015,1
06/16/2015,1
06/16/2015,1
06/16/2015,2
06/16/2015,1
06/16/2015,2
06/16/2015,1
06/16/2015,2
06/16/2015,1
06/16/2015,1
06/16/2015,1
06/16/2015,1
06/16/2015,1
06/16/2015,1
06/16/2015,1
06/16/2015,1
06/16/2015,1
06/16/2015,1
06/16/2015,1
06/16/2015,1
06/16/2015,1
06/16/2015,2
06/16/2015,3
06/16/2015,1
06/16/2015,1
06/16/2015,1
06/16/2015,1
06/16/2015,1
06/16/2015,4
06/16/2015,1
06/16/2015,1
06/16/2015,1
06/16/2015,1
06/16/2015,5
06/16/2015,1
06/16/2015,1
06/16/2015,1
06/16/2015,1
06/16/2015,1
06/16/2015,1
06/16/2015,1
06/16/2015,1
06/16/2015,1
06/16/2015,1
06/16/2015,1
06/16/2015,1
06/16/2015,1
06/16/2015,1
06/16/2015,1
06/16/2015,1
06/16/2015,1
06/16/2015,1
06/16/2015,2
06/16/2015,1
06/16/2015,1
06/16/2015,1
06/16/2015,1
06/16/2015,3
06/16/2015,4
06/16/2015,1
06/16/2015,1
06/16/2015,1
06/16/2015,1
06/16/2015,1
06/16/2015,1
06/16/2015,1
06/16/2015,1
06/16/2015,1
06/16/2015,1
06/17/2015,1
06/17/2015,1
06/17/2015,1
06/17/2015,1
06/17/2015,1
06/17/2015,1
06/17/2015,4
06/17/2015,1
06/17/2015,1
06/17/2015,4
06/17/2015,1
06/17/2015,3
06/17/2015,1
06/17/2015,1
06/17/2015,1
06/17/2015,1
06/17/2015,1
06/17/2015,1
06/17/2015,1
06/17/2015,1
06/17/2015,1
06/17/2015,1
06/17/2015,2
06/17/2015,2
06/17/2015,1
06/17/2015,1
06/17/2015,1
06/17/2015,2
06/17/2015,1
06/17/2015,1
06/17/2015,1
06/17/2015,1
06/17/2015,1
06/17/2015,1
06/17/2015,1
06/17/2015,1
06/17/2015,3
06/17/2015,1
06/17/2015,2
06/17/2015,1
06/17/2015,2
06/17/2015,1
06/17/2015,2
06/17/2015,4
06/17/2015,1
06/17/2015,1
06/17/2015,1
06/17/2015,1
06/17/2015,2
06/17/2015,1
06/17/2015,1
06/17/2015,1
06/17/2015,3
06/17/2015,1
06/17/2015,1
06/17/2015,3
06/17/2015,1
06/17/2015,2
06/17/2015,1
06/17/2015,1
06/17/2015,1
06/17/2015,1
06/17/2015,1
06/17/2015,1
06/17/2015,1
06/17/2015,1
06/17/2015,1
06/17/2015,1
06/17/2015,1
06/17/2015,1
06/17/2015,1
06/17/2015,1
06/17/2015,2
06/17/2015,1
06/17/2015,1
06/17/2015,1
06/17/2015,1
06/17/2015,1
06/17/2015,1
06/17/2015,3
06/17/2015,1
06/17/2015,1
06/17/2015,1
06/17/2015,1
06/17/2015,1
06/17/2015,1
06/17/2015,3
06/17/2015,2
06/17/2015,1
06/17/2015,1
06/17/2015,1
06/17/2015,1
06/17/2015,1
06/17/2015,1
06/17/2015,1
06/17/2015,1
06/18/2015,6
06/18/2015,1
06/18/2015,1
06/18/2015,1
06/18/2015,1
06/18/2015,1
06/18/2015,1
06/18/2015,2
06/18/2015,1
06/18/2015,1
06/18/2015,2
06/18/2015,1
06/18/2015,1
06/18/2015,1
06/18/2015,1
06/18/2015,1
06/18/2015,1
06/18/2015,1
06/18/2015,1
06/18/2015,1
06/18/2015,1
06/18/2015,1
06/18/2015,1
06/18/2015,1
06/18/2015,1
06/18/2015,1
06/18/2015,1
06/18/2015,1
06/18/2015,2
06/18/2015,1
06/18/2015,1
06/18/2015,1
06/18/2015,1
06/18/2015,1
06/18/2015,1
06/18/2015,5
06/18/2015,1
06/18/2015,2
06/18/2015,1
06/18/2015,1
06/18/2015,4
06/18/2015,1
06/18/2015,1
06/18/2015,2
06/18/2015,2
06/18/2015,2
06/18/2015,1
06/18/2015,1
06/18/2015,1
06/18/2015,3
06/18/2015,1
06/18/2015,1
06/18/2015,1
06/18/2015,1
06/18/2015,1
06/18/2015,1
06/18/2015,1
06/18/2015,1
06/18/2015,1
06/18/2015,1
06/18/2015,1
06/18/2015,2
06/18/2015,1
06/18/2015,1
06/18/2015,2
06/18/2015,1
06/18/2015,1
06/18/2015,1
06/18/2015,1
06/18/2015,1
06/18/2015,4
06/18/2015,3
06/18/2015,1
06/18/2015,1
06/18/2015,1
06/18/2015,2
06/18/2015,1
06/18/2015,1
06/18/2015,1
06/18/2015,1
06/18/2015,2
06/18/2015,1
06/19/2015,2
06/19/2015,2
06/19/2015,1
06/19/2015,1
06/19/2015,3
06/19/2015,1
06/19/2015,3
06/19/2015,1
06/19/2015,1
06/19/2015,1
06/19/2015,2
06/19/2015,2
06/19/2015,1
06/19/2015,1
06/19/2015,1
06/19/2015,1
06/19/2015,1
06/19/2015,1
06/19/2015,1
06/19/2015,4
06/19/2015,1
06/19/2015,2
06/19/2015,1
06/19/2015,2
06/19/2015,1
06/19/2015,1
06/19/2015,1
06/19/2015,1
06/19/2015,1
06/19/2015,1
06/19/2015,1
06/19/2015,2
06/19/2015,1
06/19/2015,1
06/19/2015,1
06/19/2015,1
06/19/2015,2
06/19/2015,1
06/19/2015,1
06/19/2015,1
06/19/2015,1
06/19/2015,1
06/19/2015,1
06/19/2015,4
06/19/2015,1
06/19/2015,2
06/19/2015,1
06/19/2015,2
06/19/2015,3
06/19/2015,1
06/19/2015,2
06/19/2015,2
06/19/2015,1
06/19/2015,1
06/19/2015,1
06/19/2015,1
06/19/2015,1
06/19/2015,1
06/19/2015,1
06/19/2015,1
06/19/2015,1
06/19/2015,1
06/19/2015,1
06/19/2015,3
06/19/2015,1
06/19/2015,1
06/19/2015,1
06/19/2015,1
06/19/2015,1
06/19/2015,1
06/19/2015,3
06/19/2015,1
06/19/2015,1
06/19/2015,8
06/19/2015,1
06/19/2015,1
06/19/2015,2
06/19/2015,1
06/19/2015,1
06/19/2015,1
06/19/2015,3
06/19/2015,1
06/19/2015,1
06/19/2015,1
06/19/2015,2
06/19/2015,1
06/19/2015,1
06/19/2015,1
06/19/2015,1
06/19/2015,1
06/19/2015,1
06/19/2015,1
06/19/2015,3
06/19/2015,1
06/19/2015,1
06/19/2015,1
06/19/2015,1
06/19/2015,1
06/19/2015,5
06/19/2015,1
06/19/2015,1
06/19/2015,1
06/19/2015,1
06/19/2015,1
06/19/2015,1
06/19/2015,2
06/20/2015,4
06/20/2015,1
06/20/2015,1
06/20/2015,1
06/20/2015,5
06/20/2015,1
06/20/2015,4
06/20/2015,1
06/20/2015,4
06/20/2015,1
06/20/2015,2
06/20/2015,2
06/20/2015,1
06/20/2015,3
06/20/2015,1
06/20/2015,2
06/20/2015,1
06/20/2015,1
06/20/2015,1
06/20/2015,2
06/20/2015,1
06/20/2015,1
06/20/2015,1
06/20/2015,1
06/20/2015,1
06/20/2015,1
06/20/2015,1
06/20/2015,1
06/20/2015,1
06/20/2015,2
06/20/2015,1
06/20/2015,1
06/20/2015,3
06/20/2015,1
06/20/2015,1
06/20/2015,1
06/20/2015,1
06/20/2015,1
06/20/2015,1
06/20/2015,2
06/20/2015,1
06/20/2015,1
06/20/2015,1
06/20/2015,1
06/20/2015,1
06/20/2015,1
06/20/2015,1
06/20/2015,1
06/20/2015,1
06/20/2015,1
06/20/2015,2
06/20/2015,1
06/20/2015,1
06/20/2015,1
06/20/2015,1
06/20/2015,1
06/20/2015,1
06/20/2015,2
06/20/2015,1
06/20/2015,1
06/20/2015,2
06/20/2015,1
06/20/2015,1
06/20/2015,1
06/20/2015,2
06/20/2015,1
06/20/2015,1
06/20/2015,2
06/20/2015,1
06/20/2015,1
06/20/2015,1
06/20/2015,1
06/20/2015,1
06/20/2015,1
06/20/2015,1
06/20/2015,1
06/20/2015,2
06/20/2015,1
06/20/2015,1
06/20/2015,1
06/20/2015,4
06/20/2015,1
06/20/2015,1
06/20/2015,1
06/20/2015,5
06/20/2015,1
06/20/2015,1
06/20/2015,2
06/20/2015,1
06/20/2015,1
06/20/2015,1
06/20/2015,1
06/21/2015,3
06/21/2015,1
06/21/2015,1
06/21/2015,4
06/21/2015,1
06/21/2015,1
06/21/2015,3
06/21/2015,1
06/21/2015,1
06/21/2015,1
06/21/2015,1
06/21/2015,1
06/21/2015,1
06/21/2015,2
06/21/2015,1
06/21/2015,1
06/21/2015,1
06/21/2015,1
06/21/2015,1
06/21/2015,2
06/21/2015,1
06/21/2015,1
06/21/2015,1
06/21/2015,1
06/21/2015,1
06/21/2015,1
06/21/2015,1
06/21/2015,1
06/21/2015,2
06/21/2015,1
06/21/2015,1
06/21/2015,1
06/21/2015,1
06/21/2015,1
06/21/2015,1
06/21/2015,1
06/21/2015,1
06/21/2015,1
06/21/2015,1
06/21/2015,1
06/21/2015,1
06/21/2015,1
06/21/2015,1
06/21/2015,1
06/21/2015,3
06/21/2015,1
06/21/2015,1
06/21/2015,1
06/21/2015,1
06/21/2015,2
06/21/2015,1
06/21/2015,4
06/21/2015,1
06/21/2015,1
06/21/2015,1
06/21/2015,1
06/21/2015,2
06/21/2015,1
06/21/2015,1
06/21/2015,1
06/21/2015,3
06/21/2015,1
06/21/2015,1
06/21/2015,1
06/21/2015,1
06/21/2015,1
06/21/2015,1
06/21/2015,1
06/21/2015,1
06/21/2015,3
06/21/2015,1
06/22/2015,2
06/22/2015,1
06/22/2015,1
06/22/2015,1
06/22/2015,1
06/22/2015,2
06/22/2015,1
06/22/2015,1
06/22/2015,1
06/22/2015,1
06/22/2015,1
06/22/2015,3
06/22/2015,1
06/22/2015,2
06/22/2015,2
06/22/2015,3
06/22/2015,2
06/22/2015,1
06/22/2015,1
06/22/2015,1
06/22/2015,2
06/22/2015,1
06/22/2015,2
06/22/2015,1
06/22/2015,1
06/22/2015,1
06/22/2015,1
06/22/2015,1
06/22/2015,2
06/22/2015,1
06/22/2015,2
06/22/2015,1
06/22/2015,1
06/22/2015,1
06/22/2015,1
06/22/2015,1
06/22/2015,1
06/22/2015,2
06/22/2015,1
06/22/2015,2
06/22/2015,1
06/22/2015,6
06/22/2015,3
06/22/2015,1
06/22/2015,2
06/22/2015,1
06/22/2015,3
06/22/2015,1
06/22/2015,1
06/22/2015,1
06/22/2015,1
06/22/2015,1
06/22/2015,1
06/22/2015,5
06/22/2015,1
06/22/2015,1
06/22/2015,1
06/22/2015,1
06/22/2015,1
06/22/2015,1
06/22/2015,4
06/22/2015,1
06/22/2015,1
06/22/2015,1
06/22/2015,1
06/22/2015,1
06/22/2015,1
06/22/2015,2
06/22/2015,2
06/22/2015,1
06/22/2015,1
06/22/2015,3
06/22/2015,1
06/22/2015,1
06/22/2015,3
06/22/2015,1
06/22/2015,1
06/22/2015,1
06/22/2015,1
06/22/2015,1
06/22/2015,1
06/22/2015,1
06/22/2015,2
06/22/2015,1
06/22/2015,1
06/22/2015,1
06/22/2015,1
06/22/2015,2
06/22/2015,1
06/22/2015,1
06/23/2015,1
06/23/2015,1
06/23/2015,1
06/23/2015,1
06/23/2015,2
06/23/2015,1
06/23/2015,3
06/23/2015,2
06/23/2015,7
06/23/2015,1
06/23/2015,1
06/23/2015,2
06/23/2015,4
06/23/2015,1
06/23/2015,1
06/23/2015,2
06/23/2015,1
06/23/2015,1
06/23/2015,1
06/23/2015,1
06/23/2015,1
06/23/2015,1
06/23/2015,1
06/23/2015,1
06/23/2015,1
06/23/2015,1
06/23/2015,1
06/23/2015,1
06/23/2015,2
06/23/2015,3
06/23/2015,1
06/23/2015,1
06/23/2015,1
06/23/2015,3
06/23/2015,2
06/23/2015,1
06/23/2015,1
06/23/2015,1
06/23/2015,1
06/23/2015,1
06/23/2015,2
06/23/2015,1
06/23/2015,1
06/23/2015,1
06/23/2015,3
06/23/2015,1
06/23/2015,1
06/23/2015,1
06/23/2015,1
06/23/2015,1
06/23/2015,1
06/23/2015,1
06/23/2015,1
06/23/2015,2
06/23/2015,1
06/23/2015,6
06/23/2015,1
06/23/2015,1
06/23/2015,1
06/23/2015,4
06/23/2015,1
06/23/2015,2
06/23/2015,1
06/23/2015,1
06/23/2015,1
06/23/2015,1
06/23/2015,1
06/23/2015,1
06/23/2015,5
06/23/2015,1
06/23/2015,2
06/23/2015,2
06/23/2015,1
06/23/2015,1
06/23/2015,1
06/23/2015,1
06/23/2015,2
06/24/2015,2
06/24/2015,1
06/24/2015,1
06/24/2015,2
06/24/2015,1
06/24/2015,1
06/24/2015,1
06/24/2015,1
06/24/2015,1
06/24/2015,1
06/24/2015,2
06/24/2015,1
06/24/2015,1
06/24/2015,1
06/24/2015,1
06/24/2015,1
06/24/2015,1
06/24/2015,1
06/24/2015,1
06/24/2015,1
06/24/2015,3
06/24/2015,1
06/24/2015,1
06/24/2015,2
06/24/2015,1
06/24/2015,1
06/24/2015,1
06/24/2015,1
06/24/2015,1
06/24/2015,1
06/24/2015,2
06/24/2015,1
06/24/2015,1
06/24/2015,1
06/24/2015,1
06/24/2015,1
06/24/2015,1
06/24/2015,3
06/24/2015,1
06/24/2015,1
06/24/2015,2
06/24/2015,1
06/24/2015,3
06/24/2015,1
06/24/2015,3
06/24/2015,1
06/24/2015,1
06/24/2015,1
06/24/2015,1
06/24/2015,1
06/24/2015,1
06/24/2015,1
06/24/2015,2
06/24/2015,1
06/24/2015,1
06/24/2015,1
06/24/2015,1
06/24/2015,4
06/24/2015,1
06/24/2015,1
06/24/2015,2
06/24/2015,1
06/24/2015,1
06/24/2015,1
06/24/2015,1
06/24/2015,1
06/24/2015,1
06/24/2015,1
06/24/2015,1
06/24/2015,1
06/24/2015,1
06/24/2015,1
06/24/2015,2
06/24/2015,1
06/24/2015,1
06/24/2015,2
06/24/2015,1
06/24/2015,1
06/24/2015,4
06/24/2015,1
06/24/2015,2
06/24/2015,2
06/24/2015,1
06/24/2015,1
06/24/2015,3
06/24/2015,1
06/25/2015,3
06/25/2015,1
06/25/2015,1
06/25/2015,1
06/25/2015,2
06/25/2015,2
06/25/2015,1
06/25/2015,1
06/25/2015,1
06/25/2015,1
06/25/2015,1
06/25/2015,1
06/25/2015,1
06/25/2015,3
06/25/2015,2
06/25/2015,2
06/25/2015,2
06/25/2015,1
06/25/2015,1
06/25/2015,1
06/25/2015,2
06/25/2015,2
06/25/2015,1
06/25/2015,6
06/25/2015,1
06/25/2015,1
06/25/2015,2
06/25/2015,1
06/25/2015,1
06/25/2015,1
06/25/2015,1
06/25/2015,1
06/25/2015,1
06/25/2015,1
06/25/2015,1
06/25/2015,3
06/25/2015,1
06/25/2015,2
06/25/2015,1
06/25/2015,1
06/25/2015,1
06/25/2015,1
06/25/2015,1
06/25/2015,1
06/25/2015,1
06/25/2015,2
06/25/2015,1
06/25/2015,2
06/25/2015,1
06/25/2015,2
06/25/2015,1
06/25/2015,1
06/25/2015,1
06/25/2015,2
06/25/2015,1
06/25/2015,3
06/25/2015,1
06/25/2015,2
06/25/2015,1
06/25/2015,1
06/25/2015,1
06/25/2015,1
06/25/2015,1
06/25/2015,3
06/25/2015,3
06/25/2015,2
06/25/2015,4
06/25/2015,1
06/25/2015,1
06/25/2015,3
06/25/2015,2
06/26/2015,4
06/26/2015,1
06/26/2015,1
06/26/2015,3
06/26/2015,1
06/26/2015,5
06/26/2015,1
06/26/2015,1
06/26/2015,1
06/26/2015,1
06/26/2015,5
06/26/2015,1
06/26/2015,1
06/26/2015,1
06/26/2015,1
06/26/2015,1
06/26/2015,1
06/26/2015,1
06/26/2015,1
06/26/2015,1
06/26/2015,2
06/26/2015,1
06/26/2015,1
06/26/2015,1
06/26/2015,1
06/26/2015,1
06/26/2015,1
06/26/2015,1
06/26/2015,1
06/26/2015,1
06/26/2015,1
06/26/2015,1
06/26/2015,1
06/26/2015,1
06/26/2015,1
06/26/2015,1
06/26/2015,1
06/26/2015,1
06/26/2015,1
06/26/2015,2
06/26/2015,1
06/26/2015,1
06/26/2015,2
06/26/2015,1
06/26/2015,1
06/26/2015,1
06/26/2015,1
06/26/2015,1
06/26/2015,2
06/26/2015,1
06/26/2015,1
06/26/2015,1
06/26/2015,1
06/26/2015,2
06/26/2015,1
06/26/2015,1
06/26/2015,1
06/26/2015,1
06/26/2015,1
06/26/2015,1
06/26/2015,1
06/26/2015,1
06/26/2015,1
06/26/2015,1
06/26/2015,1
06/26/2015,1
06/26/2015,1
06/26/2015,2
06/26/2015,1
06/26/2015,1
06/26/2015,1
06/26/2015,1
06/26/2015,2
06/26/2015,1
06/26/2015,1
06/26/2015,1
06/26/2015,1
06/26/2015,1
06/26/2015,4
06/26/2015,1
06/26/2015,1
06/26/2015,1
06/26/2015,1
06/26/2015,1
06/26/2015,1
06/26/2015,3
06/26/2015,1
06/26/2015,1
06/26/2015,2
06/26/2015,1
06/26/2015,1
06/26/2015,1
06/26/2015,1
06/26/2015,3
06/26/2015,1
06/26/2015,1
06/26/2015,8
06/26/2015,1
06/26/2015,1
06/27/2015,5
06/27/2015,1
06/27/2015,1
06/27/2015,4
06/27/2015,1
06/27/2015,1
06/27/2015,5
06/27/2015,1
06/27/2015,1
06/27/2015,1
06/27/2015,1
06/27/2015,3
06/27/2015,1
06/27/2015,1
06/27/2015,1
06/27/2015,1
06/27/2015,2
06/27/2015,1
06/27/2015,1
06/27/2015,1
06/27/2015,1
06/27/2015,1
06/27/2015,2
06/27/2015,1
06/27/2015,1
06/27/2015,1
06/27/2015,1
06/27/2015,1
06/27/2015,1
06/27/2015,1
06/27/2015,1
06/27/2015,1
06/27/2015,1
06/27/2015,2
06/27/2015,1
06/27/2015,1
06/27/2015,1
06/27/2015,1
06/27/2015,1
06/27/2015,1
06/27/2015,1
06/27/2015,1
06/27/2015,2
06/27/2015,1
06/27/2015,2
06/27/2015,1
06/27/2015,1
06/27/2015,1
06/27/2015,2
06/27/2015,1
06/27/2015,1
06/27/2015,3
06/27/2015,1
06/27/2015,1
06/27/2015,1
06/27/2015,2
06/27/2015,1
06/27/2015,1
06/27/2015,3
06/27/2015,1
06/27/2015,1
06/27/2015,1
06/27/2015,1
06/27/2015,1
06/27/2015,5
06/27/2015,1
06/27/2015,1
06/27/2015,1
06/27/2015,1
06/27/2015,1
06/27/2015,1
06/27/2015,1
06/27/2015,2
06/27/2015,2
06/27/2015,2
06/27/2015,2
06/27/2015,1
06/27/2015,4
06/27/2015,1
06/27/2015,1
06/27/2015,1
06/27/2015,1
06/27/2015,1
06/27/2015,1
06/28/2015,2
06/28/2015,4
06/28/2015,1
06/28/2015,1
06/28/2015,1
06/28/2015,1
06/28/2015,1
06/28/2015,2
06/28/2015,1
06/28/2015,5
06/28/2015,1
06/28/2015,2
06/28/2015,1
06/28/2015,1
06/28/2015,3
06/28/2015,1
06/28/2015,1
06/28/2015,1
06/28/2015,1
06/28/2015,1
06/28/2015,1
06/28/2015,1
06/28/2015,1
06/28/2015,1
06/28/2015,1
06/28/2015,1
06/28/2015,1
06/28/2015,1
06/28/2015,2
06/28/2015,1
06/28/2015,1
06/28/2015,1
06/28/2015,1
06/28/2015,1
06/28/2015,2
06/28/2015,2
06/28/2015,1
06/28/2015,1
06/28/2015,3
06/28/2015,1
06/28/2015,1
06/28/2015,1
06/28/2015,1
06/28/2015,1
06/28/2015,1
06/28/2015,3
06/28/2015,1
06/28/2015,1
06/28/2015,2
06/28/2015,1
06/28/2015,2
06/28/2015,1
06/28/2015,1
06/28/2015,1
06/28/2015,1
06/28/2015,1
06/28/2015,1
06/28/2015,1
06/28/2015,5
06/28/2015,1
06/28/2015,1
06/28/2015,2
06/28/2015,1
06/28/2015,2
06/28/2015,2
06/28/2015,1
06/28/2015,1
06/28/2015,1
06/28/2015,1
06/28/2015,1
06/28/2015,5
06/28/2015,1
06/28/2015,1
06/28/2015,3
06/28/2015,4
06/28/2015,1
06/28/2015,1
06/28/2015,1
06/28/2015,1
06/29/2015,4
06/29/2015,1
06/29/2015,1
06/29/2015,1
06/29/2015,1
06/29/2015,1
06/29/2015,3
06/29/2015,4
06/29/2015,1
06/29/2015,2
06/29/2015,3
06/29/2015,1
06/29/2015,1
06/29/2015,2
06/29/2015,1
06/29/2015,1
06/29/2015,1
06/29/2015,1
06/29/2015,5
06/29/2015,1
06/29/2015,1
06/29/2015,1
06/29/2015,1
06/29/2015,1
06/29/2015,1
06/29/2015,1
06/29/2015,1
06/29/2015,1
06/29/2015,4
06/29/2015,1
06/29/2015,1
06/29/2015,1
06/29/2015,1
06/29/2015,1
06/29/2015,1
06/29/2015,1
06/29/2015,1
06/29/2015,1
06/29/2015,1
06/29/2015,1
06/29/2015,2
06/29/2015,1
06/29/2015,1
06/29/2015,1
06/29/2015,1
06/29/2015,2
06/29/2015,1
06/29/2015,1
06/29/2015,1
06/29/2015,1
06/29/2015,1
06/29/2015,2
06/29/2015,1
06/29/2015,1
06/29/2015,1
06/29/2015,1
06/29/2015,1
06/29/2015,2
06/29/2015,1
06/29/2015,1
06/29/2015,1
06/29/2015,1
06/29/2015,1
06/29/2015,1
06/29/2015,1
06/29/2015,2
06/29/2015,1
06/29/2015,2
06/29/2015,1
06/29/2015,1
06/29/2015,2
06/29/2015,1
06/29/2015,2
06/29/2015,1
06/29/2015,1
06/29/2015,2
06/29/2015,1
06/30/2015,3
06/30/2015,1
06/30/2015,1
06/30/2015,1
06/30/2015,1
06/30/2015,1
06/30/2015,1
06/30/2015,1
06/30/2015,1
06/30/2015,1
06/30/2015,1
06/30/2015,1
06/30/2015,1
06/30/2015,3
06/30/2015,1
06/30/2015,1
06/30/2015,2
06/30/2015,1
06/30/2015,1
06/30/2015,4
06/30/2015,1
06/30/2015,1
06/30/2015,2
06/30/2015,1
06/30/2015,1
06/30/2015,1
06/30/2015,1
06/30/2015,2
06/30/2015,1
06/30/2015,1
06/30/2015,1
06/30/2015,1
06/30/2015,1
06/30/2015,1
06/30/2015,1
06/30/2015,1
06/30/2015,1
06/30/2015,1
06/30/2015,1
06/30/2015,1
06/30/2015,2
06/30/2015,1
06/30/2015,2
06/30/2015,1
06/30/2015,1
06/30/2015,1
06/30/2015,1
06/30/2015,2
06/30/2015,2
06/30/2015,1
06/30/2015,1
06/30/2015,1
06/30/2015,2
06/30/2015,1
06/30/2015,1
06/30/2015,2
06/30/2015,1
06/30/2015,1
06/30/2015,1
06/30/2015,2
06/30/2015,1
06/30/2015,1
06/30/2015,1
06/30/2015,1
06/30/2015,1
06/30/2015,1
06/30/2015,3
06/30/2015,1
06/30/2015,2
06/30/2015,1
06/30/2015,3
06/30/2015,1
06/30/2015,1
06/30/2015,1
06/30/2015,1
06/30/2015,1
06/30/2015,1
06/30/2015,4
06/30/2015,1
06/30/2015,2
06/30/2015,2
07/01/2015,4
07/01/2015,1
07/01/2015,2
07/01/2015,1
07/01/2015,1
07/01/2015,1
07/01/2015,1
07/01/2015,1
07/01/2015,4
07/01/2015,1
07/01/2015,1
07/01/2015,4
07/01/2015,1
07/01/2015,1
07/01/2015,1
07/01/2015,1
07/01/2015,1
07/01/2015,1
07/01/2015,1
07/01/2015,1
07/01/2015,1
07/01/2015,1
07/01/2015,1
07/01/2015,1
07/01/2015,1
07/01/2015,1
07/01/2015,1
07/01/2015,1
07/01/2015,1
07/01/2015,1
07/01/2015,1
07/01/2015,1
07/01/2015,1
07/01/2015,1
07/01/2015,1
07/01/2015,3
07/01/2015,6
07/01/2015,1
07/01/2015,1
07/01/2015,1
07/01/2015,1
07/01/2015,2
07/01/2015,1
07/01/2015,4
07/01/2015,1
07/01/2015,1
07/01/2015,1
07/01/2015,4
07/01/2015,1
07/01/2015,1
07/01/2015,3
07/01/2015,1
07/01/2015,1
07/01/2015,2
07/01/2015,1
07/01/2015,3
07/01/2015,1
07/01/2015,5
07/01/2015,1
07/01/2015,2
07/01/2015,2
07/01/2015,1
07/01/2015,1
07/01/2015,1
07/01/2015,1
07/01/2015,1
07/01/2015,4
07/01/2015,1
07/01/2015,1
07/01/2015,3
07/01/2015,4
07/01/2015,2
07/01/2015,1
07/01/2015,1
07/01/2015,1
07/01/2015,1
07/01/2015,1
07/01/2015,1
07/01/2015,1
07/01/2015,2
07/02/2015,3
07/02/2015,1
07/02/2015,1
07/02/2015,4
07/02/2015,1
07/02/2015,1
07/02/2015,1
07/02/2015,1
07/02/2015,1
07/02/2015,1
07/02/2015,2
07/02/2015,1
07/02/2015,1
07/02/2015,1
07/02/2015,1
07/02/2015,2
07/02/2015,1
07/02/2015,1
07/02/2015,1
07/02/2015,1
07/02/2015,1
07/02/2015,1
07/02/2015,1
07/02/2015,1
07/02/2015,1
07/02/2015,1
07/02/2015,2
07/02/2015,2
07/02/2015,2
07/02/2015,1
07/02/2015,2
07/02/2015,1
07/02/2015,1
07/02/2015,1
07/02/2015,1
07/02/2015,2
07/02/2015,1
07/02/2015,2
07/02/2015,1
07/02/2015,1
07/02/2015,1
07/02/2015,1
07/02/2015,2
07/02/2015,1
07/02/2015,2
07/02/2015,1
07/02/2015,3
07/02/2015,1
07/02/2015,1
07/02/2015,1
07/02/2015,1
07/02/2015,5
07/02/2015,1
07/02/2015,1
07/02/2015,1
07/02/2015,1
07/02/2015,2
07/02/2015,1
07/02/2015,1
07/02/2015,1
07/02/2015,1
07/02/2015,5
07/02/2015,1
07/02/2015,1
07/02/2015,1
07/02/2015,1
07/02/2015,1
07/02/2015,4
07/02/2015,1
07/02/2015,1
07/02/2015,2
07/02/2015,1
07/02/2015,1
07/02/2015,2
07/02/2015,1
07/02/2015,1
07/02/2015,5
07/02/2015,1
07/02/2015,1
07/02/2015,1
07/03/2015,3
07/03/2015,1
07/03/2015,1
07/03/2015,1
07/03/2015,1
07/03/2015,1
07/03/2015,2
07/03/2015,1
07/03/2015,1
07/03/2015,3
07/03/2015,1
07/03/2015,1
07/03/2015,4
07/03/2015,1
07/03/2015,1
07/03/2015,1
07/03/2015,1
07/03/2015,1
07/03/2015,1
07/03/2015,1
07/03/2015,1
07/03/2015,1
07/03/2015,1
07/03/2015,1
07/03/2015,2
07/03/2015,1
07/03/2015,2
07/03/2015,1
07/03/2015,1
07/03/2015,1
07/03/2015,1
07/03/2015,1
07/03/2015,1
07/03/2015,1
07/03/2015,1
07/03/2015,1
07/03/2015,2
07/03/2015,1
07/03/2015,1
07/03/2015,1
07/03/2015,3
07/03/2015,1
07/03/2015,1
07/03/2015,1
07/03/2015,1
07/03/2015,1
07/03/2015,1
07/03/2015,1
07/03/2015,6
07/03/2015,1
07/03/2015,1
07/03/2015,1
07/03/2015,6
07/03/2015,1
07/03/2015,1
07/03/2015,1
07/03/2015,1
07/03/2015,1
07/03/2015,1
07/03/2015,1
07/03/2015,1
07/03/2015,1
07/03/2015,1
07/03/2015,1
07/03/2015,1
07/03/2015,1
07/03/2015,1
07/03/2015,1
07/03/2015,2
07/03/2015,2
07/03/2015,6
07/03/2015,1
07/03/2015,1
07/03/2015,1
07/03/2015,1
07/03/2015,2
07/03/2015,1
07/03/2015,2
07/03/2015,1
07/03/2015,1
07/03/2015,2
07/03/2015,1
07/03/2015,1
07/03/2015,1
07/03/2015,1
07/03/2015,2
07/04/2015,1
07/04/2015,1
07/04/2015,1
07/04/2015,1
07/04/2015,1
07/04/2015,2
07/04/2015,1
07/04/2015,2
07/04/2015,1
07/04/2015,4
07/04/2015,1
07/04/2015,1
07/04/2015,1
07/04/2015,8
07/04/2015,1
07/04/2015,1
07/04/2015,1
07/04/2015,1
07/04/2015,1
07/04/2015,1
07/04/2015,2
07/04/2015,1
07/04/2015,1
07/04/2015,1
07/04/2015,1
07/04/2015,1
07/04/2015,1
07/04/2015,3
07/04/2015,1
07/04/2015,1
07/04/2015,1
07/04/2015,1
07/04/2015,1
07/04/2015,1
07/04/2015,1
07/04/2015,1
07/04/2015,1
07/04/2015,1
07/04/2015,2
07/04/2015,1
07/04/2015,1
07/04/2015,1
07/04/2015,1
07/04/2015,1
07/04/2015,1
07/04/2015,1
07/04/2015,1
07/04/2015,1
07/04/2015,1
07/04/2015,5
07/04/2015,1
07/04/2015,1
07/04/2015,1
07/04/2015,1
07/04/2015,3
07/04/2015,1
07/04/2015,2
07/04/2015,4
07/04/2015,1
07/04/2015,2
07/04/2015,1
07/04/2015,1
07/04/2015,1
07/04/2015,1
07/04/2015,1
07/04/2015,1
07/04/2015,1
07/04/2015,2
07/04/2015,2
07/04/2015,1
07/04/2015,2
07/04/2015,2
07/04/2015,1
07/04/2015,2
07/04/2015,1
07/04/2015,1
07/04/2015,1
07/04/2015,1
07/04/2015,1
07/04/2015,1
07/04/2015,2
07/04/2015,1
07/04/2015,2
07/04/2015,1
07/05/2015,3
07/05/2015,1
07/05/2015,1
07/05/2015,4
07/05/2015,2
07/05/2015,1
07/05/2015,1
07/05/2015,1
07/05/2015,1
07/05/2015,4
07/05/2015,1
07/05/2015,2
07/05/2015,3
07/05/2015,1
07/05/2015,1
07/05/2015,1
07/05/2015,1
07/05/2015,1
07/05/2015,1
07/05/2015,1
07/05/2015,1
07/05/2015,1
07/05/2015,1
07/05/2015,1
07/05/2015,2
07/05/2015,1
07/05/2015,1
07/05/2015,1
07/05/2015,1
07/05/2015,1
07/05/2015,1
07/05/2015,1
07/05/2015,1
07/05/2015,2
07/05/2015,1
07/05/2015,1
07/05/2015,2
07/05/2015,1
07/05/2015,1
07/05/2015,1
07/05/2015,1
07/05/2015,1
07/05/2015,1
07/05/2015,1
07/05/2015,1
07/05/2015,1
07/05/2015,1
07/05/2015,1
07/05/2015,4
07/05/2015,1
07/05/2015,1
07/05/2015,1
07/05/2015,1
07/05/2015,2
07/05/2015,1
07/05/2015,1
07/05/2015,1
07/05/2015,1
07/05/2015,2
07/05/2015,1
07/05/2015,1
07/05/2015,1
07/05/2015,1
07/05/2015,3
07/05/2015,1
07/05/2015,1
07/05/2015,1
07/05/2015,1
07/05/2015,1
07/05/2015,1
07/05/2015,4
07/05/2015,1
07/05/2015,1
07/05/2015,1
07/05/2015,1
07/05/2015,3
07/05/2015,1
07/05/2015,2
07/05/2015,4
07/05/2015,1
07/05/2015,1
07/05/2015,1
07/06/2015,2
07/06/2015,2
07/06/2015,3
07/06/2015,1
07/06/2015,1
07/06/2015,1
07/06/2015,2
07/06/2015,2
07/06/2015,1
07/06/2015,1
07/06/2015,1
07/06/2015,1
07/06/2015,1
07/06/2015,2
07/06/2015,1
07/06/2015,1
07/06/2015,1
07/06/2015,1
07/06/2015,2
07/06/2015,1
07/06/2015,1
07/06/2015,1
07/06/2015,1
07/06/2015,2
07/06/2015,1
07/06/2015,1
07/06/2015,1
07/06/2015,3
07/06/2015,1
07/06/2015,1
07/06/2015,1
07/06/2015,1
07/06/2015,1
07/06/2015,1
07/06/2015,1
07/06/2015,1
07/06/2015,1
07/06/2015,1
07/06/2015,1
07/06/2015,2
07/06/2015,1
07/06/2015,1
07/06/2015,1
07/06/2015,1
07/06/2015,1
07/06/2015,1
07/06/2015,2
07/06/2015,1
07/06/2015,1
07/06/2015,3
07/06/2015,1
07/06/2015,1
07/06/2015,1
07/06/2015,1
07/06/2015,1
07/06/2015,1
07/06/2015,1
07/06/2015,1
07/06/2015,3
07/06/2015,1
07/06/2015,1
07/06/2015,1
07/06/2015,1
07/06/2015,1
07/06/2015,1
07/06/2015,8
07/06/2015,2
07/06/2015,1
07/06/2015,2
07/06/2015,1
07/06/2015,1
07/06/2015,2
07/06/2015,1
07/07/2015,1
07/07/2015,1
07/07/2015,1
07/07/2015,1
07/07/2015,1
07/07/2015,1
07/07/2015,1
07/07/2015,1
07/07/2015,1
07/07/2015,1
07/07/2015,2
07/07/2015,1
07/07/2015,1
07/07/2015,1
07/07/2015,6
07/07/2015,2
07/07/2015,1
07/07/2015,2
07/07/2015,1
07/07/2015,1
07/07/2015,1
07/07/2015,1
07/07/2015,1
07/07/2015,1
07/07/2015,1
07/07/2015,1
07/07/2015,1
07/07/2015,1
07/07/2015,1
07/07/2015,1
07/07/2015,1
07/07/2015,1
07/07/2015,1
07/07/2015,1
07/07/2015,1
07/07/2015,1
07/07/2015,1
07/07/2015,2
07/07/2015,1
07/07/2015,1
07/07/2015,1
07/07/2015,1
07/07/2015,2
07/07/2015,1
07/07/2015,2
07/07/2015,1
07/07/2015,1
07/07/2015,1
07/07/2015,1
07/07/2015,1
07/07/2015,1
07/07/2015,3
07/07/2015,1
07/07/2015,1
07/07/2015,1
07/07/2015,1
07/07/2015,1
07/07/2015,1
07/07/2015,2
07/07/2015,1
07/07/2015,1
07/07/2015,1
07/07/2015,2
07/07/2015,1
07/07/2015,1
07/07/2015,1
07/07/2015,2
07/07/2015,1
07/07/2015,2
07/07/2015,1
07/07/2015,1
07/07/2015,1
07/07/2015,1
07/07/2015,1
07/07/2015,1
07/07/2015,1
07/07/2015,1
07/07/2015,1
07/07/2015,2
07/07/2015,1
07/07/2015,1
07/07/2015,2
07/07/2015,1
07/07/2015,1
07/07/2015,1
07/07/2015,1
07/07/2015,2
07/07/2015,3
07/07/2015,1
07/07/2015,1
07/07/2015,2
07/07/2015,1
07/08/2015,2
07/08/2015,1
07/08/2015,1
07/08/2015,1
07/08/2015,1
07/08/2015,2
07/08/2015,1
07/08/2015,2
07/08/2015,1
07/08/2015,1
07/08/2015,1
07/08/2015,1
07/08/2015,1
07/08/2015,1
07/08/2015,1
07/08/2015,1
07/08/2015,1
07/08/2015,1
07/08/2015,3
07/08/2015,1
07/08/2015,1
07/08/2015,2
07/08/2015,1
07/08/2015,1
07/08/2015,1
07/08/2015,1
07/08/2015,1
07/08/2015,1
07/08/2015,1
07/08/2015,1
07/08/2015,1
07/08/2015,1
07/08/2015,1
07/08/2015,1
07/08/2015,1
07/08/2015,1
07/08/2015,1
07/08/2015,1
07/08/2015,1
07/08/2015,1
07/08/2015,2
07/08/2015,1
07/08/2015,1
07/08/2015,1
07/08/2015,1
07/08/2015,1
07/08/2015,1
07/08/2015,1
07/08/2015,1
07/08/2015,1
07/08/2015,1
07/08/2015,1
07/08/2015,1
07/08/2015,1
07/08/2015,1
07/08/2015,1
07/08/2015,1
07/08/2015,1
07/08/2015,1
07/08/2015,1
07/08/2015,1
07/08/2015,1
07/08/2015,1
07/08/2015,1
07/08/2015,1
07/08/2015,4
07/08/2015,1
07/08/2015,1
07/08/2015,1
07/08/2015,1
07/08/2015,2
07/08/2015,1
07/08/2015,2
07/08/2015,1
07/08/2015,1
07/08/2015,1
07/08/2015,1
07/08/2015,2
07/08/2015,3
07/08/2015,1
07/08/2015,3
07/08/2015,1
07/08/2015,1
07/08/2015,1
07/08/2015,2
07/08/2015,2
07/08/2015,1
07/09/2015,3
07/09/2015,1
07/09/2015,1
07/09/2015,1
07/09/2015,5
07/09/2015,1
07/09/2015,1
07/09/2015,1
07/09/2015,1
07/09/2015,1
07/09/2015,2
07/09/2015,1
07/09/2015,1
07/09/2015,1
07/09/2015,1
07/09/2015,1
07/09/2015,1
07/09/2015,1
07/09/2015,1
07/09/2015,1
07/09/2015,1
07/09/2015,1
07/09/2015,1
07/09/2015,1
07/09/2015,1
07/09/2015,1
07/09/2015,1
07/09/2015,1
07/09/2015,1
07/09/2015,2
07/09/2015,1
07/09/2015,1
07/09/2015,1
07/09/2015,1
07/09/2015,1
07/09/2015,1
07/09/2015,2
07/09/2015,1
07/09/2015,3
07/09/2015,1
07/09/2015,1
07/09/2015,1
07/09/2015,1
07/09/2015,1
07/09/2015,1
07/09/2015,1
07/09/2015,3
07/09/2015,1
07/09/2015,1
07/09/2015,1
07/09/2015,2
07/09/2015,1
07/09/2015,1
07/09/2015,1
07/09/2015,1
07/09/2015,1
07/09/2015,1
07/09/2015,1
07/09/2015,1
07/09/2015,1
07/09/2015,2
07/09/2015,1
07/09/2015,2
07/09/2015,1
07/09/2015,1
07/09/2015,1
07/09/2015,3
07/09/2015,2
07/09/2015,1
07/09/2015,1
07/09/2015,1
07/09/2015,3
07/09/2015,1
07/09/2015,1
07/09/2015,1
07/09/2015,3
07/09/2015,2
07/09/2015,1
07/09/2015,1
07/09/2015,1
07/10/2015,2
07/10/2015,1
07/10/2015,1
07/10/2015,2
07/10/2015,1
07/10/2015,1
07/10/2015,3
07/10/2015,1
07/10/2015,3
07/10/2015,1
07/10/2015,1
07/10/2015,2
07/10/2015,3
07/10/2015,1
07/10/2015,1
07/10/2015,1
07/10/2015,1
07/10/2015,1
07/10/2015,1
07/10/2015,1
07/10/2015,1
07/10/2015,1
07/10/2015,1
07/10/2015,1
07/10/2015,1
07/10/2015,1
07/10/2015,1
07/10/2015,1
07/10/2015,1
07/10/2015,1
07/10/2015,1
07/10/2015,1
07/10/2015,1
07/10/2015,1
07/10/2015,1
07/10/2015,1
07/10/2015,1
07/10/2015,1
07/10/2015,1
07/10/2015,1
07/10/2015,1
07/10/2015,1
07/10/2015,1
07/10/2015,1
07/10/2015,1
07/10/2015,1
07/10/2015,1
07/10/2015,2
07/10/2015,1
07/10/2015,1
07/10/2015,4
07/10/2015,1
07/10/2015,1
07/10/2015,1
07/10/2015,1
07/10/2015,1
07/10/2015,1
07/10/2015,1
07/10/2015,1
07/10/2015,1
07/10/2015,6
07/10/2015,1
07/10/2015,1
07/10/2015,1
07/10/2015,2
07/10/2015,1
07/10/2015,3
07/10/2015,1
07/10/2015,2
07/10/2015,1
07/10/2015,3
07/10/2015,1
07/10/2015,1
07/10/2015,4
07/10/2015,3
07/10/2015,1
07/10/2015,1
07/10/2015,2
07/10/2015,1
07/10/2015,1
07/10/2015,1
07/10/2015,1
07/10/2015,2
07/10/2015,1
07/10/2015,1
07/10/2015,1
07/10/2015,1
07/10/2015,5
07/10/2015,1
07/10/2015,1
07/11/2015,2
07/11/2015,1
07/11/2015,1
07/11/2015,1
07/11/2015,1
07/11/2015,1
07/11/2015,5
07/11/2015,1
07/11/2015,1
07/11/2015,2
07/11/2015,1
07/11/2015,1
07/11/2015,3
07/11/2015,3
07/11/2015,1
07/11/2015,3
07/11/2015,1
07/11/2015,2
07/11/2015,1
07/11/2015,1
07/11/2015,1
07/11/2015,1
07/11/2015,1
07/11/2015,1
07/11/2015,1
07/11/2015,1
07/11/2015,3
07/11/2015,2
07/11/2015,1
07/11/2015,1
07/11/2015,1
07/11/2015,1
07/11/2015,1
07/11/2015,1
07/11/2015,1
07/11/2015,1
07/11/2015,1
07/11/2015,1
07/11/2015,1
07/11/2015,2
07/11/2015,1
07/11/2015,1
07/11/2015,1
07/11/2015,1
07/11/2015,1
07/11/2015,1
07/11/2015,1
07/11/2015,5
07/11/2015,3
07/11/2015,1
07/11/2015,3
07/11/2015,1
07/11/2015,1
07/11/2015,1
07/11/2015,1
07/11/2015,2
07/11/2015,1
07/11/2015,1
07/11/2015,1
07/11/2015,4
07/11/2015,1
07/11/2015,1
07/11/2015,1
07/11/2015,1
07/11/2015,1
07/11/2015,3
07/11/2015,1
07/11/2015,3
07/11/2015,1
07/11/2015,1
07/11/2015,3
07/11/2015,1
07/11/2015,1
07/11/2015,1
07/11/2015,1
07/11/2015,2
07/11/2015,1
07/11/2015,1
07/11/2015,1
07/11/2015,2
07/11/2015,1
07/11/2015,1
07/11/2015,1
07/11/2015,1
07/11/2015,1
07/11/2015,1
07/11/2015,1
07/11/2015,1
07/11/2015,4
07/11/2015,3
07/11/2015,1
07/12/2015,2
07/12/2015,1
07/12/2015,2
07/12/2015,1
07/12/2015,1
07/12/2015,2
07/12/2015,1
07/12/2015,1
07/12/2015,1
07/12/2015,1
07/12/2015,3
07/12/2015,1
07/12/2015,1
07/12/2015,1
07/12/2015,1
07/12/2015,2
07/12/2015,1
07/12/2015,1
07/12/2015,3
07/12/2015,1
07/12/2015,1
07/12/2015,1
07/12/2015,1
07/12/2015,1
07/12/2015,1
07/12/2015,1
07/12/2015,1
07/12/2015,1
07/12/2015,1
07/12/2015,2
07/12/2015,1
07/12/2015,1
07/12/2015,1
07/12/2015,1
07/12/2015,1
07/12/2015,3
07/12/2015,1
07/12/2015,1
07/12/2015,1
07/12/2015,1
07/12/2015,2
07/12/2015,1
07/12/2015,2
07/12/2015,1
07/12/2015,1
07/12/2015,1
07/12/2015,3
07/12/2015,1
07/12/2015,1
07/12/2015,1
07/12/2015,5
07/12/2015,1
07/12/2015,1
07/12/2015,1
07/12/2015,1
07/12/2015,1
07/12/2015,1
07/12/2015,2
07/12/2015,1
07/12/2015,1
07/12/2015,1
07/12/2015,1
07/12/2015,1
07/12/2015,1
07/12/2015,1
07/12/2015,1
07/12/2015,4
07/12/2015,1
07/12/2015,1
07/12/2015,1
07/12/2015,4
07/12/2015,1
07/12/2015,2
07/12/2015,1
07/12/2015,1
07/12/2015,1
07/12/2015,1
07/12/2015,1
07/12/2015,2
07/12/2015,1
07/12/2015,1
07/12/2015,1
07/12/2015,1
07/13/2015,2
07/13/2015,1
07/13/2015,1
07/13/2015,1
07/13/2015,1
07/13/2015,1
07/13/2015,4
07/13/2015,1
07/13/2015,3
07/13/2015,1
07/13/2015,1
07/13/2015,1
07/13/2015,1
07/13/2015,2
07/13/2015,1
07/13/2015,1
07/13/2015,1
07/13/2015,1
07/13/2015,2
07/13/2015,1
07/13/2015,1
07/13/2015,1
07/13/2015,1
07/13/2015,1
07/13/2015,1
07/13/2015,1
07/13/2015,1
07/13/2015,2
07/13/2015,2
07/13/2015,1
07/13/2015,1
07/13/2015,1
07/13/2015,3
07/13/2015,1
07/13/2015,1
07/13/2015,1
07/13/2015,1
07/13/2015,1
07/13/2015,1
07/13/2015,1
07/13/2015,1
07/13/2015,1
07/13/2015,1
07/13/2015,1
07/13/2015,1
07/13/2015,2
07/13/2015,1
07/13/2015,1
07/13/2015,1
07/13/2015,1
07/13/2015,1
07/13/2015,2
07/13/2015,1
07/13/2015,1
07/13/2015,1
07/13/2015,1
07/13/2015,1
07/13/2015,1
07/13/2015,2
07/13/2015,1
07/13/2015,1
07/13/2015,3
07/13/2015,1
07/13/2015,1
07/13/2015,1
07/13/2015,1
07/13/2015,4
07/13/2015,1
07/13/2015,5
07/13/2015,1
07/13/2015,1
07/13/2015,1
07/13/2015,1
07/13/2015,1
07/13/2015,2
07/13/2015,1
07/13/2015,2
07/13/2015,1
07/14/2015,4
07/14/2015,1
07/14/2015,1
07/14/2015,1
07/14/2015,1
07/14/2015,1
07/14/2015,1
07/14/2015,2
07/14/2015,5
07/14/2015,1
07/14/2015,2
07/14/2015,1
07/14/2015,1
07/14/2015,2
07/14/2015,1
07/14/2015,1
07/14/2015,1
07/14/2015,2
07/14/2015,1
07/14/2015,1
07/14/2015,1
07/14/2015,1
07/14/2015,1
07/14/2015,1
07/14/2015,1
07/14/2015,1
07/14/2015,1
07/14/2015,1
07/14/2015,2
07/14/2015,3
07/14/2015,1
07/14/2015,1
07/14/2015,1
07/14/2015,1
07/14/2015,2
07/14/2015,1
07/14/2015,1
07/14/2015,1
07/14/2015,1
07/14/2015,1
07/14/2015,1
07/14/2015,1
07/14/2015,1
07/14/2015,3
07/14/2015,1
07/14/2015,1
07/14/2015,3
07/14/2015,1
07/14/2015,1
07/14/2015,1
07/14/2015,1
07/14/2015,2
07/14/2015,1
07/14/2015,1
07/14/2015,3
07/14/2015,1
07/14/2015,1
07/14/2015,1
07/14/2015,1
07/14/2015,1
07/14/2015,1
07/14/2015,1
07/14/2015,1
07/14/2015,2
07/14/2015,1
07/14/2015,1
07/14/2015,1
07/14/2015,1
07/14/2015,2
07/14/2015,3
07/14/2015,1
07/14/2015,1
07/14/2015,1
07/14/2015,2
07/14/2015,1
07/14/2015,1
07/14/2015,1
07/14/2015,3
07/14/2015,1
07/14/2015,1
07/14/2015,1
07/14/2015,1
07/15/2015,1
07/15/2015,1
07/15/2015,2
07/15/2015,1
07/15/2015,1
07/15/2015,1
07/15/2015,1
07/15/2015,3
07/15/2015,1
07/15/2015,1
07/15/2015,5
07/15/2015,1
07/15/2015,2
07/15/2015,1
07/15/2015,1
07/15/2015,4
07/15/2015,1
07/15/2015,3
07/15/2015,1
07/15/2015,2
07/15/2015,2
07/15/2015,1
07/15/2015,1
07/15/2015,2
07/15/2015,1
07/15/2015,1
07/15/2015,1
07/15/2015,1
07/15/2015,1
07/15/2015,1
07/15/2015,1
07/15/2015,2
07/15/2015,1
07/15/2015,1
07/15/2015,1
07/15/2015,1
07/15/2015,1
07/15/2015,2
07/15/2015,3
07/15/2015,1
07/15/2015,2
07/15/2015,1
07/15/2015,1
07/15/2015,1
07/15/2015,1
07/15/2015,6
07/15/2015,1
07/15/2015,1
07/15/2015,2
07/15/2015,1
07/15/2015,1
07/15/2015,1
07/15/2015,4
07/15/2015,1
07/15/2015,1
07/15/2015,1
07/15/2015,1
07/15/2015,1
07/15/2015,1
07/15/2015,2
07/15/2015,2
07/15/2015,1
07/15/2015,3
07/15/2015,1
07/15/2015,1
07/15/2015,1
07/15/2015,1
07/15/2015,1
07/15/2015,3
07/15/2015,1
07/15/2015,1
07/15/2015,1
07/15/2015,3
07/15/2015,1
07/15/2015,2
07/15/2015,1
07/15/2015,2
07/15/2015,1
07/15/2015,1
07/15/2015,1
07/15/2015,1
07/15/2015,1
07/15/2015,5
07/15/2015,1
07/15/2015,1
07/15/2015,1
07/15/2015,1
07/15/2015,2
07/16/2015,3
07/16/2015,1
07/16/2015,2
07/16/2015,1
07/16/2015,1
07/16/2015,1
07/16/2015,1
07/16/2015,1
07/16/2015,1
07/16/2015,1
07/16/2015,3
07/16/2015,1
07/16/2015,1
07/16/2015,1
07/16/2015,1
07/16/2015,1
07/16/2015,4
07/16/2015,1
07/16/2015,1
07/16/2015,3
07/16/2015,1
07/16/2015,1
07/16/2015,1
07/16/2015,1
07/16/2015,2
07/16/2015,2
07/16/2015,1
07/16/2015,2
07/16/2015,1
07/16/2015,1
07/16/2015,1
07/16/2015,1
07/16/2015,1
07/16/2015,1
07/16/2015,1
07/16/2015,1
07/16/2015,2
07/16/2015,3
07/16/2015,2
07/16/2015,1
07/16/2015,3
07/16/2015,1
07/16/2015,1
07/16/2015,2
07/16/2015,1
07/16/2015,2
07/16/2015,1
07/16/2015,3
07/16/2015,2
07/16/2015,1
07/16/2015,1
07/16/2015,1
07/16/2015,1
07/16/2015,1
07/16/2015,4
07/16/2015,1
07/16/2015,1
07/16/2015,2
07/16/2015,1
07/16/2015,1
07/16/2015,2
07/16/2015,1
07/16/2015,1
07/16/2015,1
07/16/2015,1
07/16/2015,1
07/16/2015,1
07/16/2015,2
07/16/2015,2
07/16/2015,1
07/16/2015,1
07/16/2015,4
07/16/2015,1
07/16/2015,1
07/16/2015,1
07/16/2015,2
07/16/2015,2
07/16/2015,1
07/16/2015,3
07/16/2015,1
07/16/2015,1
07/16/2015,1
07/16/2015,3
07/16/2015,1
07/16/2015,2
07/16/2015,1
07/17/2015,3
07/17/2015,1
07/17/2015,1
07/17/2015,1
07/17/2015,1
07/17/2015,1
07/17/2015,4
07/17/2015,1
07/17/2015,2
07/17/2015,1
07/17/2015,7
07/17/2015,1
07/17/2015,1
07/17/2015,1
07/17/2015,1
07/17/2015,1
07/17/2015,1
07/17/2015,1
07/17/2015,1
07/17/2015,1
07/17/2015,1
07/17/2015,1
07/17/2015,1
07/17/2015,1
07/17/2015,1
07/17/2015,1
07/17/2015,1
07/17/2015,1
07/17/2015,2
07/17/2015,1
07/17/2015,3
07/17/2015,1
07/17/2015,2
07/17/2015,1
07/17/2015,4
07/17/2015,1
07/17/2015,3
07/17/2015,1
07/17/2015,1
07/17/2015,1
07/17/2015,1
07/17/2015,1
07/17/2015,1
07/17/2015,3
07/17/2015,1
07/17/2015,1
07/17/2015,1
07/17/2015,1
07/17/2015,1
07/17/2015,2
07/17/2015,2
07/17/2015,1
07/17/2015,1
07/17/2015,1
07/17/2015,4
07/17/2015,1
07/17/2015,1
07/17/2015,1
07/17/2015,1
07/17/2015,2
07/17/2015,2
07/17/2015,1
07/17/2015,3
07/17/2015,2
07/17/2015,1
07/17/2015,3
07/17/2015,1
07/17/2015,1
07/17/2015,1
07/17/2015,2
07/17/2015,1
07/17/2015,2
07/18/2015,3
07/18/2015,1
07/18/2015,1
07/18/2015,4
07/18/2015,1
07/18/2015,1
07/18/2015,1
07/18/2015,1
07/18/2015,1
07/18/2015,1
07/18/2015,1
07/18/2015,1
07/18/2015,1
07/18/2015,4
07/18/2015,1
07/18/2015,1
07/18/2015,3
07/18/2015,2
07/18/2015,1
07/18/2015,1
07/18/2015,1
07/18/2015,1
07/18/2015,1
07/18/2015,1
07/18/2015,1
07/18/2015,1
07/18/2015,1
07/18/2015,1
07/18/2015,1
07/18/2015,1
07/18/2015,1
07/18/2015,2
07/18/2015,1
07/18/2015,1
07/18/2015,1
07/18/2015,1
07/18/2015,1
07/18/2015,1
07/18/2015,1
07/18/2015,1
07/18/2015,1
07/18/2015,1
07/18/2015,1
07/18/2015,1
07/18/2015,1
07/18/2015,1
07/18/2015,1
07/18/2015,1
07/18/2015,1
07/18/2015,1
07/18/2015,1
07/18/2015,2
07/18/2015,1
07/18/2015,1
07/18/2015,1
07/18/2015,2
07/18/2015,1
07/18/2015,3
07/18/2015,2
07/18/2015,1
07/18/2015,2
07/18/2015,1
07/18/2015,1
07/18/2015,1
07/18/2015,2
07/18/2015,1
07/18/2015,1
07/18/2015,1
07/18/2015,1
07/18/2015,3
07/18/2015,1
07/18/2015,1
07/18/2015,1
07/18/2015,1
07/18/2015,2
07/18/2015,1
07/18/2015,1
07/18/2015,1
07/18/2015,1
07/18/2015,1
07/18/2015,1
07/18/2015,2
07/18/2015,4
07/18/2015,1
07/18/2015,1
07/18/2015,1
07/18/2015,1
07/18/2015,1
07/18/2015,1
07/18/2015,1
07/18/2015,1
07/19/2015,4
07/19/2015,1
07/19/2015,1
07/19/2015,1
07/19/2015,1
07/19/2015,1
07/19/2015,1
07/19/2015,1
07/19/2015,1
07/19/2015,2
07/19/2015,1
07/19/2015,2
07/19/2015,1
07/19/2015,2
07/19/2015,2
07/19/2015,1
07/19/2015,1
07/19/2015,1
07/19/2015,1
07/19/2015,1
07/19/2015,1
07/19/2015,1
07/19/2015,2
07/19/2015,1
07/19/2015,2
07/19/2015,1
07/19/2015,1
07/19/2015,1
07/19/2015,1
07/19/2015,1
07/19/2015,1
07/19/2015,1
07/19/2015,1
07/19/2015,1
07/19/2015,1
07/19/2015,1
07/19/2015,1
07/19/2015,1
07/19/2015,1
07/19/2015,2
07/19/2015,1
07/19/2015,2
07/19/2015,1
07/19/2015,1
07/19/2015,1
07/19/2015,1
07/19/2015,1
07/19/2015,1
07/19/2015,2
07/19/2015,1
07/19/2015,1
07/19/2015,2
07/19/2015,1
07/19/2015,1
07/19/2015,1
07/19/2015,1
07/19/2015,1
07/19/2015,1
07/19/2015,1
07/19/2015,1
07/19/2015,1
07/19/2015,1
07/19/2015,3
07/19/2015,1
07/19/2015,1
07/19/2015,1
07/19/2015,1
07/19/2015,1
07/19/2015,1
07/19/2015,1
07/19/2015,1
07/19/2015,3
07/19/2015,1
07/19/2015,1
07/19/2015,1
07/19/2015,1
07/19/2015,1
07/20/2015,1
07/20/2015,1
07/20/2015,1
07/20/2015,5
07/20/2015,2
07/20/2015,1
07/20/2015,6
07/20/2015,1
07/20/2015,1
07/20/2015,4
07/20/2015,1
07/20/2015,1
07/20/2015,2
07/20/2015,1
07/20/2015,1
07/20/2015,1
07/20/2015,1
07/20/2015,1
07/20/2015,1
07/20/2015,1
07/20/2015,1
07/20/2015,1
07/20/2015,1
07/20/2015,1
07/20/2015,1
07/20/2015,2
07/20/2015,1
07/20/2015,1
07/20/2015,1
07/20/2015,1
07/20/2015,2
07/20/2015,1
07/20/2015,1
07/20/2015,1
07/20/2015,1
07/20/2015,3
07/20/2015,1
07/20/2015,1
07/20/2015,1
07/20/2015,1
07/20/2015,1
07/20/2015,1
07/20/2015,1
07/20/2015,1
07/20/2015,1
07/20/2015,1
07/20/2015,2
07/20/2015,1
07/20/2015,1
07/20/2015,1
07/20/2015,1
07/20/2015,1
07/20/2015,2
07/20/2015,1
07/20/2015,1
07/20/2015,3
07/20/2015,1
07/20/2015,1
07/20/2015,1
07/20/2015,2
07/20/2015,1
07/20/2015,1
07/20/2015,1
07/20/2015,2
07/20/2015,1
07/20/2015,1
07/20/2015,1
07/20/2015,1
07/20/2015,2
07/20/2015,1
07/20/2015,1
07/20/2015,1
07/20/2015,1
07/20/2015,1
07/20/2015,2
07/20/2015,2
07/21/2015,1
07/21/2015,2
07/21/2015,1
07/21/2015,3
07/21/2015,1
07/21/2015,1
07/21/2015,2
07/21/2015,1
07/21/2015,1
07/21/2015,2
07/21/2015,1
07/21/2015,1
07/21/2015,1
07/21/2015,1
07/21/2015,2
07/21/2015,1
07/21/2015,1
07/21/2015,1
07/21/2015,1
07/21/2015,1
07/21/2015,1
07/21/2015,1
07/21/2015,2
07/21/2015,1
07/21/2015,1
07/21/2015,1
07/21/2015,1
07/21/2015,1
07/21/2015,1
07/21/2015,1
07/21/2015,1
07/21/2015,1
07/21/2015,1
07/21/2015,1
07/21/2015,1
07/21/2015,1
07/21/2015,1
07/21/2015,1
07/21/2015,1
07/21/2015,1
07/21/2015,2
07/21/2015,1
07/21/2015,1
07/21/2015,2
07/21/2015,1
07/21/2015,1
07/21/2015,1
07/21/2015,2
07/21/2015,1
07/21/2015,1
07/21/2015,1
07/21/2015,3
07/21/2015,1
07/21/2015,1
07/21/2015,2
07/21/2015,1
07/21/2015,2
07/21/2015,2
07/21/2015,1
07/21/2015,1
07/21/2015,2
07/21/2015,1
07/21/2015,1
07/21/2015,1
07/21/2015,1
07/21/2015,1
07/21/2015,1
07/21/2015,1
07/21/2015,1
07/21/2015,1
07/21/2015,1
07/21/2015,1
07/21/2015,1
07/21/2015,1
07/21/2015,1
07/21/2015,1
07/21/2015,1
07/21/2015,5
07/21/2015,2
07/21/2015,1
07/21/2015,2
07/21/2015,1
07/21/2015,1
07/21/2015,1
07/21/2015,1
07/21/2015,1
07/21/2015,1
07/21/2015,1
07/22/2015,2
07/22/2015,1
07/22/2015,4
07/22/2015,1
07/22/2015,2
07/22/2015,1
07/22/2015,1
07/22/2015,1
07/22/2015,1
07/22/2015,1
07/22/2015,1
07/22/2015,1
07/22/2015,1
07/22/2015,1
07/22/2015,2
07/22/2015,1
07/22/2015,1
07/22/2015,1
07/22/2015,1
07/22/2015,1
07/22/2015,1
07/22/2015,1
07/22/2015,1
07/22/2015,1
07/22/2015,1
07/22/2015,1
07/22/2015,1
07/22/2015,2
07/22/2015,1
07/22/2015,1
07/22/2015,1
07/22/2015,1
07/22/2015,1
07/22/2015,1
07/22/2015,1
07/22/2015,1
07/22/2015,1
07/22/2015,1
07/22/2015,1
07/22/2015,3
07/22/2015,1
07/22/2015,2
07/22/2015,1
07/22/2015,1
07/22/2015,2
07/22/2015,1
07/22/2015,2
07/22/2015,1
07/22/2015,1
07/22/2015,1
07/22/2015,1
07/22/2015,2
07/22/2015,2
07/22/2015,1
07/22/2015,1
07/22/2015,1
07/22/2015,2
07/22/2015,1
07/22/2015,1
07/22/2015,1
07/22/2015,1
07/22/2015,1
07/22/2015,1
07/22/2015,1
07/22/2015,1
07/22/2015,1
07/22/2015,2
07/22/2015,1
07/22/2015,2
07/22/2015,1
07/22/2015,1
07/22/2015,1
07/22/2015,1
07/22/2015,1
07/22/2015,2
07/22/2015,1
07/22/2015,6
07/22/2015,1
07/22/2015,1
07/22/2015,2
07/22/2015,3
07/22/2015,1
07/22/2015,3
07/22/2015,1
07/22/2015,1
07/22/2015,3
07/22/2015,2
07/22/2015,1
07/22/2015,2
07/22/2015,1
07/22/2015,1
07/23/2015,3
07/23/2015,1
07/23/2015,1
07/23/2015,4
07/23/2015,1
07/23/2015,5
07/23/2015,1
07/23/2015,1
07/23/2015,1
07/23/2015,1
07/23/2015,1
07/23/2015,1
07/23/2015,1
07/23/2015,1
07/23/2015,1
07/23/2015,1
07/23/2015,4
07/23/2015,1
07/23/2015,3
07/23/2015,1
07/23/2015,1
07/23/2015,1
07/23/2015,1
07/23/2015,1
07/23/2015,1
07/23/2015,2
07/23/2015,1
07/23/2015,1
07/23/2015,1
07/23/2015,1
07/23/2015,1
07/23/2015,1
07/23/2015,4
07/23/2015,1
07/23/2015,1
07/23/2015,1
07/23/2015,1
07/23/2015,1
07/23/2015,1
07/23/2015,1
07/23/2015,1
07/23/2015,1
07/23/2015,1
07/23/2015,1
07/23/2015,1
07/23/2015,2
07/23/2015,1
07/23/2015,1
07/23/2015,2
07/23/2015,1
07/23/2015,3
07/23/2015,1
07/23/2015,1
07/23/2015,1
07/23/2015,1
07/23/2015,1
07/23/2015,2
07/23/2015,1
07/23/2015,1
07/23/2015,2
07/23/2015,2
07/23/2015,1
07/23/2015,2
07/23/2015,2
07/23/2015,1
07/23/2015,1
07/23/2015,1
07/23/2015,1
07/23/2015,1
07/23/2015,1
07/23/2015,3
07/23/2015,1
07/23/2015,1
07/23/2015,1
07/23/2015,1
07/23/2015,1
07/23/2015,1
07/23/2015,2
07/23/2015,1
07/23/2015,1
07/23/2015,1
07/23/2015,2
07/23/2015,1
07/23/2015,3
07/23/2015,1
07/23/2015,1
07/23/2015,1
07/23/2015,1
07/23/2015,1
07/23/2015,1
07/23/2015,1
07/23/2015,4
07/23/2015,1
07/23/2015,1
07/23/2015,4
07/23/2015,1
07/23/2015,1
07/23/2015,2
07/23/2015,1
07/23/2015,1
07/23/2015,1
07/23/2015,1
07/23/2015,1
07/23/2015,4
07/23/2015,1
07/24/2015,4
07/24/2015,1
07/24/2015,2
07/24/2015,4
07/24/2015,1
07/24/2015,2
07/24/2015,2
07/24/2015,1
07/24/2015,2
07/24/2015,1
07/24/2015,1
07/24/2015,1
07/24/2015,1
07/24/2015,2
07/24/2015,2
07/24/2015,1
07/24/2015,1
07/24/2015,2
07/24/2015,1
07/24/2015,1
07/24/2015,1
07/24/2015,3
07/24/2015,1
07/24/2015,1
07/24/2015,2
07/24/2015,2
07/24/2015,1
07/24/2015,2
07/24/2015,1
07/24/2015,1
07/24/2015,1
07/24/2015,1
07/24/2015,3
07/24/2015,1
07/24/2015,1
07/24/2015,1
07/24/2015,1
07/24/2015,1
07/24/2015,1
07/24/2015,1
07/24/2015,1
07/24/2015,1
07/24/2015,1
07/24/2015,1
07/24/2015,1
07/24/2015,2
07/24/2015,1
07/24/2015,1
07/24/2015,1
07/24/2015,1
07/24/2015,1
07/24/2015,1
07/24/2015,1
07/24/2015,3
07/24/2015,1
07/24/2015,1
07/24/2015,1
07/24/2015,1
07/24/2015,1
07/24/2015,1
07/24/2015,3
07/24/2015,2
07/24/2015,2
07/24/2015,1
07/24/2015,1
07/24/2015,2
07/24/2015,1
07/24/2015,3
07/24/2015,1
07/24/2015,1
07/24/2015,1
07/24/2015,1
07/24/2015,1
07/24/2015,1
07/24/2015,1
07/24/2015,2
07/24/2015,1
07/24/2015,1
07/24/2015,1
07/24/2015,2
07/24/2015,1
07/24/2015,1
07/24/2015,1
07/24/2015,1
07/24/2015,1
07/24/2015,1
07/24/2015,3
07/24/2015,1
07/24/2015,1
07/24/2015,2
07/24/2015,1
07/24/2015,1
07/24/2015,3
07/24/2015,1
07/24/2015,1
07/24/2015,1
07/24/2015,1
07/24/2015,1
07/24/2015,1
07/25/2015,3
07/25/2015,1
07/25/2015,1
07/25/2015,1
07/25/2015,2
07/25/2015,1
07/25/2015,5
07/25/2015,1
07/25/2015,1
07/25/2015,1
07/25/2015,1
07/25/2015,1
07/25/2015,1
07/25/2015,1
07/25/2015,1
07/25/2015,1
07/25/2015,1
07/25/2015,1
07/25/2015,1
07/25/2015,3
07/25/2015,2
07/25/2015,1
07/25/2015,1
07/25/2015,2
07/25/2015,1
07/25/2015,1
07/25/2015,1
07/25/2015,1
07/25/2015,1
07/25/2015,1
07/25/2015,1
07/25/2015,1
07/25/2015,2
07/25/2015,1
07/25/2015,1
07/25/2015,1
07/25/2015,1
07/25/2015,2
07/25/2015,1
07/25/2015,1
07/25/2015,1
07/25/2015,6
07/25/2015,1
07/25/2015,1
07/25/2015,1
07/25/2015,1
07/25/2015,1
07/25/2015,1
07/25/2015,1
07/25/2015,1
07/25/2015,1
07/25/2015,1
07/25/2015,1
07/25/2015,3
07/25/2015,2
07/25/2015,1
07/25/2015,1
07/25/2015,3
07/25/2015,1
07/25/2015,1
07/25/2015,1
07/25/2015,1
07/25/2015,1
07/25/2015,1
07/25/2015,1
07/25/2015,1
07/25/2015,1
07/25/2015,2
07/25/2015,1
07/25/2015,2
07/25/2015,1
07/25/2015,1
07/25/2015,5
07/25/2015,1
07/25/2015,1
07/25/2015,1
07/25/2015,1
07/25/2015,1
07/25/2015,4
07/25/2015,1
07/25/2015,1
07/25/2015,1
07/25/2015,1
07/25/2015,2
07/25/2015,1
07/25/2015,1
07/25/2015,1
07/25/2015,2
07/25/2015,1
07/25/2015,3
07/25/2015,1
07/26/2015,4
07/26/2015,1
07/26/2015,1
07/26/2015,1
07/26/2015,1
07/26/2015,2
07/26/2015,1
07/26/2015,2
07/26/2015,1
07/26/2015,1
07/26/2015,1
07/26/2015,1
07/26/2015,1
07/26/2015,1
07/26/2015,1
07/26/2015,2
07/26/2015,1
07/26/2015,1
07/26/2015,1
07/26/2015,1
07/26/2015,1
07/26/2015,1
07/26/2015,1
07/26/2015,1
07/26/2015,3
07/26/2015,1
07/26/2015,1
07/26/2015,3
07/26/2015,1
07/26/2015,1
07/26/2015,1
07/26/2015,2
07/26/2015,1
07/26/2015,1
07/26/2015,2
07/26/2015,3
07/26/2015,1
07/26/2015,1
07/26/2015,1
07/26/2015,1
07/26/2015,1
07/26/2015,2
07/26/2015,2
07/26/2015,1
07/26/2015,1
07/26/2015,1
07/26/2015,1
07/26/2015,1
07/26/2015,1
07/26/2015,1
07/26/2015,1
07/26/2015,1
07/26/2015,1
07/26/2015,1
07/26/2015,1
07/26/2015,1
07/26/2015,1
07/26/2015,1
07/26/2015,1
07/26/2015,1
07/26/2015,2
07/26/2015,1
07/26/2015,2
07/26/2015,1
07/26/2015,1
07/26/2015,1
07/26/2015,1
07/26/2015,1
07/26/2015,1
07/26/2015,3
07/26/2015,1
07/26/2015,1
07/26/2015,1
07/26/2015,1
07/26/2015,1
07/26/2015,4
07/26/2015,1
07/26/2015,1
07/26/2015,1
07/26/2015,1
07/26/2015,1
07/26/2015,1
07/26/2015,1
07/26/2015,2
07/26/2015,1
07/26/2015,1
07/26/2015,2
07/26/2015,1
07/26/2015,1
07/26/2015,1
07/26/2015,1
07/26/2015,1
07/27/2015,5
07/27/2015,1
07/27/2015,1
07/27/2015,1
07/27/2015,3
07/27/2015,1
07/27/2015,1
07/27/2015,1
07/27/2015,2
07/27/2015,1
07/27/2015,1
07/27/2015,2
07/27/2015,3
07/27/2015,1
07/27/2015,1
07/27/2015,1
07/27/2015,1
07/27/2015,1
07/27/2015,2
07/27/2015,1
07/27/2015,2
07/27/2015,1
07/27/2015,1
07/27/2015,1
07/27/2015,1
07/27/2015,1
07/27/2015,1
07/27/2015,1
07/27/2015,1
07/27/2015,1
07/27/2015,1
07/27/2015,2
07/27/2015,1
07/27/2015,5
07/27/2015,1
07/27/2015,1
07/27/2015,1
07/27/2015,1
07/27/2015,1
07/27/2015,2
07/27/2015,2
07/27/2015,1
07/27/2015,3
07/27/2015,1
07/27/2015,1
07/27/2015,4
07/27/2015,1
07/27/2015,2
07/27/2015,1
07/27/2015,3
07/27/2015,1
07/27/2015,1
07/27/2015,1
07/27/2015,4
07/27/2015,1
07/27/2015,1
07/27/2015,1
07/27/2015,1
07/27/2015,1
07/27/2015,1
07/27/2015,1
07/27/2015,2
07/27/2015,1
07/27/2015,5
07/27/2015,1
07/27/2015,2
07/27/2015,1
07/27/2015,1
07/27/2015,2
07/27/2015,3
07/27/2015,1
07/27/2015,1
07/27/2015,1
07/27/2015,1
07/27/2015,2
07/27/2015,1
07/27/2015,1
07/28/2015,1
07/28/2015,1
07/28/2015,1
07/28/2015,5
07/28/2015,1
07/28/2015,1
07/28/2015,2
07/28/2015,1
07/28/2015,1
07/28/2015,1
07/28/2015,1
07/28/2015,1
07/28/2015,2
07/28/2015,1
07/28/2015,1
07/28/2015,1
07/28/2015,1
07/28/2015,1
07/28/2015,1
07/28/2015,1
07/28/2015,1
07/28/2015,1
07/28/2015,1
07/28/2015,1
07/28/2015,1
07/28/2015,1
07/28/2015,2
07/28/2015,2
07/28/2015,2
07/28/2015,1
07/28/2015,1
07/28/2015,1
07/28/2015,1
07/28/2015,1
07/28/2015,2
07/28/2015,1
07/28/2015,1
07/28/2015,1
07/28/2015,1
07/28/2015,1
07/28/2015,2
07/28/2015,1
07/28/2015,1
07/28/2015,2
07/28/2015,2
07/28/2015,1
07/28/2015,3
07/28/2015,1
07/28/2015,2
07/28/2015,1
07/28/2015,2
07/28/2015,1
07/28/2015,3
07/28/2015,1
07/28/2015,1
07/28/2015,1
07/28/2015,2
07/28/2015,1
07/28/2015,1
07/28/2015,1
07/28/2015,1
07/28/2015,1
07/28/2015,1
07/28/2015,1
07/28/2015,1
07/28/2015,2
07/28/2015,2
07/28/2015,1
07/28/2015,1
07/28/2015,1
07/28/2015,1
07/28/2015,1
07/28/2015,1
07/28/2015,1
07/28/2015,2
07/28/2015,2
07/28/2015,1
07/28/2015,1
07/28/2015,1
07/28/2015,1
07/28/2015,1
07/28/2015,4
07/28/2015,1
07/28/2015,1
07/28/2015,1
07/28/2015,2
07/28/2015,1
07/28/2015,1
07/29/2015,3
07/29/2015,1
07/29/2015,1
07/29/2015,1
07/29/2015,1
07/29/2015,1
07/29/2015,1
07/29/2015,1
07/29/2015,1
07/29/2015,3
07/29/2015,1
07/29/2015,1
07/29/2015,1
07/29/2015,3
07/29/2015,1
07/29/2015,2
07/29/2015,1
07/29/2015,2
07/29/2015,1
07/29/2015,1
07/29/2015,1
07/29/2015,1
07/29/2015,1
07/29/2015,1
07/29/2015,1
07/29/2015,1
07/29/2015,1
07/29/2015,1
07/29/2015,1
07/29/2015,1
07/29/2015,2
07/29/2015,2
07/29/2015,1
07/29/2015,1
07/29/2015,1
07/29/2015,2
07/29/2015,1
07/29/2015,4
07/29/2015,1
07/29/2015,1
07/29/2015,1
07/29/2015,1
07/29/2015,1
07/29/2015,1
07/29/2015,1
07/29/2015,1
07/29/2015,1
07/29/2015,1
07/29/2015,1
07/29/2015,1
07/29/2015,1
07/29/2015,1
07/29/2015,3
07/29/2015,1
07/29/2015,1
07/29/2015,2
07/29/2015,1
07/29/2015,1
07/29/2015,1
07/29/2015,1
07/29/2015,2
07/29/2015,1
07/29/2015,3
07/29/2015,1
07/29/2015,2
07/29/2015,1
07/29/2015,1
07/29/2015,2
07/29/2015,2
07/29/2015,2
07/29/2015,1
07/29/2015,3
07/29/2015,1
07/29/2015,5
07/29/2015,1
07/29/2015,1
07/29/2015,1
07/29/2015,3
07/29/2015,1
07/29/2015,2
07/29/2015,1
07/29/2015,1
07/29/2015,1
07/29/2015,3
07/29/2015,2
07/29/2015,1
07/30/2015,3
07/30/2015,1
07/30/2015,3
07/30/2015,1
07/30/2015,1
07/30/2015,1
07/30/2015,1
07/30/2015,1
07/30/2015,1
07/30/2015,2
07/30/2015,1
07/30/2015,1
07/30/2015,1
07/30/2015,1
07/30/2015,1
07/30/2015,1
07/30/2015,1
07/30/2015,1
07/30/2015,1
07/30/2015,1
07/30/2015,2
07/30/2015,1
07/30/2015,1
07/30/2015,1
07/30/2015,1
07/30/2015,1
07/30/2015,1
07/30/2015,1
07/30/2015,1
07/30/2015,1
07/30/2015,1
07/30/2015,1
07/30/2015,3
07/30/2015,2
07/30/2015,2
07/30/2015,1
07/30/2015,1
07/30/2015,2
07/30/2015,1
07/30/2015,1
07/30/2015,1
07/30/2015,1
07/30/2015,1
07/30/2015,1
07/30/2015,1
07/30/2015,3
07/30/2015,1
07/30/2015,1
07/30/2015,1
07/30/2015,1
07/30/2015,1
07/30/2015,1
07/30/2015,2
07/30/2015,1
07/30/2015,1
07/30/2015,1
07/30/2015,2
07/30/2015,1
07/30/2015,2
07/30/2015,1
07/30/2015,1
07/30/2015,1
07/30/2015,1
07/30/2015,1
07/30/2015,2
07/30/2015,1
07/30/2015,1
07/30/2015,2
07/30/2015,3
07/30/2015,1
07/30/2015,1
07/31/2015,2
07/31/2015,1
07/31/2015,1
07/31/2015,2
07/31/2015,3
07/31/2015,1
07/31/2015,1
07/31/2015,1
07/31/2015,1
07/31/2015,1
07/31/2015,1
07/31/2015,4
07/31/2015,1
07/31/2015,1
07/31/2015,1
07/31/2015,2
07/31/2015,1
07/31/2015,1
07/31/2015,2
07/31/2015,1
07/31/2015,1
07/31/2015,1
07/31/2015,1
07/31/2015,1
07/31/2015,1
07/31/2015,1
07/31/2015,1
07/31/2015,2
07/31/2015,1
07/31/2015,1
07/31/2015,1
07/31/2015,1
07/31/2015,1
07/31/2015,1
07/31/2015,1
07/31/2015,1
07/31/2015,1
07/31/2015,2
07/31/2015,1
07/31/2015,4
07/31/2015,1
07/31/2015,1
07/31/2015,2
07/31/2015,1
07/31/2015,1
07/31/2015,1
07/31/2015,1
07/31/2015,3
07/31/2015,2
07/31/2015,2
07/31/2015,3
07/31/2015,1
07/31/2015,1
07/31/2015,1
07/31/2015,1
07/31/2015,1
07/31/2015,2
07/31/2015,1
07/31/2015,1
07/31/2015,1
07/31/2015,2
07/31/2015,1
07/31/2015,1
07/31/2015,2
07/31/2015,1
07/31/2015,3
07/31/2015,1
07/31/2015,2
07/31/2015,1
07/31/2015,1
07/31/2015,5
07/31/2015,1
07/31/2015,1
07/31/2015,1
07/31/2015,1
07/31/2015,2
07/31/2015,1
07/31/2015,1
07/31/2015,5
07/31/2015,1
07/31/2015,1
07/31/2015,1
07/31/2015,1
07/31/2015,4
07/31/2015,1
07/31/2015,1
07/31/2015,1
08/01/2015,5
08/01/2015,2
08/01/2015,1
08/01/2015,1
08/01/2015,1
08/01/2015,1
08/01/2015,3
08/01/2015,1
08/01/2015,1
08/01/2015,2
08/01/2015,3
08/01/2015,1
08/01/2015,2
08/01/2015,1
08/01/2015,1
08/01/2015,1
08/01/2015,1
08/01/2015,1
08/01/2015,1
08/01/2015,1
08/01/2015,3
08/01/2015,1
08/01/2015,1
08/01/2015,1
08/01/2015,1
08/01/2015,2
08/01/2015,1
08/01/2015,1
08/01/2015,2
08/01/2015,1
08/01/2015,1
08/01/2015,1
08/01/2015,1
08/01/2015,1
08/01/2015,1
08/01/2015,1
08/01/2015,1
08/01/2015,1
08/01/2015,1
08/01/2015,2
08/01/2015,1
08/01/2015,1
08/01/2015,1
08/01/2015,1
08/01/2015,1
08/01/2015,1
08/01/2015,1
08/01/2015,1
08/01/2015,1
08/01/2015,1
08/01/2015,1
08/01/2015,1
08/01/2015,1
08/01/2015,1
08/01/2015,1
08/01/2015,1
08/01/2015,2
08/01/2015,2
08/01/2015,1
08/01/2015,1
08/01/2015,1
08/01/2015,3
08/01/2015,1
08/01/2015,1
08/01/2015,6
08/01/2015,1
08/01/2015,1
08/01/2015,1
08/01/2015,1
08/01/2015,6
08/01/2015,2
08/01/2015,1
08/01/2015,1
08/01/2015,2
08/01/2015,1
08/01/2015,1
08/01/2015,2
08/01/2015,1
08/01/2015,1
08/01/2015,1
08/02/2015,2
08/02/2015,1
08/02/2015,1
08/02/2015,1
08/02/2015,1
08/02/2015,2
08/02/2015,1
08/02/2015,2
08/02/2015,4
08/02/2015,1
08/02/2015,1
08/02/2015,2
08/02/2015,1
08/02/2015,2
08/02/2015,4
08/02/2015,1
08/02/2015,1
08/02/2015,1
08/02/2015,1
08/02/2015,1
08/02/2015,1
08/02/2015,1
08/02/2015,6
08/02/2015,1
08/02/2015,1
08/02/2015,1
08/02/2015,1
08/02/2015,1
08/02/2015,1
08/02/2015,1
08/02/2015,1
08/02/2015,1
08/02/2015,1
08/02/2015,1
08/02/2015,1
08/02/2015,1
08/02/2015,1
08/02/2015,1
08/02/2015,1
08/02/2015,1
08/02/2015,1
08/02/2015,1
08/02/2015,1
08/02/2015,1
08/02/2015,1
08/02/2015,1
08/02/2015,2
08/02/2015,1
08/02/2015,1
08/02/2015,1
08/02/2015,2
08/02/2015,1
08/02/2015,1
08/02/2015,1
08/02/2015,1
08/02/2015,1
08/02/2015,1
08/02/2015,1
08/02/2015,1
08/02/2015,1
08/02/2015,2
08/02/2015,1
08/02/2015,1
08/02/2015,1
08/02/2015,2
08/02/2015,1
08/02/2015,1
08/02/2015,1
08/02/2015,3
08/02/2015,1
08/02/2015,1
08/02/2015,3
08/02/2015,1
08/02/2015,1
08/02/2015,1
08/02/2015,1
08/02/2015,2
08/02/2015,1
08/02/2015,1
08/02/2015,1
08/02/2015,1
08/02/2015,1
08/02/2015,2
08/03/2015,3
08/03/2015,1
08/03/2015,1
08/03/2015,5
08/03/2015,1
08/03/2015,1
08/03/2015,2
08/03/2015,2
08/03/2015,2
08/03/2015,1
08/03/2015,3
08/03/2015,1
08/03/2015,1
08/03/2015,1
08/03/2015,1
08/03/2015,1
08/03/2015,2
08/03/2015,1
08/03/2015,1
08/03/2015,1
08/03/2015,1
08/03/2015,1
08/03/2015,1
08/03/2015,1
08/03/2015,2
08/03/2015,2
08/03/2015,1
08/03/2015,1
08/03/2015,1
08/03/2015,1
08/03/2015,3
08/03/2015,1
08/03/2015,1
08/03/2015,1
08/03/2015,1
08/03/2015,1
08/03/2015,1
08/03/2015,1
08/03/2015,1
08/03/2015,1
08/03/2015,3
08/03/2015,4
08/03/2015,1
08/03/2015,1
08/03/2015,2
08/03/2015,1
08/03/2015,1
08/03/2015,2
08/03/2015,1
08/03/2015,1
08/03/2015,5
08/03/2015,1
08/03/2015,1
08/03/2015,2
08/03/2015,1
08/03/2015,1
08/03/2015,1
08/03/2015,1
08/03/2015,1
08/03/2015,2
08/03/2015,1
08/03/2015,1
08/03/2015,1
08/03/2015,1
08/03/2015,1
08/03/2015,1
08/03/2015,2
08/03/2015,1
08/03/2015,1
08/03/2015,1
08/03/2015,2
08/03/2015,1
08/03/2015,1
08/03/2015,2
08/03/2015,1
08/03/2015,1
08/03/2015,2
08/03/2015,1
08/03/2015,2
08/03/2015,1
08/04/2015,1
08/04/2015,1
08/04/2015,1
08/04/2015,1
08/04/2015,2
08/04/2015,1
08/04/2015,1
08/04/2015,1
08/04/2015,1
08/04/2015,2
08/04/2015,1
08/04/2015,2
08/04/2015,1
08/04/2015,1
08/04/2015,1
08/04/2015,1
08/04/2015,1
08/04/2015,1
08/04/2015,2
08/04/2015,1
08/04/2015,1
08/04/2015,1
08/04/2015,1
08/04/2015,1
08/04/2015,1
08/04/2015,1
08/04/2015,1
08/04/2015,1
08/04/2015,1
08/04/2015,1
08/04/2015,1
08/04/2015,2
08/04/2015,1
08/04/2015,1
08/04/2015,1
08/04/2015,2
08/04/2015,1
08/04/2015,1
08/04/2015,1
08/04/2015,1
08/04/2015,1
08/04/2015,1
08/04/2015,1
08/04/2015,4
08/04/2015,1
08/04/2015,1
08/04/2015,1
08/04/2015,1
08/04/2015,6
08/04/2015,1
08/04/2015,1
08/04/2015,1
08/04/2015,1
08/04/2015,1
08/04/2015,1
08/04/2015,1
08/04/2015,2
08/04/2015,1
08/04/2015,1
08/04/2015,1
08/04/2015,1
08/04/2015,1
08/04/2015,1
08/04/2015,1
08/04/2015,1
08/04/2015,1
08/04/2015,3
08/04/2015,1
08/04/2015,1
08/04/2015,1
08/04/2015,1
08/04/2015,1
08/04/2015,1
08/04/2015,2
08/04/2015,1
08/04/2015,3
08/04/2015,5
08/04/2015,3
08/04/2015,2
08/04/2015,1
08/04/2015,2
08/04/2015,3
08/04/2015,1
08/04/2015,1
08/04/2015,1
08/04/2015,1
08/04/2015,1
08/04/2015,1
08/04/2015,5
08/04/2015,1
08/04/2015,1
08/04/2015,1
08/04/2015,2
08/04/2015,1
08/05/2015,7
08/05/2015,1
08/05/2015,2
08/05/2015,1
08/05/2015,3
08/05/2015,1
08/05/2015,1
08/05/2015,1
08/05/2015,1
08/05/2015,1
08/05/2015,2
08/05/2015,1
08/05/2015,2
08/05/2015,2
08/05/2015,1
08/05/2015,1
08/05/2015,2
08/05/2015,1
08/05/2015,1
08/05/2015,1
08/05/2015,1
08/05/2015,1
08/05/2015,1
08/05/2015,1
08/05/2015,1
08/05/2015,1
08/05/2015,1
08/05/2015,1
08/05/2015,1
08/05/2015,1
08/05/2015,2
08/05/2015,1
08/05/2015,1
08/05/2015,1
08/05/2015,1
08/05/2015,7
08/05/2015,1
08/05/2015,3
08/05/2015,1
08/05/2015,1
08/05/2015,2
08/05/2015,1
08/05/2015,1
08/05/2015,1
08/05/2015,2
08/05/2015,1
08/05/2015,1
08/05/2015,1
08/05/2015,1
08/05/2015,1
08/05/2015,1
08/05/2015,3
08/05/2015,1
08/05/2015,3
08/05/2015,1
08/05/2015,1
08/05/2015,1
08/05/2015,1
08/05/2015,3
08/05/2015,1
08/05/2015,1
08/05/2015,1
08/05/2015,1
08/05/2015,1
08/05/2015,1
08/05/2015,1
08/05/2015,1
08/05/2015,2
08/05/2015,1
08/05/2015,2
08/05/2015,1
08/05/2015,1
08/05/2015,1
08/05/2015,2
08/05/2015,1
08/05/2015,1
08/05/2015,1
08/05/2015,2
08/05/2015,1
08/05/2015,2
08/05/2015,1
08/05/2015,1
08/05/2015,3
08/05/2015,1
08/06/2015,1
08/06/2015,1
08/06/2015,1
08/06/2015,2
08/06/2015,2
08/06/2015,4
08/06/2015,1
08/06/2015,1
08/06/2015,1
08/06/2015,3
08/06/2015,3
08/06/2015,1
08/06/2015,1
08/06/2015,1
08/06/2015,1
08/06/2015,1
08/06/2015,1
08/06/2015,1
08/06/2015,1
08/06/2015,1
08/06/2015,1
08/06/2015,1
08/06/2015,1
08/06/2015,1
08/06/2015,1
08/06/2015,2
08/06/2015,1
08/06/2015,1
08/06/2015,1
08/06/2015,1
08/06/2015,1
08/06/2015,1
08/06/2015,1
08/06/2015,1
08/06/2015,1
08/06/2015,1
08/06/2015,1
08/06/2015,1
08/06/2015,1
08/06/2015,1
08/06/2015,1
08/06/2015,1
08/06/2015,1
08/06/2015,1
08/06/2015,1
08/06/2015,1
08/06/2015,1
08/06/2015,1
08/06/2015,1
08/06/2015,1
08/06/2015,1
08/06/2015,1
08/06/2015,1
08/06/2015,2
08/06/2015,1
08/06/2015,1
08/06/2015,1
08/06/2015,1
08/06/2015,1
08/06/2015,1
08/06/2015,1
08/06/2015,1
08/06/2015,2
08/06/2015,1
08/06/2015,1
08/06/2015,1
08/06/2015,1
08/06/2015,2
08/06/2015,1
08/06/2015,1
08/06/2015,1
08/06/2015,1
08/06/2015,2
08/06/2015,2
08/06/2015,3
08/06/2015,1
08/06/2015,1
08/06/2015,1
08/06/2015,1
08/06/2015,1
08/06/2015,1
08/06/2015,1
08/06/2015,1
08/06/2015,1
08/06/2015,3
08/06/2015,1
08/06/2015,1
08/06/2015,5
08/06/2015,1
08/07/2015,1
08/07/2015,1
08/07/2015,1
08/07/2015,1
08/07/2015,1
08/07/2015,2
08/07/2015,1
08/07/2015,4
08/07/2015,1
08/07/2015,2
08/07/2015,1
08/07/2015,1
08/07/2015,5
08/07/2015,1
08/07/2015,1
08/07/2015,1
08/07/2015,1
08/07/2015,1
08/07/2015,2
08/07/2015,1
08/07/2015,1
08/07/2015,1
08/07/2015,1
08/07/2015,1
08/07/2015,1
08/07/2015,2
08/07/2015,1
08/07/2015,1
08/07/2015,1
08/07/2015,1
08/07/2015,1
08/07/2015,3
08/07/2015,1
08/07/2015,1
08/07/2015,1
08/07/2015,1
08/07/2015,1
08/07/2015,1
08/07/2015,1
08/07/2015,3
08/07/2015,1
08/07/2015,2
08/07/2015,1
08/07/2015,1
08/07/2015,1
08/07/2015,1
08/07/2015,1
08/07/2015,1
08/07/2015,1
08/07/2015,1
08/07/2015,1
08/07/2015,2
08/07/2015,1
08/07/2015,2
08/07/2015,1
08/07/2015,2
08/07/2015,1
08/07/2015,1
08/07/2015,1
08/07/2015,1
08/07/2015,5
08/07/2015,5
08/07/2015,2
08/07/2015,1
08/07/2015,1
08/07/2015,1
08/07/2015,3
08/07/2015,2
08/07/2015,1
08/07/2015,1
08/07/2015,3
08/07/2015,1
08/07/2015,1
08/07/2015,1
08/07/2015,1
08/07/2015,2
08/07/2015,1
08/07/2015,4
08/07/2015,1
08/07/2015,2
08/07/2015,1
08/07/2015,1
08/07/2015,1
08/08/2015,2
08/08/2015,1
08/08/2015,3
08/08/2015,1
08/08/2015,1
08/08/2015,1
08/08/2015,1
08/08/2015,1
08/08/2015,1
08/08/2015,1
08/08/2015,1
08/08/2015,1
08/08/2015,6
08/08/2015,1
08/08/2015,3
08/08/2015,1
08/08/2015,1
08/08/2015,3
08/08/2015,1
08/08/2015,1
08/08/2015,1
08/08/2015,1
08/08/2015,1
08/08/2015,1
08/08/2015,1
08/08/2015,1
08/08/2015,1
08/08/2015,1
08/08/2015,1
08/08/2015,1
08/08/2015,1
08/08/2015,1
08/08/2015,1
08/08/2015,1
08/08/2015,1
08/08/2015,3
08/08/2015,1
08/08/2015,1
08/08/2015,2
08/08/2015,1
08/08/2015,2
08/08/2015,2
08/08/2015,1
08/08/2015,1
08/08/2015,1
08/08/2015,1
08/08/2015,1
08/08/2015,2
08/08/2015,1
08/08/2015,1
08/08/2015,2
08/08/2015,1
08/08/2015,1
08/08/2015,2
08/08/2015,1
08/08/2015,1
08/08/2015,2
08/08/2015,4
08/08/2015,1
08/08/2015,1
08/08/2015,1
08/08/2015,1
08/08/2015,3
08/08/2015,1
08/08/2015,2
08/08/2015,1
08/08/2015,1
08/08/2015,1
08/08/2015,3
08/08/2015,1
08/08/2015,1
08/08/2015,5
08/08/2015,2
08/08/2015,1
08/08/2015,1
08/08/2015,3
08/08/2015,2
08/08/2015,1
08/08/2015,2
08/08/2015,1
08/08/2015,2
08/08/2015,4
08/08/2015,1
08/08/2015,1
08/08/2015,1
08/09/2015,2
08/09/2015,3
08/09/2015,3
08/09/2015,1
08/09/2015,1
08/09/2015,2
08/09/2015,1
08/09/2015,1
08/09/2015,4
08/09/2015,1
08/09/2015,1
08/09/2015,1
08/09/2015,1
08/09/2015,1
08/09/2015,1
08/09/2015,1
08/09/2015,1
08/09/2015,1
08/09/2015,1
08/09/2015,1
08/09/2015,2
08/09/2015,1
08/09/2015,1
08/09/2015,1
08/09/2015,1
08/09/2015,4
08/09/2015,1
08/09/2015,1
08/09/2015,1
08/09/2015,1
08/09/2015,2
08/09/2015,1
08/09/2015,1
08/09/2015,1
08/09/2015,1
08/09/2015,1
08/09/2015,1
08/09/2015,1
08/09/2015,1
08/09/2015,1
08/09/2015,1
08/09/2015,1
08/09/2015,1
08/09/2015,3
08/09/2015,1
08/09/2015,1
08/09/2015,1
08/09/2015,1
08/09/2015,1
08/09/2015,2
08/09/2015,1
08/09/2015,2
08/09/2015,2
08/09/2015,1
08/09/2015,1
08/09/2015,5
08/09/2015,1
08/09/2015,2
08/09/2015,1
08/09/2015,1
08/09/2015,1
08/09/2015,1
08/09/2015,2
08/09/2015,1
08/09/2015,1
08/09/2015,1
08/09/2015,1
08/09/2015,1
08/09/2015,2
08/09/2015,1
08/09/2015,1
08/09/2015,1
08/09/2015,3
08/09/2015,1
08/09/2015,2
08/09/2015,1
08/09/2015,2
08/09/2015,1
08/09/2015,2
08/09/2015,1
08/09/2015,2
08/09/2015,1
08/09/2015,1
08/09/2015,1
08/09/2015,1
08/10/2015,4
08/10/2015,1
08/10/2015,1
08/10/2015,2
08/10/2015,2
08/10/2015,1
08/10/2015,1
08/10/2015,2
08/10/2015,2
08/10/2015,1
08/10/2015,2
08/10/2015,1
08/10/2015,1
08/10/2015,1
08/10/2015,1
08/10/2015,2
08/10/2015,1
08/10/2015,1
08/10/2015,1
08/10/2015,1
08/10/2015,1
08/10/2015,1
08/10/2015,1
08/10/2015,1
08/10/2015,1
08/10/2015,1
08/10/2015,1
08/10/2015,1
08/10/2015,1
08/10/2015,1
08/10/2015,1
08/10/2015,1
08/10/2015,1
08/10/2015,1
08/10/2015,1
08/10/2015,1
08/10/2015,1
08/10/2015,1
08/10/2015,3
08/10/2015,1
08/10/2015,1
08/10/2015,2
08/10/2015,1
08/10/2015,1
08/10/2015,1
08/10/2015,1
08/10/2015,1
08/10/2015,1
08/10/2015,1
08/10/2015,1
08/10/2015,1
08/10/2015,1
08/10/2015,1
08/10/2015,1
08/10/2015,1
08/10/2015,1
08/10/2015,1
08/10/2015,1
08/10/2015,3
08/10/2015,3
08/10/2015,1
08/10/2015,2
08/10/2015,1
08/10/2015,1
08/10/2015,1
08/10/2015,1
08/10/2015,1
08/10/2015,1
08/10/2015,1
08/10/2015,1
08/10/2015,2
08/10/2015,1
08/10/2015,1
08/10/2015,1
08/10/2015,1
08/10/2015,2
08/10/2015,1
08/10/2015,1
08/10/2015,1
08/10/2015,3
08/10/2015,1
08/10/2015,1
08/10/2015,1
08/10/2015,3
08/10/2015,1
08/10/2015,1
08/11/2015,2
08/11/2015,1
08/11/2015,1
08/11/2015,1
08/11/2015,1
08/11/2015,2
08/11/2015,1
08/11/2015,1
08/11/2015,1
08/11/2015,4
08/11/2015,1
08/11/2015,1
08/11/2015,2
08/11/2015,1
08/11/2015,1
08/11/2015,1
08/11/2015,1
08/11/2015,1
08/11/2015,1
08/11/2015,1
08/11/2015,1
08/11/2015,1
08/11/2015,1
08/11/2015,1
08/11/2015,1
08/11/2015,1
08/11/2015,1
08/11/2015,1
08/11/2015,2
08/11/2015,1
08/11/2015,4
08/11/2015,1
08/11/2015,2
08/11/2015,1
08/11/2015,1
08/11/2015,1
08/11/2015,1
08/11/2015,2
08/11/2015,1
08/11/2015,1
08/11/2015,2
08/11/2015,1
08/11/2015,1
08/11/2015,1
08/11/2015,1
08/11/2015,1
08/11/2015,1
08/11/2015,1
08/11/2015,1
08/11/2015,1
08/11/2015,1
08/11/2015,1
08/11/2015,1
08/11/2015,1
08/11/2015,1
08/11/2015,1
08/11/2015,1
08/11/2015,3
08/11/2015,1
08/11/2015,1
08/11/2015,2
08/11/2015,1
08/11/2015,2
08/11/2015,1
08/11/2015,1
08/11/2015,1
08/11/2015,1
08/11/2015,1
08/11/2015,3
08/11/2015,1
08/11/2015,1
08/11/2015,1
08/11/2015,1
08/11/2015,1
08/11/2015,1
08/11/2015,2
08/11/2015,1
08/11/2015,4
08/11/2015,1
08/12/2015,6
08/12/2015,2
08/12/2015,1
08/12/2015,1
08/12/2015,1
08/12/2015,1
08/12/2015,1
08/12/2015,1
08/12/2015,1
08/12/2015,1
08/12/2015,1
08/12/2015,2
08/12/2015,1
08/12/2015,2
08/12/2015,1
08/12/2015,1
08/12/2015,2
08/12/2015,1
08/12/2015,1
08/12/2015,1
08/12/2015,1
08/12/2015,1
08/12/2015,1
08/12/2015,1
08/12/2015,1
08/12/2015,1
08/12/2015,1
08/12/2015,1
08/12/2015,1
08/12/2015,1
08/12/2015,2
08/12/2015,1
08/12/2015,1
08/12/2015,1
08/12/2015,1
08/12/2015,3
08/12/2015,2
08/12/2015,1
08/12/2015,1
08/12/2015,2
08/12/2015,1
08/12/2015,1
08/12/2015,1
08/12/2015,1
08/12/2015,1
08/12/2015,2
08/12/2015,1
08/12/2015,1
08/12/2015,2
08/12/2015,1
08/12/2015,1
08/12/2015,2
08/12/2015,1
08/12/2015,1
08/12/2015,4
08/12/2015,1
08/12/2015,1
08/12/2015,2
08/12/2015,1
08/12/2015,1
08/12/2015,1
08/12/2015,3
08/12/2015,1
08/12/2015,1
08/12/2015,1
08/12/2015,1
08/12/2015,4
08/12/2015,2
08/12/2015,3
08/12/2015,1
08/12/2015,2
08/12/2015,1
08/12/2015,3
08/12/2015,1
08/12/2015,3
08/12/2015,1
08/12/2015,4
08/12/2015,1
08/12/2015,1
08/12/2015,1
08/12/2015,1
08/12/2015,1
08/12/2015,1
08/12/2015,1
08/12/2015,1
08/12/2015,5
08/12/2015,2
08/12/2015,3
08/12/2015,1
08/13/2015,2
08/13/2015,4
08/13/2015,2
08/13/2015,2
08/13/2015,2
08/13/2015,1
08/13/2015,1
08/13/2015,1
08/13/2015,3
08/13/2015,1
08/13/2015,1
08/13/2015,1
08/13/2015,1
08/13/2015,1
08/13/2015,1
08/13/2015,1
08/13/2015,1
08/13/2015,1
08/13/2015,1
08/13/2015,1
08/13/2015,1
08/13/2015,1
08/13/2015,1
08/13/2015,1
08/13/2015,1
08/13/2015,1
08/13/2015,1
08/13/2015,1
08/13/2015,1
08/13/2015,1
08/13/2015,1
08/13/2015,1
08/13/2015,1
08/13/2015,1
08/13/2015,1
08/13/2015,1
08/13/2015,1
08/13/2015,1
08/13/2015,1
08/13/2015,1
08/13/2015,2
08/13/2015,1
08/13/2015,1
08/13/2015,1
08/13/2015,2
08/13/2015,1
08/13/2015,2
08/13/2015,1
08/13/2015,1
08/13/2015,2
08/13/2015,1
08/13/2015,1
08/13/2015,1
08/13/2015,1
08/13/2015,1
08/13/2015,2
08/13/2015,1
08/13/2015,2
08/13/2015,1
08/13/2015,1
08/13/2015,2
08/13/2015,1
08/13/2015,1
08/13/2015,1
08/13/2015,3
08/13/2015,1
08/13/2015,2
08/13/2015,2
08/13/2015,1
08/13/2015,1
08/13/2015,2
08/13/2015,2
08/13/2015,1
08/13/2015,1
08/13/2015,1
08/13/2015,1
08/13/2015,1
08/13/2015,1
08/13/2015,3
08/13/2015,1
08/13/2015,1
08/13/2015,1
08/13/2015,2
08/13/2015,1
08/13/2015,1
08/13/2015,1
08/13/2015,2
08/13/2015,1
08/13/2015,2
08/13/2015,4
08/13/2015,1
08/13/2015,1
08/14/2015,2
08/14/2015,1
08/14/2015,3
08/14/2015,1
08/14/2015,1
08/14/2015,1
08/14/2015,1
08/14/2015,1
08/14/2015,3
08/14/2015,2
08/14/2015,1
08/14/2015,1
08/14/2015,2
08/14/2015,1
08/14/2015,1
08/14/2015,1
08/14/2015,2
08/14/2015,1
08/14/2015,1
08/14/2015,1
08/14/2015,1
08/14/2015,2
08/14/2015,1
08/14/2015,1
08/14/2015,1
08/14/2015,1
08/14/2015,1
08/14/2015,1
08/14/2015,1
08/14/2015,2
08/14/2015,1
08/14/2015,1
08/14/2015,1
08/14/2015,1
08/14/2015,3
08/14/2015,1
08/14/2015,1
08/14/2015,1
08/14/2015,1
08/14/2015,2
08/14/2015,1
08/14/2015,2
08/14/2015,1
08/14/2015,1
08/14/2015,1
08/14/2015,1
08/14/2015,2
08/14/2015,1
08/14/2015,3
08/14/2015,2
08/14/2015,1
08/14/2015,1
08/14/2015,1
08/14/2015,3
08/14/2015,1
08/14/2015,1
08/14/2015,2
08/14/2015,1
08/14/2015,1
08/14/2015,1
08/14/2015,1
08/14/2015,3
08/14/2015,1
08/14/2015,1
08/14/2015,1
08/14/2015,1
08/14/2015,1
08/14/2015,1
08/14/2015,1
08/14/2015,1
08/14/2015,1
08/15/2015,6
08/15/2015,1
08/15/2015,1
08/15/2015,4
08/15/2015,1
08/15/2015,1
08/15/2015,1
08/15/2015,3
08/15/2015,1
08/15/2015,1
08/15/2015,1
08/15/2015,3
08/15/2015,1
08/15/2015,1
08/15/2015,1
08/15/2015,1
08/15/2015,4
08/15/2015,1
08/15/2015,2
08/15/2015,2
08/15/2015,1
08/15/2015,4
08/15/2015,1
08/15/2015,1
08/15/2015,1
08/15/2015,1
08/15/2015,3
08/15/2015,1
08/15/2015,1
08/15/2015,3
08/15/2015,1
08/15/2015,1
08/15/2015,1
08/15/2015,1
08/15/2015,2
08/15/2015,1
08/15/2015,1
08/15/2015,1
08/15/2015,1
08/15/2015,2
08/15/2015,1
08/15/2015,1
08/15/2015,1
08/15/2015,1
08/15/2015,1
08/15/2015,1
08/15/2015,2
08/15/2015,1
08/15/2015,1
08/15/2015,2
08/15/2015,5
08/15/2015,1
08/15/2015,1
08/15/2015,1
08/15/2015,1
08/15/2015,1
08/15/2015,1
08/15/2015,2
08/15/2015,1
08/15/2015,1
08/15/2015,1
08/15/2015,6
08/15/2015,1
08/15/2015,1
08/15/2015,2
08/15/2015,2
08/15/2015,2
08/15/2015,1
08/15/2015,2
08/15/2015,1
08/15/2015,1
08/15/2015,1
08/15/2015,2
08/15/2015,1
08/15/2015,1
08/15/2015,2
08/15/2015,1
08/15/2015,1
08/15/2015,1
08/15/2015,1
08/15/2015,1
08/15/2015,1
08/15/2015,2
08/15/2015,1
08/15/2015,1
08/15/2015,6
08/15/2015,1
08/15/2015,1
08/15/2015,1
08/15/2015,4
08/15/2015,1
08/15/2015,1
08/15/2015,1
08/16/2015,4
08/16/2015,1
08/16/2015,1
08/16/2015,1
08/16/2015,1
08/16/2015,1
08/16/2015,4
08/16/2015,1
08/16/2015,2
08/16/2015,1
08/16/2015,1
08/16/2015,1
08/16/2015,1
08/16/2015,1
08/16/2015,1
08/16/2015,4
08/16/2015,1
08/16/2015,2
08/16/2015,1
08/16/2015,1
08/16/2015,1
08/16/2015,1
08/16/2015,1
08/16/2015,1
08/16/2015,1
08/16/2015,1
08/16/2015,1
08/16/2015,3
08/16/2015,1
08/16/2015,2
08/16/2015,1
08/16/2015,1
08/16/2015,1
08/16/2015,1
08/16/2015,2
08/16/2015,1
08/16/2015,1
08/16/2015,1
08/16/2015,1
08/16/2015,1
08/16/2015,1
08/16/2015,1
08/16/2015,3
08/16/2015,1
08/16/2015,1
08/16/2015,1
08/16/2015,1
08/16/2015,1
08/16/2015,1
08/16/2015,1
08/16/2015,1
08/16/2015,1
08/16/2015,2
08/16/2015,1
08/16/2015,1
08/16/2015,3
08/16/2015,1
08/16/2015,1
08/16/2015,1
08/16/2015,1
08/16/2015,4
08/16/2015,1
08/16/2015,1
08/16/2015,1
08/16/2015,1
08/16/2015,1
08/16/2015,1
08/16/2015,1
08/16/2015,4
08/16/2015,1
08/16/2015,2
08/16/2015,1
08/16/2015,1
08/16/2015,1
08/16/2015,1
08/16/2015,1
08/16/2015,1
08/16/2015,1
08/16/2015,2
08/16/2015,2
08/16/2015,1
08/16/2015,1
08/16/2015,1
08/16/2015,1
08/16/2015,1
08/16/2015,1
08/16/2015,2
08/16/2015,1
08/16/2015,1
08/16/2015,1
08/16/2015,1
08/16/2015,1
08/16/2015,1
08/16/2015,1
08/16/2015,1
08/16/2015,1
08/16/2015,1
08/16/2015,1
08/16/2015,1
08/16/2015,1
08/16/2015,1
08/16/2015,1
08/16/2015,1
08/17/2015,3
08/17/2015,1
08/17/2015,1
08/17/2015,1
08/17/2015,1
08/17/2015,1
08/17/2015,2
08/17/2015,1
08/17/2015,1
08/17/2015,1
08/17/2015,2
08/17/2015,4
08/17/2015,1
08/17/2015,1
08/17/2015,1
08/17/2015,2
08/17/2015,1
08/17/2015,1
08/17/2015,1
08/17/2015,3
08/17/2015,1
08/17/2015,1
08/17/2015,1
08/17/2015,1
08/17/2015,1
08/17/2015,1
08/17/2015,1
08/17/2015,1
08/17/2015,1
08/17/2015,1
08/17/2015,1
08/17/2015,1
08/17/2015,1
08/17/2015,2
08/17/2015,1
08/17/2015,1
08/17/2015,1
08/17/2015,1
08/17/2015,1
08/17/2015,3
08/17/2015,2
08/17/2015,1
08/17/2015,1
08/17/2015,1
08/17/2015,1
08/17/2015,1
08/17/2015,1
08/17/2015,1
08/17/2015,1
08/17/2015,1
08/17/2015,1
08/17/2015,1
08/17/2015,1
08/17/2015,2
08/17/2015,1
08/17/2015,1
08/17/2015,1
08/17/2015,1
08/17/2015,1
08/17/2015,1
08/17/2015,1
08/17/2015,1
08/17/2015,1
08/17/2015,1
08/17/2015,1
08/17/2015,1
08/17/2015,1
08/17/2015,1
08/17/2015,1
08/17/2015,1
08/17/2015,1
08/17/2015,1
08/17/2015,1
08/17/2015,3
08/17/2015,1
08/17/2015,1
08/17/2015,1
08/17/2015,1
08/17/2015,1
08/17/2015,2
08/17/2015,2
08/17/2015,1
08/17/2015,1
08/17/2015,1
08/17/2015,1
08/17/2015,2
08/17/2015,1
08/17/2015,1
08/17/2015,1
08/18/2015,5
08/18/2015,1
08/18/2015,2
08/18/2015,1
08/18/2015,1
08/18/2015,1
08/18/2015,3
08/18/2015,1
08/18/2015,1
08/18/2015,1
08/18/2015,2
08/18/2015,1
08/18/2015,1
08/18/2015,2
08/18/2015,1
08/18/2015,1
08/18/2015,1
08/18/2015,3
08/18/2015,1
08/18/2015,1
08/18/2015,1
08/18/2015,1
08/18/2015,1
08/18/2015,1
08/18/2015,1
08/18/2015,1
08/18/2015,1
08/18/2015,2
08/18/2015,1
08/18/2015,1
08/18/2015,1
08/18/2015,3
08/18/2015,2
08/18/2015,1
08/18/2015,1
08/18/2015,1
08/18/2015,1
08/18/2015,1
08/18/2015,1
08/18/2015,1
08/18/2015,1
08/18/2015,1
08/18/2015,1
08/18/2015,1
08/18/2015,1
08/18/2015,4
08/18/2015,1
08/18/2015,1
08/18/2015,1
08/18/2015,1
08/18/2015,1
08/18/2015,4
08/18/2015,1
08/18/2015,1
08/18/2015,1
08/18/2015,1
08/18/2015,1
08/18/2015,2
08/18/2015,1
08/18/2015,1
08/18/2015,1
08/18/2015,1
08/18/2015,1
08/18/2015,1
08/18/2015,2
08/18/2015,1
08/18/2015,1
08/18/2015,1
08/18/2015,1
08/18/2015,1
08/18/2015,2
08/18/2015,1
08/18/2015,1
08/18/2015,2
08/18/2015,1
08/18/2015,1
08/18/2015,2
08/18/2015,3
08/18/2015,1
08/18/2015,1
08/19/2015,2
08/19/2015,1
08/19/2015,1
08/19/2015,1
08/19/2015,2
08/19/2015,1
08/19/2015,1
08/19/2015,1
08/19/2015,1
08/19/2015,1
08/19/2015,1
08/19/2015,1
08/19/2015,1
08/19/2015,1
08/19/2015,1
08/19/2015,3
08/19/2015,1
08/19/2015,1
08/19/2015,1
08/19/2015,1
08/19/2015,1
08/19/2015,1
08/19/2015,1
08/19/2015,2
08/19/2015,2
08/19/2015,1
08/19/2015,1
08/19/2015,1
08/19/2015,3
08/19/2015,2
08/19/2015,1
08/19/2015,2
08/19/2015,1
08/19/2015,1
08/19/2015,1
08/19/2015,1
08/19/2015,1
08/19/2015,2
08/19/2015,1
08/19/2015,1
08/19/2015,1
08/19/2015,1
08/19/2015,1
08/19/2015,1
08/19/2015,3
08/19/2015,1
08/19/2015,1
08/19/2015,2
08/19/2015,1
08/19/2015,1
08/19/2015,1
08/19/2015,1
08/19/2015,1
08/19/2015,1
08/19/2015,2
08/19/2015,1
08/19/2015,1
08/19/2015,1
08/19/2015,2
08/19/2015,1
08/19/2015,1
08/19/2015,1
08/19/2015,1
08/19/2015,1
08/19/2015,1
08/19/2015,1
08/19/2015,1
08/19/2015,1
08/19/2015,2
08/19/2015,1
08/19/2015,1
08/19/2015,1
08/19/2015,1
08/19/2015,1
08/19/2015,1
08/19/2015,1
08/19/2015,3
08/19/2015,1
08/19/2015,1
08/19/2015,1
08/19/2015,1
08/19/2015,4
08/19/2015,1
08/19/2015,1
08/19/2015,1
08/20/2015,1
08/20/2015,1
08/20/2015,1
08/20/2015,1
08/20/2015,1
08/20/2015,1
08/20/2015,4
08/20/2015,1
08/20/2015,1
08/20/2015,1
08/20/2015,1
08/20/2015,1
08/20/2015,1
08/20/2015,1
08/20/2015,1
08/20/2015,1
08/20/2015,1
08/20/2015,1
08/20/2015,1
08/20/2015,1
08/20/2015,1
08/20/2015,1
08/20/2015,1
08/20/2015,1
08/20/2015,1
08/20/2015,1
08/20/2015,1
08/20/2015,1
08/20/2015,1
08/20/2015,1
08/20/2015,1
08/20/2015,1
08/20/2015,1
08/20/2015,3
08/20/2015,1
08/20/2015,1
08/20/2015,1
08/20/2015,1
08/20/2015,1
08/20/2015,1
08/20/2015,1
08/20/2015,1
08/20/2015,1
08/20/2015,1
08/20/2015,1
08/20/2015,1
08/20/2015,1
08/20/2015,1
08/20/2015,3
08/20/2015,1
08/20/2015,1
08/20/2015,1
08/20/2015,1
08/20/2015,1
08/20/2015,1
08/20/2015,1
08/20/2015,1
08/20/2015,2
08/20/2015,1
08/20/2015,1
08/20/2015,1
08/20/2015,3
08/20/2015,1
08/20/2015,3
08/20/2015,1
08/20/2015,1
08/20/2015,1
08/20/2015,1
08/20/2015,1
08/20/2015,1
08/20/2015,1
08/20/2015,1
08/21/2015,1
08/21/2015,1
08/21/2015,1
08/21/2015,1
08/21/2015,1
08/21/2015,1
08/21/2015,2
08/21/2015,1
08/21/2015,3
08/21/2015,1
08/21/2015,1
08/21/2015,1
08/21/2015,1
08/21/2015,1
08/21/2015,2
08/21/2015,1
08/21/2015,1
08/21/2015,1
08/21/2015,1
08/21/2015,2
08/21/2015,1
08/21/2015,1
08/21/2015,1
08/21/2015,1
08/21/2015,1
08/21/2015,1
08/21/2015,1
08/21/2015,1
08/21/2015,1
08/21/2015,1
08/21/2015,1
08/21/2015,1
08/21/2015,1
08/21/2015,1
08/21/2015,1
08/21/2015,1
08/21/2015,1
08/21/2015,1
08/21/2015,1
08/21/2015,1
08/21/2015,1
08/21/2015,1
08/21/2015,1
08/21/2015,1
08/21/2015,1
08/21/2015,1
08/21/2015,1
08/21/2015,1
08/21/2015,1
08/21/2015,1
08/21/2015,1
08/21/2015,1
08/21/2015,1
08/21/2015,1
08/21/2015,1
08/21/2015,1
08/21/2015,2
08/21/2015,1
08/21/2015,1
08/21/2015,1
08/21/2015,1
08/21/2015,1
08/21/2015,1
08/21/2015,1
08/21/2015,1
08/21/2015,4
08/21/2015,1
08/21/2015,1
08/21/2015,1
08/21/2015,2
08/21/2015,1
08/21/2015,1
08/21/2015,1
08/21/2015,1
08/21/2015,1
08/21/2015,1
08/21/2015,1
08/21/2015,2
08/21/2015,1
08/21/2015,1
08/21/2015,1
08/21/2015,1
08/21/2015,1
08/21/2015,2
08/21/2015,1
08/21/2015,1
08/21/2015,1
08/21/2015,4
08/21/2015,1
08/21/2015,1
08/21/2015,1
08/21/2015,2
08/21/2015,1
08/21/2015,1
08/21/2015,1
08/21/2015,1
08/21/2015,1
08/21/2015,1
08/21/2015,1
08/21/2015,1
08/21/2015,4
08/21/2015,1
08/22/2015,3
08/22/2015,1
08/22/2015,1
08/22/2015,1
08/22/2015,1
08/22/2015,2
08/22/2015,1
08/22/2015,1
08/22/2015,1
08/22/2015,1
08/22/2015,1
08/22/2015,1
08/22/2015,1
08/22/2015,1
08/22/2015,1
08/22/2015,1
08/22/2015,1
08/22/2015,1
08/22/2015,1
08/22/2015,1
08/22/2015,1
08/22/2015,1
08/22/2015,1
08/22/2015,1
08/22/2015,1
08/22/2015,1
08/22/2015,2
08/22/2015,1
08/22/2015,1
08/22/2015,1
08/22/2015,1
08/22/2015,1
08/22/2015,1
08/22/2015,1
08/22/2015,2
08/22/2015,1
08/22/2015,1
08/22/2015,1
08/22/2015,1
08/22/2015,1
08/22/2015,1
08/22/2015,1
08/22/2015,1
08/22/2015,3
08/22/2015,1
08/22/2015,1
08/22/2015,1
08/22/2015,1
08/22/2015,1
08/22/2015,1
08/22/2015,1
08/22/2015,1
08/22/2015,1
08/22/2015,2
08/22/2015,1
08/22/2015,1
08/22/2015,1
08/22/2015,1
08/22/2015,1
08/22/2015,1
08/22/2015,1
08/22/2015,1
08/22/2015,1
08/22/2015,1
08/22/2015,1
08/22/2015,1
08/22/2015,1
08/22/2015,1
08/22/2015,1
08/22/2015,1
08/22/2015,2
08/22/2015,1
08/22/2015,1
08/22/2015,1
08/22/2015,1
08/22/2015,1
08/22/2015,1
08/22/2015,1
08/22/2015,1
08/22/2015,1
08/22/2015,1
08/22/2015,1
08/22/2015,1
08/22/2015,1
08/22/2015,1
08/22/2015,1
08/22/2015,1
08/22/2015,1
08/22/2015,1
08/22/2015,1
08/22/2015,1
08/22/2015,2
08/22/2015,1
08/22/2015,1
08/22/2015,1
08/22/2015,1
08/22/2015,1
08/22/2015,1
08/22/2015,1
08/22/2015,1
08/22/2015,1
08/22/2015,1
08/22/2015,1
08/22/2015,1
08/22/2015,1
08/22/2015,1
08/22/2015,1
08/22/2015,1
08/23/2015,1
08/23/2015,1
08/23/2015,1
08/23/2015,1
08/23/2015,1
08/23/2015,1
08/23/2015,1
08/23/2015,1
08/23/2015,1
08/23/2015,1
08/23/2015,1
08/23/2015,1
08/23/2015,1
08/23/2015,1
08/23/2015,1
08/23/2015,1
08/23/2015,1
08/23/2015,1
08/23/2015,3
08/23/2015,1
08/23/2015,1
08/23/2015,1
08/23/2015,1
08/23/2015,1
08/23/2015,1
08/23/2015,1
08/23/2015,1
08/23/2015,1
08/23/2015,1
08/23/2015,1
08/23/2015,1
08/23/2015,1
08/23/2015,1
08/23/2015,1
08/23/2015,1
08/23/2015,3
08/23/2015,1
08/23/2015,1
08/23/2015,1
08/23/2015,2
08/23/2015,1
08/23/2015,1
08/23/2015,2
08/23/2015,1
08/23/2015,1
08/23/2015,1
08/23/2015,1
08/23/2015,1
08/23/2015,1
08/23/2015,1
08/23/2015,1
08/23/2015,1
08/23/2015,1
08/23/2015,1
08/23/2015,1
08/23/2015,1
08/23/2015,1
08/23/2015,1
08/23/2015,1
08/23/2015,1
08/23/2015,1
08/23/2015,1
08/23/2015,1
08/23/2015,1
08/23/2015,1
08/23/2015,1
08/23/2015,1
08/23/2015,1
08/23/2015,1
08/23/2015,1
08/23/2015,1
08/23/2015,1
08/23/2015,1
08/23/2015,1
08/23/2015,1
08/23/2015,1
08/23/2015,1
08/23/2015,1
08/23/2015,1
08/23/2015,1
08/23/2015,1
08/23/2015,1
08/23/2015,1
08/23/2015,1
08/23/2015,1
08/23/2015,1
08/23/2015,1
08/23/2015,1
08/23/2015,1
08/23/2015,1
08/23/2015,1
08/23/2015,1
08/23/2015,1
08/23/2015,1
08/23/2015,1
08/23/2015,1
08/23/2015,1
08/23/2015,1
08/23/2015,1
08/23/2015,1
08/23/2015,1
08/23/2015,1
08/23/2015,1
08/23/2015,1
08/23/2015,1
08/23/2015,1
08/23/2015,2
08/23/2015,1
08/23/2015,1
08/24/2015,1
08/24/2015,1
08/24/2015,1
08/24/2015,1
08/24/2015,1
08/24/2015,1
08/24/2015,1
08/24/2015,1
08/24/2015,1
08/24/2015,1
08/24/2015,1
08/24/2015,1
08/24/2015,1
08/24/2015,1
08/24/2015,1
08/24/2015,1
08/24/2015,1
08/24/2015,1
08/24/2015,1
08/24/2015,1
08/24/2015,1
08/24/2015,1
08/24/2015,1
08/24/2015,1
08/24/2015,1
08/24/2015,1
08/24/2015,1
08/24/2015,1
08/24/2015,1
08/24/2015,1
08/24/2015,1
08/24/2015,1
08/24/2015,1
08/24/2015,1
08/24/2015,1
08/24/2015,1
08/24/2015,1
08/24/2015,1
08/24/2015,1
08/24/2015,1
08/24/2015,1
08/24/2015,1
08/24/2015,1
08/24/2015,1
08/24/2015,1
08/24/2015,1
08/24/2015,1
08/24/2015,1
08/24/2015,1
08/24/2015,1
08/24/2015,1
08/24/2015,1
08/24/2015,1
08/24/2015,1
08/24/2015,1
08/24/2015,1
08/24/2015,1
08/24/2015,1
08/24/2015,1
08/24/2015,1
08/24/2015,1
08/24/2015,1
08/24/2015,1
08/24/2015,1
08/24/2015,1
08/24/2015,1
08/24/2015,1
08/24/2015,1
08/24/2015,1
08/24/2015,1
08/24/2015,1
08/24/2015,1
08/24/2015,1
08/24/2015,1
08/24/2015,1
08/24/2015,1
08/24/2015,1
08/24/2015,1
08/24/2015,1
08/24/2015,1
08/24/2015,1
08/24/2015,1
08/24/2015,1
08/24/2015,1
08/24/2015,1
08/24/2015,1
08/24/2015,1
08/24/2015,1
08/24/2015,1
08/24/2015,1
08/24/2015,1
08/24/2015,1
08/24/2015,1
08/24/2015,1
08/24/2015,1
08/24/2015,1
08/24/2015,1
08/24/2015,1
08/24/2015,1
08/24/2015,1
08/24/2015,1
08/24/2015,1
08/24/2015,1
08/24/2015,1
08/24/2015,1
08/24/2015,1
08/24/2015,1
08/25/2015,1
08/25/2015,1
08/25/2015,1
08/25/2015,1
08/25/2015,1
08/25/2015,1
08/25/2015,1
08/25/2015,1
08/25/2015,1
08/25/2015,1
08/25/2015,1
08/25/2015,1
08/25/2015,1
08/25/2015,1
08/25/2015,1
08/25/2015,1
08/25/2015,1
08/25/2015,1
08/25/2015,1
08/25/2015,1
08/25/2015,1
08/25/2015,1
08/25/2015,1
08/25/2015,1
08/25/2015,1
08/25/2015,1
08/25/2015,1
08/25/2015,1
08/25/2015,1
08/25/2015,1
08/25/2015,1
08/25/2015,1
08/25/2015,1
08/25/2015,1
08/25/2015,1
08/25/2015,1
08/25/2015,1
08/25/2015,1
08/25/2015,1
08/25/2015,1
08/25/2015,1
08/25/2015,1
08/25/2015,1
08/25/2015,1
08/25/2015,1
08/25/2015,1
08/25/2015,1
08/25/2015,1
08/25/2015,1
08/25/2015,1
08/25/2015,1
08/25/2015,1
08/25/2015,1
08/25/2015,1
08/25/2015,1
08/25/2015,1
08/25/2015,1
08/25/2015,1
08/25/2015,1
08/25/2015,1
08/25/2015,1
08/25/2015,1
08/25/2015,1
08/25/2015,1
08/25/2015,1
08/25/2015,1
08/25/2015,1
08/25/2015,1
08/25/2015,1
08/25/2015,1
08/25/2015,1
08/25/2015,1
08/25/2015,1
08/25/2015,1
08/25/2015,1
08/25/2015,1
08/25/2015,1
08/25/2015,1
08/25/2015,1
08/25/2015,1
08/25/2015,1
08/25/2015,1
08/25/2015,1
08/25/2015,1
08/25/2015,1
08/25/2015,1
08/25/2015,1
08/25/2015,1
08/25/2015,1
08/25/2015,1
08/25/2015,1
08/26/2015,1
08/26/2015,1
08/26/2015,1
08/26/2015,1
08/26/2015,1
08/26/2015,1
08/26/2015,1
08/26/2015,1
08/26/2015,1
08/26/2015,1
08/26/2015,1
08/26/2015,1
08/26/2015,1
08/26/2015,1
08/26/2015,1
08/26/2015,1
08/26/2015,1
08/26/2015,1
08/26/2015,1
08/26/2015,1
08/26/2015,1
08/26/2015,1
08/26/2015,1
08/26/2015,1
08/26/2015,1
08/26/2015,1
08/26/2015,1
08/26/2015,1
08/26/2015,1
08/26/2015,1
08/26/2015,1
08/26/2015,1
08/26/2015,1
08/26/2015,1
08/26/2015,1
08/26/2015,1
08/26/2015,1
08/26/2015,1
08/26/2015,1
08/26/2015,1
08/26/2015,1
08/26/2015,1
08/26/2015,1
08/26/2015,1
08/26/2015,1
08/26/2015,1
08/26/2015,1
08/26/2015,1
08/26/2015,1
08/26/2015,1
08/26/2015,1
08/26/2015,1
08/26/2015,1
08/26/2015,1
08/26/2015,1
08/26/2015,1
08/26/2015,1
08/26/2015,2
08/26/2015,1
08/26/2015,1
08/26/2015,1
08/26/2015,1
08/26/2015,1
08/26/2015,1
08/26/2015,1
08/26/2015,1
08/26/2015,1
08/26/2015,1
08/26/2015,1
08/26/2015,1
08/26/2015,1
08/26/2015,1
08/26/2015,1
08/26/2015,1
08/26/2015,1
08/26/2015,1
08/26/2015,1
08/26/2015,1
08/26/2015,1
08/26/2015,1
08/26/2015,1
08/26/2015,1
08/26/2015,1
08/26/2015,1
08/26/2015,1
08/26/2015,1
08/26/2015,1
08/26/2015,1
08/26/2015,1
08/26/2015,1
08/26/2015,1
08/26/2015,1
08/26/2015,1
08/26/2015,1
08/26/2015,1
08/27/2015,1
08/27/2015,1
08/27/2015,1
08/27/2015,1
08/27/2015,1
08/27/2015,1
08/27/2015,1
08/27/2015,1
08/27/2015,1
08/27/2015,1
08/27/2015,1
08/27/2015,1
08/27/2015,1
08/27/2015,1
08/27/2015,1
08/27/2015,1
08/27/2015,1
08/27/2015,1
08/27/2015,1
08/27/2015,1
08/27/2015,1
08/27/2015,1
08/27/2015,1
08/27/2015,1
08/27/2015,1
08/27/2015,1
08/27/2015,1
08/27/2015,1
08/27/2015,1
08/27/2015,1
08/27/2015,1
08/27/2015,1
08/27/2015,1
08/27/2015,1
08/27/2015,1
08/27/2015,1
08/27/2015,1
08/27/2015,1
08/27/2015,1
08/27/2015,1
08/27/2015,1
08/27/2015,1
08/27/2015,1
08/27/2015,1
08/27/2015,1
08/27/2015,1
08/27/2015,1
08/27/2015,1
08/27/2015,1
08/27/2015,1
08/27/2015,1
08/27/2015,1
08/27/2015,1
08/27/2015,1
08/27/2015,1
08/27/2015,1
08/27/2015,1
08/27/2015,1
08/27/2015,1
08/27/2015,1
08/27/2015,1
08/27/2015,1
08/27/2015,1
08/27/2015,1
08/27/2015,1
08/27/2015,1
08/27/2015,1
08/27/2015,1
08/27/2015,1
08/27/2015,1
08/27/2015,1
08/27/2015,1
08/27/2015,1
08/27/2015,1
08/27/2015,1
08/27/2015,1
08/27/2015,1
08/27/2015,1
08/27/2015,1
08/27/2015,1
08/27/2015,1
08/27/2015,1
08/27/2015,1
08/27/2015,1
08/27/2015,1
08/27/2015,1
08/27/2015,1
08/27/2015,1
08/27/2015,1
08/27/2015,1
08/27/2015,1
08/27/2015,1
08/27/2015,1
08/27/2015,1
08/27/2015,1
08/27/2015,1
08/27/2015,1
08/27/2015,1
08/27/2015,1
08/27/2015,1
08/27/2015,1
08/27/2015,1
08/27/2015,1
08/27/2015,1
08/27/2015,1
08/27/2015,1
08/27/2015,1
08/27/2015,1
08/28/2015,1
08/28/2015,1
08/28/2015,1
08/28/2015,1
08/28/2015,1
08/28/2015,1
08/28/2015,1
08/28/2015,1
08/28/2015,1
08/28/2015,1
08/28/2015,1
08/28/2015,1
08/28/2015,1
08/28/2015,1
08/28/2015,1
08/28/2015,1
08/28/2015,1
08/28/2015,1
08/28/2015,1
08/28/2015,1
08/28/2015,1
08/28/2015,1
08/28/2015,1
08/28/2015,1
08/28/2015,1
08/28/2015,1
08/28/2015,1
08/28/2015,1
08/28/2015,1
08/28/2015,1
08/28/2015,1
08/28/2015,1
08/28/2015,1
08/28/2015,1
08/28/2015,1
08/28/2015,1
08/28/2015,1
08/28/2015,1
08/28/2015,1
08/28/2015,1
08/28/2015,1
08/28/2015,1
08/28/2015,1
08/28/2015,1
08/28/2015,1
08/28/2015,1
08/28/2015,1
08/28/2015,1
08/28/2015,1
08/28/2015,1
08/28/2015,1
08/28/2015,1
08/28/2015,1
08/28/2015,1
08/28/2015,1
08/28/2015,1
08/28/2015,1
08/28/2015,1
08/28/2015,1
08/28/2015,1
08/28/2015,1
08/28/2015,1
08/28/2015,1
08/28/2015,1
08/28/2015,1
08/28/2015,1
08/28/2015,1
08/28/2015,1
08/28/2015,1
08/28/2015,1
08/28/2015,1
08/28/2015,1
08/28/2015,1
08/28/2015,1
08/28/2015,1
08/28/2015,1
08/28/2015,1
08/28/2015,1
08/28/2015,1
08/28/2015,1
08/28/2015,1
08/28/2015,1
08/28/2015,1
08/28/2015,1
08/28/2015,1
08/28/2015,1
08/28/2015,1
08/28/2015,1
08/28/2015,1
08/28/2015,1
08/28/2015,1
08/28/2015,1
08/28/2015,1
08/28/2015,1
08/28/2015,1
08/28/2015,1
08/28/2015,1
08/28/2015,1
08/28/2015,1
08/28/2015,1
08/28/2015,1
08/28/2015,1
08/28/2015,1
08/28/2015,1
08/28/2015,1
08/28/2015,1
08/28/2015,1
08/28/2015,1
08/28/2015,1
08/28/2015,1
08/28/2015,1
08/28/2015,1
08/28/2015,1
08/28/2015,1
08/28/2015,1
08/28/2015,1
08/28/2015,1
08/28/2015,1
08/28/2015,1
08/28/2015,1
08/28/2015,1
08/28/2015,1
08/28/2015,1
08/28/2015,1
08/28/2015,1
08/28/2015,1
08/28/2015,1
08/28/2015,1
08/29/2015,1
08/29/2015,1
08/29/2015,1
08/29/2015,1
08/29/2015,1
08/29/2015,1
08/29/2015,1
08/29/2015,1
08/29/2015,1
08/29/2015,1
08/29/2015,1
08/29/2015,1
08/29/2015,1
08/29/2015,1
08/29/2015,1
08/29/2015,1
08/29/2015,1
08/29/2015,1
08/29/2015,1
08/29/2015,1
08/29/2015,1
08/29/2015,1
08/29/2015,1
08/29/2015,1
08/29/2015,1
08/29/2015,1
08/29/2015,2
08/29/2015,1
08/29/2015,2
08/29/2015,1
08/29/2015,1
08/29/2015,1
08/29/2015,1
08/29/2015,1
08/29/2015,1
08/29/2015,1
08/29/2015,1
08/29/2015,1
08/29/2015,1
08/29/2015,1
08/29/2015,1
08/29/2015,1
08/29/2015,1
08/29/2015,1
08/29/2015,1
08/29/2015,1
08/29/2015,1
08/29/2015,1
08/29/2015,1
08/29/2015,1
08/29/2015,1
08/29/2015,1
08/29/2015,1
08/29/2015,1
08/29/2015,1
08/29/2015,1
08/29/2015,1
08/29/2015,1
08/29/2015,1
08/29/2015,1
08/29/2015,1
08/29/2015,1
08/29/2015,1
08/29/2015,1
08/29/2015,1
08/29/2015,1
08/29/2015,1
08/29/2015,1
08/29/2015,1
08/29/2015,1
08/29/2015,1
08/29/2015,1
08/29/2015,1
08/29/2015,1
08/29/2015,1
08/29/2015,1
08/29/2015,1
08/29/2015,1
08/29/2015,1
08/29/2015,1
08/29/2015,1
08/29/2015,1
08/29/2015,1
08/29/2015,1
08/29/2015,1
08/29/2015,1
08/29/2015,1
08/29/2015,1
08/29/2015,1
08/29/2015,1
08/29/2015,1
08/29/2015,1
08/29/2015,1
08/29/2015,1
08/29/2015,1
08/29/2015,1
08/29/2015,1
08/29/2015,1
08/29/2015,1
08/29/2015,1
08/29/2015,1
08/29/2015,1
08/29/2015,1
08/29/2015,1
08/29/2015,1
08/29/2015,1
08/29/2015,1
08/30/2015,1
08/30/2015,1
08/30/2015,1
08/30/2015,1
08/30/2015,1
08/30/2015,1
08/30/2015,1
08/30/2015,1
08/30/2015,1
08/30/2015,1
08/30/2015,1
08/30/2015,1
08/30/2015,1
08/30/2015,1
08/30/2015,1
08/30/2015,1
08/30/2015,1
08/30/2015,1
08/30/2015,1
08/30/2015,1
08/30/2015,1
08/30/2015,1
08/30/2015,1
08/30/2015,1
08/30/2015,1
08/30/2015,1
08/30/2015,1
08/30/2015,1
08/30/2015,1
08/30/2015,1
08/30/2015,1
08/30/2015,1
08/30/2015,1
08/30/2015,1
08/30/2015,1
08/30/2015,1
08/30/2015,1
08/30/2015,1
08/30/2015,1
08/30/2015,1
08/30/2015,1
08/30/2015,1
08/30/2015,1
08/30/2015,1
08/30/2015,1
08/30/2015,1
08/30/2015,1
08/30/2015,1
08/30/2015,1
08/30/2015,1
08/30/2015,1
08/30/2015,1
08/30/2015,1
08/30/2015,1
08/30/2015,1
08/30/2015,1
08/30/2015,1
08/30/2015,1
08/30/2015,1
08/30/2015,1
08/30/2015,1
08/30/2015,1
08/30/2015,2
08/30/2015,1
08/30/2015,1
08/30/2015,1
08/30/2015,1
08/30/2015,1
08/30/2015,1
08/30/2015,1
08/30/2015,1
08/30/2015,1
08/30/2015,1
08/30/2015,1
08/30/2015,1
08/30/2015,1
08/30/2015,1
08/30/2015,1
08/30/2015,1
08/30/2015,1
08/30/2015,1
08/30/2015,1
08/30/2015,1
08/30/2015,1
08/30/2015,1
08/30/2015,1
08/30/2015,1
08/30/2015,1
08/30/2015,1
08/30/2015,1
08/30/2015,2
08/30/2015,1
08/30/2015,1
08/30/2015,1
08/30/2015,1
08/30/2015,1
08/30/2015,1
08/30/2015,1
08/30/2015,1
08/30/2015,1
08/30/2015,1
08/30/2015,1
08/30/2015,1
08/30/2015,1
08/30/2015,1
08/30/2015,1
08/30/2015,1
08/30/2015,1
08/30/2015,1
08/30/2015,1
08/30/2015,1
08/30/2015,1
08/30/2015,1
08/30/2015,1
08/30/2015,1
08/30/2015,1
08/30/2015,1
08/31/2015,1
08/31/2015,1
08/31/2015,1
08/31/2015,1
08/31/2015,1
08/31/2015,1
08/31/2015,1
08/31/2015,1
08/31/2015,1
08/31/2015,1
08/31/2015,1
08/31/2015,1
08/31/2015,1
08/31/2015,1
08/31/2015,1
08/31/2015,1
08/31/2015,1
08/31/2015,1
08/31/2015,1
08/31/2015,1
08/31/2015,1
08/31/2015,1
08/31/2015,1
08/31/2015,1
08/31/2015,1
08/31/2015,1
08/31/2015,1
08/31/2015,1
08/31/2015,1
08/31/2015,1
08/31/2015,1
08/31/2015,1
08/31/2015,1
08/31/2015,1
08/31/2015,1
08/31/2015,1
08/31/2015,1
08/31/2015,1
08/31/2015,1
08/31/2015,1
08/31/2015,1
08/31/2015,1
08/31/2015,1
08/31/2015,1
08/31/2015,1
08/31/2015,1
08/31/2015,1
08/31/2015,1
08/31/2015,1
08/31/2015,1
08/31/2015,1
08/31/2015,1
08/31/2015,1
08/31/2015,1
08/31/2015,1
08/31/2015,2
08/31/2015,1
08/31/2015,1
08/31/2015,1
08/31/2015,1
08/31/2015,1
08/31/2015,1
08/31/2015,1
08/31/2015,1
08/31/2015,1
08/31/2015,1
08/31/2015,1
08/31/2015,1
08/31/2015,1
08/31/2015,1
08/31/2015,1
08/31/2015,1
08/31/2015,1
08/31/2015,1
08/31/2015,1
08/31/2015,1
08/31/2015,1
08/31/2015,1
08/31/2015,1
08/31/2015,1
08/31/2015,1
08/31/2015,1
08/31/2015,1
08/31/2015,1
08/31/2015,1
08/31/2015,1
08/31/2015,1
08/31/2015,1
08/31/2015,1
08/31/2015,1
08/31/2015,1
08/31/2015,1
08/31/2015,1
08/31/2015,1
08/31/2015,1
08/31/2015,1
08/31/2015,1
08/31/2015,1
08/31/2015,1
09/01/2015,1
09/01/2015,1
09/01/2015,1
09/01/2015,1
09/01/2015,1
09/01/2015,1
09/01/2015,1
09/01/2015,1
09/01/2015,1
09/01/2015,1
09/01/2015,1
09/01/2015,1
09/01/2015,1
09/01/2015,1
09/01/2015,1
09/01/2015,1
09/01/2015,1
09/01/2015,1
09/01/2015,1
09/01/2015,1
09/01/2015,1
09/01/2015,1
09/01/2015,1
09/01/2015,1
09/01/2015,1
09/01/2015,1
09/01/2015,1
09/01/2015,1
09/01/2015,1
09/01/2015,1
09/01/2015,1
09/01/2015,1
09/01/2015,1
09/01/2015,1
09/01/2015,1
09/01/2015,1
09/01/2015,1
09/01/2015,1
09/01/2015,1
09/01/2015,1
09/01/2015,1
09/01/2015,1
09/01/2015,1
09/01/2015,1
09/01/2015,1
09/01/2015,1
09/01/2015,1
09/01/2015,1
09/01/2015,1
09/01/2015,1
09/01/2015,1
09/01/2015,1
09/01/2015,1
09/01/2015,1
09/01/2015,1
09/01/2015,1
09/01/2015,1
09/01/2015,1
09/01/2015,1
09/01/2015,1
09/01/2015,1
09/01/2015,1
09/01/2015,1
09/01/2015,1
09/01/2015,1
09/01/2015,1
09/01/2015,1
09/01/2015,1
09/01/2015,1
09/01/2015,1
09/01/2015,1
09/01/2015,1
09/01/2015,1
09/01/2015,1
09/01/2015,1
09/01/2015,1
09/01/2015,1
09/01/2015,1
09/01/2015,1
09/01/2015,1
09/01/2015,1
09/01/2015,1
09/01/2015,1
09/01/2015,1
09/01/2015,1
09/01/2015,1
09/01/2015,1
09/01/2015,1
09/01/2015,1
09/01/2015,1
09/01/2015,1
09/01/2015,1
09/01/2015,1
09/01/2015,1
09/01/2015,1
09/01/2015,1
09/01/2015,1
09/02/2015,1
09/02/2015,1
09/02/2015,1
09/02/2015,1
09/02/2015,1
09/02/2015,1
09/02/2015,1
09/02/2015,1
09/02/2015,1
09/02/2015,1
09/02/2015,1
09/02/2015,1
09/02/2015,1
09/02/2015,1
09/02/2015,1
09/02/2015,1
09/02/2015,1
09/02/2015,1
09/02/2015,1
09/02/2015,1
09/02/2015,1
09/02/2015,1
09/02/2015,1
09/02/2015,1
09/02/2015,1
09/02/2015,1
09/02/2015,1
09/02/2015,1
09/02/2015,1
09/02/2015,1
09/02/2015,1
09/02/2015,1
09/02/2015,1
09/02/2015,1
09/02/2015,1
09/02/2015,1
09/02/2015,1
09/02/2015,1
09/02/2015,1
09/02/2015,1
09/02/2015,1
09/02/2015,1
09/02/2015,1
09/02/2015,1
09/02/2015,1
09/02/2015,1
09/02/2015,1
09/02/2015,1
09/02/2015,1
09/02/2015,1
09/02/2015,1
09/02/2015,1
09/02/2015,1
09/02/2015,1
09/02/2015,1
09/02/2015,1
09/02/2015,1
09/02/2015,1
09/02/2015,1
09/02/2015,1
09/02/2015,1
09/02/2015,1
09/02/2015,1
09/02/2015,1
09/02/2015,1
09/02/2015,1
09/02/2015,1
09/02/2015,1
09/02/2015,1
09/02/2015,1
09/02/2015,1
09/02/2015,1
09/02/2015,1
09/02/2015,1
09/02/2015,1
09/02/2015,1
09/02/2015,1
09/02/2015,1
09/02/2015,1
09/02/2015,1
09/02/2015,1
09/02/2015,1
09/02/2015,1
09/02/2015,1
09/02/2015,1
09/02/2015,1
09/02/2015,1
09/02/2015,1
09/02/2015,1
09/02/2015,1
09/02/2015,1
09/02/2015,1
09/02/2015,1
09/02/2015,1
09/02/2015,2
09/02/2015,1
09/02/2015,1
09/02/2015,1
09/02/2015,1
09/02/2015,1
09/02/2015,1
09/03/2015,1
09/03/2015,1
09/03/2015,1
09/03/2015,1
09/03/2015,1
09/03/2015,1
09/03/2015,1
09/03/2015,1
09/03/2015,1
09/03/2015,1
09/03/2015,1
09/03/2015,1
09/03/2015,1
09/03/2015,1
09/03/2015,1
09/03/2015,1
09/03/2015,1
09/03/2015,2
09/03/2015,1
09/03/2015,1
09/03/2015,1
09/03/2015,1
09/03/2015,1
09/03/2015,1
09/03/2015,1
09/03/2015,1
09/03/2015,1
09/03/2015,1
09/03/2015,1
09/03/2015,1
09/03/2015,1
09/03/2015,1
09/03/2015,1
09/03/2015,1
09/03/2015,1
09/03/2015,1
09/03/2015,1
09/03/2015,1
09/03/2015,1
09/03/2015,1
09/03/2015,1
09/03/2015,1
09/03/2015,1
09/03/2015,1
09/03/2015,1
09/03/2015,1
09/03/2015,1
09/03/2015,1
09/03/2015,1
09/03/2015,1
09/03/2015,1
09/03/2015,1
09/03/2015,1
09/03/2015,1
09/03/2015,1
09/03/2015,1
09/03/2015,1
09/03/2015,1
09/03/2015,1
09/03/2015,1
09/03/2015,1
09/03/2015,1
09/03/2015,1
09/03/2015,1
09/03/2015,1
09/03/2015,1
09/03/2015,1
09/03/2015,1
09/03/2015,1
09/03/2015,1
09/03/2015,1
09/03/2015,1
09/03/2015,1
09/03/2015,1
09/03/2015,1
09/03/2015,1
09/03/2015,1
09/03/2015,1
09/03/2015,1
09/03/2015,1
09/03/2015,1
09/03/2015,1
09/03/2015,1
09/03/2015,1
09/03/2015,1
09/03/2015,1
09/03/2015,1
09/03/2015,1
09/03/2015,1
09/03/2015,1
09/03/2015,1
09/03/2015,1
09/03/2015,1
09/03/2015,1
09/04/2015,1
09/04/2015,1
09/04/2015,1
09/04/2015,1
09/04/2015,1
09/04/2015,1
09/04/2015,1
09/04/2015,1
09/04/2015,1
09/04/2015,1
09/04/2015,1
09/04/2015,1
09/04/2015,1
09/04/2015,1
09/04/2015,1
09/04/2015,1
09/04/2015,1
09/04/2015,1
09/04/2015,1
09/04/2015,1
09/04/2015,1
09/04/2015,1
09/04/2015,1
09/04/2015,1
09/04/2015,1
09/04/2015,1
09/04/2015,1
09/04/2015,1
09/04/2015,1
09/04/2015,1
09/04/2015,1
09/04/2015,1
09/04/2015,1
09/04/2015,1
09/04/2015,1
09/04/2015,1
09/04/2015,1
09/04/2015,1
09/04/2015,1
09/04/2015,1
09/04/2015,1
09/04/2015,1
09/04/2015,1
09/04/2015,1
09/04/2015,1
09/04/2015,1
09/04/2015,1
09/04/2015,1
09/04/2015,1
09/04/2015,1
09/04/2015,1
09/04/2015,1
09/04/2015,1
09/04/2015,1
09/04/2015,1
09/04/2015,1
09/04/2015,1
09/04/2015,1
09/04/2015,1
09/04/2015,1
09/04/2015,1
09/04/2015,1
09/04/2015,1
09/04/2015,1
09/04/2015,1
09/04/2015,1
09/04/2015,1
09/04/2015,1
09/04/2015,1
09/04/2015,1
09/04/2015,1
09/04/2015,1
09/04/2015,1
09/04/2015,1
09/04/2015,1
09/04/2015,1
09/04/2015,1
09/04/2015,1
09/04/2015,1
09/04/2015,1
09/04/2015,1
09/04/2015,1
09/04/2015,1
09/04/2015,1
09/04/2015,1
09/04/2015,1
09/04/2015,1
09/04/2015,1
09/04/2015,1
09/04/2015,1
09/04/2015,1
09/04/2015,1
09/04/2015,1
09/04/2015,1
09/04/2015,1
09/04/2015,1
09/04/2015,1
09/04/2015,1
09/04/2015,1
09/04/2015,1
09/04/2015,1
09/04/2015,1
09/04/2015,1
09/04/2015,1
09/04/2015,1
09/04/2015,1
09/04/2015,1
09/04/2015,1
09/04/2015,1
09/04/2015,1
09/04/2015,1
09/04/2015,1
09/04/2015,1
09/04/2015,1
09/04/2015,1
09/04/2015,1
09/04/2015,1
09/04/2015,1
09/04/2015,1
09/05/2015,1
09/05/2015,1
09/05/2015,1
09/05/2015,1
09/05/2015,1
09/05/2015,1
09/05/2015,1
09/05/2015,1
09/05/2015,1
09/05/2015,1
09/05/2015,1
09/05/2015,1
09/05/2015,1
09/05/2015,1
09/05/2015,1
09/05/2015,1
09/05/2015,1
09/05/2015,1
09/05/2015,1
09/05/2015,1
09/05/2015,1
09/05/2015,1
09/05/2015,1
09/05/2015,1
09/05/2015,1
09/05/2015,1
09/05/2015,1
09/05/2015,1
09/05/2015,1
09/05/2015,1
09/05/2015,1
09/05/2015,1
09/05/2015,1
09/05/2015,1
09/05/2015,1
09/05/2015,1
09/05/2015,1
09/05/2015,1
09/05/2015,1
09/05/2015,1
09/05/2015,1
09/05/2015,1
09/05/2015,1
09/05/2015,1
09/05/2015,1
09/05/2015,1
09/05/2015,1
09/05/2015,1
09/05/2015,1
09/05/2015,1
09/05/2015,1
09/05/2015,1
09/05/2015,1
09/05/2015,1
09/05/2015,1
09/05/2015,1
09/05/2015,1
09/05/2015,1
09/05/2015,1
09/05/2015,1
09/05/2015,1
09/05/2015,1
09/05/2015,1
09/05/2015,1
09/05/2015,1
09/05/2015,1
09/05/2015,1
09/05/2015,1
09/05/2015,1
09/05/2015,1
09/05/2015,1
09/05/2015,1
09/05/2015,1
09/05/2015,1
09/05/2015,1
09/05/2015,1
09/05/2015,1
09/05/2015,1
09/05/2015,1
09/05/2015,1
09/05/2015,1
09/05/2015,1
09/05/2015,1
09/05/2015,1
09/05/2015,1
09/05/2015,1
09/05/2015,1
09/05/2015,1
09/05/2015,1
09/05/2015,1
09/05/2015,1
09/05/2015,1
09/05/2015,1
09/05/2015,1
09/05/2015,1
09/05/2015,1
09/05/2015,1
09/05/2015,1
09/05/2015,1
09/05/2015,1
09/05/2015,1
09/05/2015,1
09/05/2015,1
09/05/2015,1
09/05/2015,1
09/05/2015,1
09/05/2015,1
09/05/2015,1
09/05/2015,1
09/05/2015,1
09/05/2015,1
09/05/2015,1
09/05/2015,1
09/05/2015,1
09/05/2015,1
09/05/2015,1
09/05/2015,1
09/05/2015,1
09/05/2015,1
09/05/2015,1
09/05/2015,1
09/05/2015,1
09/05/2015,1
09/05/2015,1
09/05/2015,1
09/05/2015,1
09/05/2015,1
09/05/2015,1
09/05/2015,1
09/05/2015,1
09/05/2015,1
09/05/2015,1
09/05/2015,1
09/05/2015,1
09/05/2015,1
09/05/2015,1
09/05/2015,1
09/06/2015,1
09/06/2015,1
09/06/2015,1
09/06/2015,1
09/06/2015,1
09/06/2015,1
09/06/2015,1
09/06/2015,1
09/06/2015,1
09/06/2015,1
09/06/2015,1
09/06/2015,1
09/06/2015,1
09/06/2015,1
09/06/2015,1
09/06/2015,1
09/06/2015,1
09/06/2015,1
09/06/2015,1
09/06/2015,1
09/06/2015,1
09/06/2015,1
09/06/2015,1
09/06/2015,1
09/06/2015,1
09/06/2015,1
09/06/2015,1
09/06/2015,1
09/06/2015,1
09/06/2015,1
09/06/2015,1
09/06/2015,1
09/06/2015,1
09/06/2015,1
09/06/2015,1
09/06/2015,1
09/06/2015,1
09/06/2015,1
09/06/2015,1
09/06/2015,1
09/06/2015,1
09/06/2015,1
09/06/2015,1
09/06/2015,1
09/06/2015,1
09/06/2015,1
09/06/2015,1
09/06/2015,1
09/06/2015,1
09/06/2015,1
09/06/2015,1
09/06/2015,1
09/06/2015,1
09/06/2015,1
09/06/2015,1
09/06/2015,1
09/06/2015,1
09/06/2015,1
09/06/2015,1
09/06/2015,1
09/06/2015,1
09/06/2015,1
09/06/2015,1
09/06/2015,1
09/06/2015,1
09/06/2015,1
09/06/2015,1
09/06/2015,1
09/06/2015,1
09/06/2015,1
09/06/2015,2
09/06/2015,1
09/06/2015,1
09/06/2015,1
09/06/2015,1
09/06/2015,1
09/06/2015,1
09/06/2015,1
09/06/2015,1
09/06/2015,1
09/06/2015,1
09/06/2015,1
09/06/2015,1
09/06/2015,1
09/06/2015,1
09/06/2015,1
09/06/2015,1
09/06/2015,1
09/06/2015,1
09/06/2015,1
09/06/2015,1
09/06/2015,1
09/06/2015,1
09/06/2015,1
09/06/2015,1
09/06/2015,1
09/06/2015,1
09/06/2015,1
09/06/2015,1
09/06/2015,1
09/06/2015,1
09/07/2015,1
09/07/2015,1
09/07/2015,1
09/07/2015,1
09/07/2015,1
09/07/2015,1
09/07/2015,2
09/07/2015,1
09/07/2015,1
09/07/2015,1
09/07/2015,1
09/07/2015,1
09/07/2015,1
09/07/2015,1
09/07/2015,1
09/07/2015,1
09/07/2015,1
09/07/2015,1
09/07/2015,1
09/07/2015,1
09/07/2015,1
09/07/2015,1
09/07/2015,1
09/07/2015,1
09/07/2015,1
09/07/2015,1
09/07/2015,1
09/07/2015,1
09/07/2015,1
09/07/2015,1
09/07/2015,1
09/07/2015,1
09/07/2015,1
09/07/2015,1
09/07/2015,1
09/07/2015,1
09/07/2015,1
09/07/2015,1
09/07/2015,1
09/07/2015,1
09/07/2015,1
09/07/2015,1
09/07/2015,1
09/07/2015,1
09/07/2015,1
09/07/2015,1
09/07/2015,1
09/07/2015,1
09/07/2015,1
09/07/2015,1
09/07/2015,1
09/07/2015,1
09/07/2015,1
09/07/2015,1
09/07/2015,1
09/07/2015,1
09/07/2015,1
09/07/2015,1
09/07/2015,1
09/07/2015,1
09/07/2015,1
09/07/2015,1
09/07/2015,1
09/07/2015,1
09/07/2015,1
09/07/2015,1
09/07/2015,1
09/07/2015,1
09/07/2015,1
09/07/2015,1
09/07/2015,1
09/07/2015,1
09/07/2015,1
09/07/2015,1
09/07/2015,1
09/07/2015,1
09/07/2015,1
09/07/2015,1
09/07/2015,1
09/07/2015,1
09/07/2015,1
09/07/2015,1
09/07/2015,1
09/07/2015,1
09/07/2015,1
09/07/2015,1
09/07/2015,1
09/07/2015,1
09/07/2015,1
09/07/2015,1
09/07/2015,1
09/07/2015,1
09/07/2015,1
09/07/2015,1
09/07/2015,1
09/07/2015,1
09/07/2015,1
09/07/2015,1
09/07/2015,1
09/07/2015,1
09/07/2015,1
09/07/2015,1
09/07/2015,1
09/08/2015,1
09/08/2015,1
09/08/2015,1
09/08/2015,1
09/08/2015,1
09/08/2015,1
09/08/2015,1
09/08/2015,1
09/08/2015,1
09/08/2015,1
09/08/2015,1
09/08/2015,1
09/08/2015,1
09/08/2015,1
09/08/2015,1
09/08/2015,1
09/08/2015,1
09/08/2015,1
09/08/2015,1
09/08/2015,1
09/08/2015,1
09/08/2015,1
09/08/2015,1
09/08/2015,1
09/08/2015,1
09/08/2015,1
09/08/2015,1
09/08/2015,1
09/08/2015,1
09/08/2015,1
09/08/2015,1
09/08/2015,1
09/08/2015,1
09/08/2015,1
09/08/2015,1
09/08/2015,1
09/08/2015,1
09/08/2015,1
09/08/2015,1
09/08/2015,1
09/08/2015,1
09/08/2015,1
09/08/2015,1
09/08/2015,1
09/08/2015,1
09/08/2015,1
09/08/2015,1
09/08/2015,1
09/08/2015,1
09/08/2015,1
09/08/2015,1
09/08/2015,1
09/08/2015,1
09/08/2015,1
09/08/2015,1
09/08/2015,1
09/08/2015,1
09/08/2015,1
09/08/2015,1
09/08/2015,1
09/08/2015,1
09/08/2015,1
09/08/2015,1
09/08/2015,1
09/08/2015,1
09/08/2015,1
09/08/2015,1
09/08/2015,1
09/08/2015,2
09/08/2015,1
09/08/2015,1
09/08/2015,1
09/08/2015,1
09/08/2015,1
09/08/2015,1
09/08/2015,1
09/08/2015,1
09/08/2015,1
09/08/2015,1
09/08/2015,1
09/08/2015,1
09/08/2015,1
09/08/2015,1
09/08/2015,1
09/08/2015,1
09/08/2015,1
09/08/2015,1
09/08/2015,1
09/08/2015,1
09/08/2015,1
09/08/2015,1
09/08/2015,1
09/08/2015,1
09/08/2015,1
09/08/2015,1
09/08/2015,1
09/08/2015,1
09/08/2015,1
09/08/2015,1
09/08/2015,1
09/08/2015,1
09/08/2015,1
09/08/2015,1
09/08/2015,1
09/08/2015,1
09/08/2015,1
09/08/2015,1
09/08/2015,1
09/08/2015,1
09/08/2015,1
09/09/2015,1
09/09/2015,1
09/09/2015,1
09/09/2015,1
09/09/2015,1
09/09/2015,1
09/09/2015,1
09/09/2015,1
09/09/2015,1
09/09/2015,1
09/09/2015,1
09/09/2015,1
09/09/2015,1
09/09/2015,1
09/09/2015,1
09/09/2015,1
09/09/2015,1
09/09/2015,1
09/09/2015,1
09/09/2015,1
09/09/2015,1
09/09/2015,1
09/09/2015,1
09/09/2015,1
09/09/2015,1
09/09/2015,1
09/09/2015,1
09/09/2015,1
09/09/2015,1
09/09/2015,1
09/09/2015,1
09/09/2015,1
09/09/2015,1
09/09/2015,1
09/09/2015,1
09/09/2015,1
09/09/2015,1
09/09/2015,1
09/09/2015,1
09/09/2015,1
09/09/2015,1
09/09/2015,1
09/09/2015,1
09/09/2015,1
09/09/2015,1
09/09/2015,1
09/09/2015,1
09/09/2015,1
09/09/2015,1
09/09/2015,1
09/09/2015,1
09/09/2015,1
09/09/2015,1
09/09/2015,1
09/09/2015,1
09/09/2015,1
09/09/2015,1
09/09/2015,1
09/09/2015,1
09/09/2015,1
09/09/2015,1
09/09/2015,1
09/09/2015,1
09/09/2015,1
09/09/2015,1
09/09/2015,1
09/09/2015,1
09/09/2015,1
09/09/2015,1
09/09/2015,1
09/09/2015,1
09/09/2015,1
09/09/2015,1
09/09/2015,1
09/09/2015,2
09/09/2015,1
09/09/2015,1
09/09/2015,1
09/09/2015,1
09/09/2015,1
09/09/2015,1
09/09/2015,1
09/09/2015,1
09/09/2015,1
09/09/2015,1
09/09/2015,1
09/09/2015,1
09/09/2015,1
09/09/2015,1
09/09/2015,1
09/09/2015,1
09/09/2015,1
09/09/2015,1
09/09/2015,1
09/09/2015,1
09/09/2015,1
09/09/2015,1
09/09/2015,1
09/09/2015,1
09/09/2015,1
09/09/2015,1
09/09/2015,1
09/09/2015,1
09/09/2015,1
09/09/2015,1
09/09/2015,1
09/09/2015,1
09/09/2015,1
09/09/2015,1
09/09/2015,1
09/09/2015,1
09/09/2015,1
09/09/2015,1
09/09/2015,1
09/09/2015,1
09/09/2015,1
09/09/2015,1
09/09/2015,1
09/10/2015,1
09/10/2015,1
09/10/2015,1
09/10/2015,1
09/10/2015,1
09/10/2015,1
09/10/2015,1
09/10/2015,1
09/10/2015,1
09/10/2015,1
09/10/2015,1
09/10/2015,1
09/10/2015,1
09/10/2015,1
09/10/2015,1
09/10/2015,1
09/10/2015,1
09/10/2015,1
09/10/2015,1
09/10/2015,1
09/10/2015,1
09/10/2015,1
09/10/2015,1
09/10/2015,1
09/10/2015,1
09/10/2015,1
09/10/2015,1
09/10/2015,1
09/10/2015,1
09/10/2015,1
09/10/2015,1
09/10/2015,1
09/10/2015,1
09/10/2015,1
09/10/2015,1
09/10/2015,1
09/10/2015,1
09/10/2015,1
09/10/2015,1
09/10/2015,1
09/10/2015,1
09/10/2015,1
09/10/2015,1
09/10/2015,1
09/10/2015,1
09/10/2015,1
09/10/2015,1
09/10/2015,1
09/10/2015,1
09/10/2015,1
09/10/2015,1
09/10/2015,1
09/10/2015,1
09/10/2015,1
09/10/2015,1
09/10/2015,1
09/10/2015,1
09/10/2015,1
09/10/2015,1
09/10/2015,1
09/10/2015,1
09/10/2015,1
09/10/2015,1
09/10/2015,1
09/10/2015,1
09/10/2015,1
09/10/2015,1
09/10/2015,1
09/10/2015,1
09/10/2015,1
09/10/2015,1
09/10/2015,1
09/10/2015,1
09/10/2015,1
09/10/2015,1
09/10/2015,1
09/10/2015,1
09/10/2015,1
09/10/2015,1
09/10/2015,1
09/10/2015,1
09/10/2015,1
09/10/2015,1
09/10/2015,1
09/10/2015,1
09/10/2015,1
09/10/2015,1
09/10/2015,1
09/10/2015,1
09/10/2015,1
09/10/2015,1
09/10/2015,1
09/10/2015,1
09/10/2015,1
09/10/2015,1
09/10/2015,1
09/11/2015,1
09/11/2015,1
09/11/2015,1
09/11/2015,1
09/11/2015,1
09/11/2015,1
09/11/2015,1
09/11/2015,1
09/11/2015,1
09/11/2015,1
09/11/2015,1
09/11/2015,1
09/11/2015,1
09/11/2015,1
09/11/2015,1
09/11/2015,1
09/11/2015,1
09/11/2015,1
09/11/2015,1
09/11/2015,1
09/11/2015,1
09/11/2015,1
09/11/2015,1
09/11/2015,1
09/11/2015,1
09/11/2015,1
09/11/2015,1
09/11/2015,1
09/11/2015,1
09/11/2015,1
09/11/2015,1
09/11/2015,1
09/11/2015,1
09/11/2015,1
09/11/2015,1
09/11/2015,1
09/11/2015,1
09/11/2015,1
09/11/2015,1
09/11/2015,1
09/11/2015,1
09/11/2015,1
09/11/2015,1
09/11/2015,1
09/11/2015,1
09/11/2015,1
09/11/2015,1
09/11/2015,1
09/11/2015,1
09/11/2015,1
09/11/2015,1
09/11/2015,1
09/11/2015,1
09/11/2015,1
09/11/2015,1
09/11/2015,1
09/11/2015,1
09/11/2015,1
09/11/2015,1
09/11/2015,1
09/11/2015,1
09/11/2015,1
09/11/2015,1
09/11/2015,1
09/11/2015,1
09/11/2015,1
09/11/2015,1
09/11/2015,1
09/11/2015,1
09/11/2015,1
09/11/2015,1
09/11/2015,1
09/11/2015,1
09/11/2015,1
09/11/2015,1
09/11/2015,1
09/11/2015,1
09/11/2015,1
09/11/2015,1
09/11/2015,1
09/11/2015,1
09/11/2015,1
09/11/2015,1
09/11/2015,1
09/11/2015,1
09/11/2015,1
09/11/2015,1
09/11/2015,1
09/11/2015,1
09/11/2015,1
09/11/2015,1
09/11/2015,1
09/11/2015,1
09/11/2015,1
09/11/2015,1
09/11/2015,1
09/11/2015,1
09/11/2015,1
09/11/2015,1
09/11/2015,1
09/11/2015,1
09/11/2015,1
09/11/2015,1
09/11/2015,1
09/11/2015,1
09/11/2015,1
09/11/2015,1
09/11/2015,1
09/11/2015,1
09/11/2015,1
09/11/2015,1
09/11/2015,1
09/11/2015,1
09/11/2015,1
09/11/2015,1
09/11/2015,1
09/11/2015,1
09/11/2015,1
09/11/2015,1
09/11/2015,1
09/11/2015,1
09/12/2015,1
09/12/2015,1
09/12/2015,1
09/12/2015,1
09/12/2015,1
09/12/2015,1
09/12/2015,1
09/12/2015,1
09/12/2015,1
09/12/2015,1
09/12/2015,1
09/12/2015,1
09/12/2015,1
09/12/2015,1
09/12/2015,1
09/12/2015,1
09/12/2015,1
09/12/2015,1
09/12/2015,1
09/12/2015,1
09/12/2015,1
09/12/2015,1
09/12/2015,1
09/12/2015,1
09/12/2015,1
09/12/2015,1
09/12/2015,1
09/12/2015,1
09/12/2015,1
09/12/2015,1
09/12/2015,1
09/12/2015,1
09/12/2015,1
09/12/2015,1
09/12/2015,1
09/12/2015,1
09/12/2015,1
09/12/2015,1
09/12/2015,1
09/12/2015,1
09/12/2015,1
09/12/2015,1
09/12/2015,1
09/12/2015,1
09/12/2015,1
09/12/2015,1
09/12/2015,1
09/12/2015,1
09/12/2015,1
09/12/2015,1
09/12/2015,1
09/12/2015,1
09/12/2015,1
09/12/2015,1
09/12/2015,1
09/12/2015,1
09/12/2015,1
09/12/2015,1
09/12/2015,1
09/12/2015,1
09/12/2015,1
09/12/2015,1
09/12/2015,1
09/12/2015,1
09/12/2015,1
09/12/2015,1
09/12/2015,1
09/12/2015,1
09/12/2015,2
09/12/2015,1
09/12/2015,1
09/12/2015,1
09/12/2015,1
09/12/2015,1
09/12/2015,1
09/12/2015,1
09/12/2015,1
09/12/2015,1
09/12/2015,1
09/12/2015,1
09/12/2015,1
09/12/2015,1
09/12/2015,1
09/12/2015,1
09/12/2015,1
09/12/2015,1
09/12/2015,1
09/12/2015,1
09/12/2015,1
09/12/2015,1
09/13/2015,1
09/13/2015,1
09/13/2015,1
09/13/2015,1
09/13/2015,1
09/13/2015,1
09/13/2015,1
09/13/2015,1
09/13/2015,1
09/13/2015,1
09/13/2015,1
09/13/2015,1
09/13/2015,1
09/13/2015,1
09/13/2015,1
09/13/2015,1
09/13/2015,1
09/13/2015,1
09/13/2015,1
09/13/2015,1
09/13/2015,1
09/13/2015,1
09/13/2015,1
09/13/2015,1
09/13/2015,1
09/13/2015,1
09/13/2015,1
09/13/2015,1
09/13/2015,1
09/13/2015,1
09/13/2015,1
09/13/2015,1
09/13/2015,1
09/13/2015,1
09/13/2015,1
09/13/2015,1
09/13/2015,1
09/13/2015,1
09/13/2015,1
09/13/2015,1
09/13/2015,1
09/13/2015,1
09/13/2015,1
09/13/2015,1
09/13/2015,1
09/13/2015,1
09/13/2015,1
09/13/2015,1
09/13/2015,1
09/13/2015,1
09/13/2015,1
09/13/2015,1
09/13/2015,1
09/13/2015,1
09/13/2015,1
09/13/2015,1
09/13/2015,1
09/13/2015,1
09/13/2015,1
09/13/2015,1
09/13/2015,1
09/13/2015,1
09/13/2015,1
09/13/2015,1
09/13/2015,1
09/13/2015,1
09/13/2015,1
09/13/2015,1
09/13/2015,1
09/13/2015,1
09/13/2015,1
09/13/2015,1
09/13/2015,1
09/13/2015,1
09/13/2015,1
09/13/2015,1
09/13/2015,1
09/13/2015,1
09/13/2015,1
09/13/2015,1
09/13/2015,1
09/13/2015,1
09/13/2015,1
09/13/2015,1
09/13/2015,1
09/13/2015,1
09/13/2015,1
09/13/2015,1
09/13/2015,1
09/13/2015,1
09/13/2015,1
09/13/2015,1
09/14/2015,1
09/14/2015,1
09/14/2015,1
09/14/2015,1
09/14/2015,1
09/14/2015,1
09/14/2015,1
09/14/2015,1
09/14/2015,1
09/14/2015,1
09/14/2015,1
09/14/2015,1
09/14/2015,1
09/14/2015,1
09/14/2015,1
09/14/2015,1
09/14/2015,1
09/14/2015,1
09/14/2015,1
09/14/2015,1
09/14/2015,1
09/14/2015,1
09/14/2015,1
09/14/2015,1
09/14/2015,1
09/14/2015,1
09/14/2015,1
09/14/2015,1
09/14/2015,1
09/14/2015,1
09/14/2015,1
09/14/2015,1
09/14/2015,1
09/14/2015,1
09/14/2015,1
09/14/2015,1
09/14/2015,1
09/14/2015,1
09/14/2015,1
09/14/2015,1
09/14/2015,1
09/14/2015,1
09/14/2015,1
09/14/2015,1
09/14/2015,1
09/14/2015,1
09/14/2015,1
09/14/2015,1
09/14/2015,1
09/14/2015,1
09/14/2015,1
09/14/2015,1
09/14/2015,1
09/14/2015,1
09/14/2015,1
09/14/2015,1
09/14/2015,1
09/14/2015,1
09/14/2015,1
09/14/2015,1
09/14/2015,1
09/14/2015,1
09/14/2015,1
09/14/2015,1
09/14/2015,1
09/14/2015,1
09/14/2015,1
09/14/2015,1
09/14/2015,1
09/14/2015,1
09/14/2015,1
09/14/2015,1
09/14/2015,1
09/14/2015,1
09/14/2015,1
09/14/2015,1
09/14/2015,1
09/14/2015,1
09/14/2015,1
09/14/2015,1
09/14/2015,1
09/14/2015,1
09/14/2015,1
09/14/2015,1
09/14/2015,1
09/14/2015,1
09/15/2015,1
09/15/2015,1
09/15/2015,1
09/15/2015,1
09/15/2015,1
09/15/2015,1
09/15/2015,1
09/15/2015,1
09/15/2015,1
09/15/2015,1
09/15/2015,1
09/15/2015,1
09/15/2015,1
09/15/2015,1
09/15/2015,1
09/15/2015,1
09/15/2015,1
09/15/2015,1
09/15/2015,1
09/15/2015,1
09/15/2015,1
09/15/2015,1
09/15/2015,1
09/15/2015,1
09/15/2015,1
09/15/2015,1
09/15/2015,1
09/15/2015,1
09/15/2015,1
09/15/2015,1
09/15/2015,1
09/15/2015,1
09/15/2015,1
09/15/2015,1
09/15/2015,1
09/15/2015,1
09/15/2015,1
09/15/2015,1
09/15/2015,1
09/15/2015,1
09/15/2015,1
09/15/2015,1
09/15/2015,1
09/15/2015,1
09/15/2015,1
09/15/2015,1
09/15/2015,1
09/15/2015,1
09/15/2015,1
09/15/2015,1
09/15/2015,1
09/15/2015,1
09/15/2015,1
09/15/2015,1
09/15/2015,1
09/15/2015,1
09/15/2015,1
09/15/2015,1
09/15/2015,1
09/15/2015,1
09/15/2015,1
09/15/2015,1
09/15/2015,1
09/15/2015,1
09/15/2015,1
09/15/2015,1
09/15/2015,1
09/15/2015,1
09/15/2015,1
09/15/2015,1
09/15/2015,1
09/15/2015,1
09/15/2015,1
09/15/2015,1
09/15/2015,1
09/15/2015,1
09/15/2015,1
09/15/2015,1
09/15/2015,1
09/15/2015,1
09/15/2015,1
09/15/2015,1
09/15/2015,1
09/15/2015,1
09/15/2015,1
09/15/2015,1
09/15/2015,1
09/15/2015,1
09/15/2015,1
09/15/2015,1
09/15/2015,1
09/15/2015,1
09/15/2015,1
09/15/2015,1
09/15/2015,1
09/15/2015,1
09/15/2015,1
09/15/2015,1
09/15/2015,1
09/15/2015,1
09/15/2015,1
09/16/2015,1
09/16/2015,1
09/16/2015,1
09/16/2015,1
09/16/2015,1
09/16/2015,1
09/16/2015,1
09/16/2015,1
09/16/2015,1
09/16/2015,1
09/16/2015,1
09/16/2015,1
09/16/2015,1
09/16/2015,1
09/16/2015,1
09/16/2015,1
09/16/2015,1
09/16/2015,1
09/16/2015,1
09/16/2015,1
09/16/2015,1
09/16/2015,1
09/16/2015,1
09/16/2015,1
09/16/2015,1
09/16/2015,1
09/16/2015,1
09/16/2015,1
09/16/2015,1
09/16/2015,1
09/16/2015,1
09/16/2015,1
09/16/2015,1
09/16/2015,1
09/16/2015,1
09/16/2015,1
09/16/2015,1
09/16/2015,1
09/16/2015,1
09/16/2015,1
09/16/2015,1
09/16/2015,1
09/16/2015,1
09/16/2015,1
09/16/2015,1
09/16/2015,1
09/16/2015,1
09/16/2015,1
09/16/2015,1
09/16/2015,1
09/16/2015,1
09/16/2015,1
09/16/2015,1
09/16/2015,1
09/16/2015,1
09/16/2015,1
09/16/2015,1
09/16/2015,1
09/16/2015,1
09/16/2015,1
09/16/2015,1
09/16/2015,1
09/16/2015,1
09/16/2015,1
09/16/2015,1
09/16/2015,1
09/16/2015,1
09/16/2015,1
09/16/2015,1
09/16/2015,1
09/16/2015,2
09/16/2015,1
09/16/2015,1
09/16/2015,1
09/16/2015,1
09/16/2015,1
09/16/2015,1
09/16/2015,1
09/16/2015,1
09/16/2015,1
09/16/2015,1
09/16/2015,1
09/16/2015,1
09/16/2015,1
09/16/2015,1
09/16/2015,1
09/16/2015,1
09/16/2015,1
09/16/2015,1
09/16/2015,1
09/16/2015,1
09/16/2015,1
09/16/2015,1
09/16/2015,1
09/16/2015,1
09/16/2015,1
09/16/2015,1
09/16/2015,1
09/16/2015,1
09/16/2015,2
09/16/2015,1
09/16/2015,1
09/16/2015,1
09/16/2015,1
09/16/2015,1
09/16/2015,1
09/16/2015,1
09/16/2015,1
09/16/2015,1
09/16/2015,1
09/16/2015,1
09/16/2015,1
09/16/2015,1
09/16/2015,1
09/17/2015,1
09/17/2015,1
09/17/2015,1
09/17/2015,1
09/17/2015,1
09/17/2015,1
09/17/2015,2
09/17/2015,1
09/17/2015,1
09/17/2015,1
09/17/2015,1
09/17/2015,1
09/17/2015,1
09/17/2015,1
09/17/2015,1
09/17/2015,1
09/17/2015,1
09/17/2015,1
09/17/2015,1
09/17/2015,1
09/17/2015,1
09/17/2015,1
09/17/2015,1
09/17/2015,1
09/17/2015,1
09/17/2015,1
09/17/2015,1
09/17/2015,1
09/17/2015,1
09/17/2015,1
09/17/2015,1
09/17/2015,1
09/17/2015,1
09/17/2015,1
09/17/2015,1
09/17/2015,1
09/17/2015,1
09/17/2015,1
09/17/2015,1
09/17/2015,1
09/17/2015,1
09/17/2015,1
09/17/2015,1
09/17/2015,1
09/17/2015,1
09/17/2015,1
09/17/2015,1
09/17/2015,1
09/17/2015,1
09/17/2015,1
09/17/2015,1
09/17/2015,1
09/17/2015,1
09/17/2015,1
09/17/2015,1
09/17/2015,1
09/17/2015,1
09/17/2015,1
09/17/2015,1
09/17/2015,1
09/17/2015,2
09/17/2015,1
09/17/2015,1
09/17/2015,1
09/17/2015,1
09/17/2015,1
09/17/2015,1
09/17/2015,1
09/17/2015,1
09/17/2015,1
09/17/2015,1
09/17/2015,1
09/17/2015,1
09/17/2015,1
09/17/2015,1
09/17/2015,1
09/17/2015,1
09/17/2015,1
09/17/2015,1
09/17/2015,1
09/17/2015,1
09/17/2015,1
09/17/2015,1
09/17/2015,1
09/17/2015,1
09/17/2015,1
09/17/2015,1
09/17/2015,1
09/17/2015,1
09/17/2015,1
09/17/2015,1
09/17/2015,1
09/17/2015,1
09/17/2015,1
09/17/2015,1
09/17/2015,1
09/17/2015,1
09/17/2015,1
09/17/2015,1
09/17/2015,1
09/17/2015,1
09/17/2015,1
09/18/2015,1
09/18/2015,1
09/18/2015,1
09/18/2015,1
09/18/2015,1
09/18/2015,1
09/18/2015,1
09/18/2015,1
09/18/2015,1
09/18/2015,1
09/18/2015,1
09/18/2015,1
09/18/2015,1
09/18/2015,1
09/18/2015,1
09/18/2015,1
09/18/2015,1
09/18/2015,1
09/18/2015,1
09/18/2015,1
09/18/2015,1
09/18/2015,1
09/18/2015,1
09/18/2015,1
09/18/2015,1
09/18/2015,1
09/18/2015,1
09/18/2015,1
09/18/2015,1
09/18/2015,1
09/18/2015,1
09/18/2015,1
09/18/2015,1
09/18/2015,1
09/18/2015,1
09/18/2015,1
09/18/2015,1
09/18/2015,1
09/18/2015,1
09/18/2015,1
09/18/2015,1
09/18/2015,1
09/18/2015,1
09/18/2015,1
09/18/2015,1
09/18/2015,1
09/18/2015,1
09/18/2015,1
09/18/2015,1
09/18/2015,1
09/18/2015,1
09/18/2015,1
09/18/2015,1
09/18/2015,1
09/18/2015,1
09/18/2015,1
09/18/2015,1
09/18/2015,1
09/18/2015,1
09/18/2015,1
09/18/2015,1
09/18/2015,1
09/18/2015,1
09/18/2015,1
09/18/2015,1
09/18/2015,1
09/18/2015,1
09/18/2015,1
09/18/2015,1
09/18/2015,1
09/18/2015,1
09/18/2015,1
09/18/2015,1
09/18/2015,1
09/18/2015,1
09/18/2015,1
09/18/2015,1
09/18/2015,1
09/18/2015,1
09/18/2015,1
09/18/2015,1
09/18/2015,1
09/18/2015,1
09/18/2015,1
09/18/2015,1
09/18/2015,1
09/18/2015,1
09/18/2015,1
09/18/2015,1
09/18/2015,1
09/18/2015,1
09/18/2015,1
09/18/2015,1
09/18/2015,1
09/18/2015,1
09/18/2015,1
09/18/2015,1
09/18/2015,1
09/18/2015,1
09/18/2015,1
09/18/2015,1
09/18/2015,1
09/18/2015,1
09/18/2015,1
09/18/2015,1
09/18/2015,1
09/18/2015,1
09/18/2015,1
09/18/2015,1
09/18/2015,1
09/18/2015,1
09/18/2015,1
09/18/2015,1
09/18/2015,1
09/18/2015,1
09/18/2015,1
09/18/2015,1
09/18/2015,1
09/18/2015,1
09/18/2015,1
09/18/2015,1
09/18/2015,1
09/18/2015,1
09/19/2015,1
09/19/2015,1
09/19/2015,1
09/19/2015,1
09/19/2015,1
09/19/2015,1
09/19/2015,1
09/19/2015,1
09/19/2015,1
09/19/2015,1
09/19/2015,1
09/19/2015,1
09/19/2015,1
09/19/2015,1
09/19/2015,1
09/19/2015,1
09/19/2015,1
09/19/2015,1
09/19/2015,1
09/19/2015,1
09/19/2015,1
09/19/2015,1
09/19/2015,1
09/19/2015,1
09/19/2015,1
09/19/2015,1
09/19/2015,1
09/19/2015,1
09/19/2015,1
09/19/2015,1
09/19/2015,1
09/19/2015,1
09/19/2015,1
09/19/2015,1
09/19/2015,1
09/19/2015,1
09/19/2015,1
09/19/2015,1
09/19/2015,1
09/19/2015,1
09/19/2015,1
09/19/2015,1
09/19/2015,1
09/19/2015,1
09/19/2015,1
09/19/2015,1
09/19/2015,1
09/19/2015,1
09/19/2015,1
09/19/2015,1
09/19/2015,1
09/19/2015,1
09/19/2015,1
09/19/2015,1
09/19/2015,1
09/19/2015,1
09/19/2015,1
09/19/2015,1
09/19/2015,1
09/19/2015,1
09/19/2015,1
09/19/2015,1
09/19/2015,1
09/19/2015,1
09/19/2015,1
09/19/2015,1
09/19/2015,1
09/19/2015,1
09/19/2015,1
09/19/2015,1
09/19/2015,1
09/19/2015,1
09/19/2015,1
09/19/2015,1
09/19/2015,1
09/19/2015,1
09/19/2015,1
09/19/2015,1
09/19/2015,1
09/19/2015,1
09/19/2015,1
09/19/2015,1
09/19/2015,1
09/19/2015,1
09/19/2015,1
09/19/2015,1
09/19/2015,1
09/19/2015,1
09/19/2015,1
09/19/2015,1
09/19/2015,1
09/19/2015,1
09/19/2015,1
09/19/2015,1
09/19/2015,1
09/19/2015,1
09/19/2015,2
09/19/2015,1
09/19/2015,1
09/19/2015,1
09/19/2015,1
09/19/2015,1
09/19/2015,1
09/19/2015,1
09/19/2015,1
09/19/2015,1
09/19/2015,1
09/19/2015,1
09/19/2015,1
09/19/2015,1
09/19/2015,1
09/19/2015,1
09/19/2015,1
09/19/2015,1
09/19/2015,1
09/19/2015,1
09/19/2015,1
09/19/2015,1
09/19/2015,1
09/19/2015,1
09/19/2015,1
09/19/2015,1
09/19/2015,1
09/19/2015,1
09/19/2015,1
09/19/2015,1
09/19/2015,1
09/19/2015,1
09/19/2015,1
09/19/2015,1
09/19/2015,1
09/20/2015,1
09/20/2015,1
09/20/2015,1
09/20/2015,1
09/20/2015,1
09/20/2015,1
09/20/2015,1
09/20/2015,1
09/20/2015,1
09/20/2015,1
09/20/2015,1
09/20/2015,1
09/20/2015,1
09/20/2015,1
09/20/2015,1
09/20/2015,1
09/20/2015,1
09/20/2015,1
09/20/2015,1
09/20/2015,1
09/20/2015,1
09/20/2015,1
09/20/2015,1
09/20/2015,1
09/20/2015,1
09/20/2015,1
09/20/2015,1
09/20/2015,1
09/20/2015,1
09/20/2015,1
09/20/2015,1
09/20/2015,1
09/20/2015,1
09/20/2015,1
09/20/2015,1
09/20/2015,1
09/20/2015,1
09/20/2015,1
09/20/2015,1
09/20/2015,1
09/20/2015,1
09/20/2015,1
09/20/2015,1
09/20/2015,1
09/20/2015,1
09/20/2015,1
09/20/2015,1
09/20/2015,1
09/20/2015,1
09/20/2015,1
09/20/2015,1
09/20/2015,1
09/20/2015,1
09/20/2015,1
09/20/2015,1
09/20/2015,1
09/20/2015,1
09/20/2015,1
09/20/2015,1
09/20/2015,1
09/20/2015,1
09/20/2015,1
09/20/2015,1
09/20/2015,1
09/20/2015,1
09/20/2015,1
09/20/2015,1
09/20/2015,1
09/20/2015,1
09/20/2015,1
09/20/2015,1
09/20/2015,1
09/20/2015,1
09/20/2015,1
09/20/2015,1
09/20/2015,1
09/20/2015,1
09/20/2015,1
09/20/2015,1
09/20/2015,1
09/20/2015,1
09/20/2015,1
09/20/2015,1
09/20/2015,1
09/20/2015,1
09/20/2015,1
09/20/2015,1
09/20/2015,1
09/20/2015,1
09/21/2015,1
09/21/2015,1
09/21/2015,1
09/21/2015,1
09/21/2015,1
09/21/2015,1
09/21/2015,1
09/21/2015,1
09/21/2015,1
09/21/2015,1
09/21/2015,1
09/21/2015,1
09/21/2015,1
09/21/2015,1
09/21/2015,1
09/21/2015,1
09/21/2015,1
09/21/2015,1
09/21/2015,1
09/21/2015,1
09/21/2015,1
09/21/2015,1
09/21/2015,1
09/21/2015,1
09/21/2015,1
09/21/2015,1
09/21/2015,1
09/21/2015,1
09/21/2015,1
09/21/2015,1
09/21/2015,1
09/21/2015,1
09/21/2015,1
09/21/2015,1
09/21/2015,1
09/21/2015,1
09/21/2015,1
09/21/2015,1
09/21/2015,1
09/21/2015,1
09/21/2015,1
09/21/2015,1
09/21/2015,1
09/21/2015,1
09/21/2015,1
09/21/2015,1
09/21/2015,1
09/21/2015,1
09/21/2015,1
09/21/2015,1
09/21/2015,1
09/21/2015,1
09/21/2015,1
09/21/2015,1
09/21/2015,1
09/21/2015,1
09/21/2015,1
09/21/2015,1
09/21/2015,1
09/21/2015,1
09/21/2015,1
09/21/2015,1
09/21/2015,1
09/21/2015,1
09/21/2015,1
09/21/2015,1
09/21/2015,1
09/21/2015,1
09/21/2015,1
09/21/2015,1
09/21/2015,1
09/21/2015,1
09/21/2015,1
09/21/2015,1
09/21/2015,1
09/21/2015,1
09/21/2015,1
09/21/2015,1
09/21/2015,1
09/21/2015,1
09/21/2015,1
09/21/2015,1
09/21/2015,1
09/21/2015,1
09/21/2015,1
09/21/2015,1
09/21/2015,1
09/21/2015,1
09/21/2015,1
09/21/2015,1
09/21/2015,1
09/21/2015,1
09/21/2015,1
09/21/2015,1
09/21/2015,1
09/21/2015,1
09/21/2015,1
09/21/2015,1
09/21/2015,1
09/21/2015,1
09/21/2015,1
09/21/2015,1
09/21/2015,1
09/21/2015,1
09/21/2015,1
09/21/2015,1
09/21/2015,1
09/21/2015,1
09/21/2015,1
09/21/2015,1
09/21/2015,1
09/21/2015,1
09/21/2015,1
09/21/2015,1
09/21/2015,1
09/22/2015,1
09/22/2015,1
09/22/2015,1
09/22/2015,1
09/22/2015,1
09/22/2015,1
09/22/2015,1
09/22/2015,1
09/22/2015,1
09/22/2015,1
09/22/2015,1
09/22/2015,1
09/22/2015,1
09/22/2015,1
09/22/2015,1
09/22/2015,1
09/22/2015,1
09/22/2015,1
09/22/2015,1
09/22/2015,1
09/22/2015,1
09/22/2015,1
09/22/2015,1
09/22/2015,1
09/22/2015,1
09/22/2015,1
09/22/2015,1
09/22/2015,1
09/22/2015,1
09/22/2015,1
09/22/2015,1
09/22/2015,1
09/22/2015,1
09/22/2015,1
09/22/2015,1
09/22/2015,1
09/22/2015,1
09/22/2015,1
09/22/2015,1
09/22/2015,1
09/22/2015,1
09/22/2015,1
09/22/2015,1
09/22/2015,1
09/22/2015,1
09/22/2015,1
09/22/2015,1
09/22/2015,1
09/22/2015,1
09/22/2015,1
09/22/2015,1
09/22/2015,1
09/22/2015,1
09/22/2015,1
09/22/2015,1
09/22/2015,1
09/22/2015,1
09/22/2015,1
09/22/2015,1
09/22/2015,1
09/22/2015,1
09/22/2015,1
09/22/2015,1
09/22/2015,1
09/22/2015,1
09/22/2015,1
09/22/2015,1
09/22/2015,1
09/22/2015,1
09/22/2015,1
09/22/2015,1
09/22/2015,1
09/22/2015,1
09/22/2015,1
09/22/2015,1
09/22/2015,1
09/22/2015,1
09/22/2015,1
09/22/2015,1
09/22/2015,1
09/22/2015,1
09/22/2015,1
09/22/2015,1
09/22/2015,1
09/22/2015,1
09/22/2015,1
09/22/2015,1
09/22/2015,1
09/22/2015,1
09/22/2015,1
09/22/2015,1
09/23/2015,1
09/23/2015,1
09/23/2015,1
09/23/2015,1
09/23/2015,1
09/23/2015,1
09/23/2015,1
09/23/2015,1
09/23/2015,1
09/23/2015,1
09/23/2015,2
09/23/2015,1
09/23/2015,1
09/23/2015,1
09/23/2015,1
09/23/2015,1
09/23/2015,1
09/23/2015,1
09/23/2015,1
09/23/2015,1
09/23/2015,1
09/23/2015,1
09/23/2015,1
09/23/2015,1
09/23/2015,1
09/23/2015,1
09/23/2015,1
09/23/2015,1
09/23/2015,1
09/23/2015,1
09/23/2015,1
09/23/2015,1
09/23/2015,1
09/23/2015,1
09/23/2015,1
09/23/2015,1
09/23/2015,1
09/23/2015,1
09/23/2015,1
09/23/2015,1
09/23/2015,1
09/23/2015,1
09/23/2015,1
09/23/2015,1
09/23/2015,1
09/23/2015,1
09/23/2015,1
09/23/2015,1
09/23/2015,1
09/23/2015,1
09/23/2015,1
09/23/2015,1
09/23/2015,1
09/23/2015,1
09/23/2015,1
09/23/2015,1
09/23/2015,1
09/23/2015,1
09/23/2015,1
09/23/2015,1
09/23/2015,1
09/23/2015,1
09/23/2015,1
09/23/2015,1
09/23/2015,1
09/23/2015,1
09/23/2015,1
09/23/2015,1
09/23/2015,1
09/23/2015,1
09/23/2015,1
09/23/2015,1
09/23/2015,1
09/23/2015,1
09/23/2015,1
09/23/2015,1
09/23/2015,1
09/23/2015,1
09/23/2015,1
09/23/2015,1
09/23/2015,1
09/23/2015,1
09/23/2015,1
09/23/2015,1
09/23/2015,1
09/23/2015,1
09/23/2015,1
09/23/2015,1
09/23/2015,1
09/23/2015,1
09/23/2015,1
09/23/2015,1
09/23/2015,1
09/23/2015,1
09/23/2015,1
09/23/2015,1
09/23/2015,1
09/23/2015,1
09/23/2015,1
09/23/2015,1
09/23/2015,1
09/23/2015,1
09/23/2015,1
09/23/2015,1
09/23/2015,1
09/23/2015,1
09/23/2015,1
09/23/2015,1
09/23/2015,1
09/23/2015,2
09/23/2015,1
09/23/2015,1
09/23/2015,1
09/23/2015,1
09/23/2015,1
09/23/2015,1
09/23/2015,1
09/23/2015,1
09/23/2015,1
09/23/2015,1
09/23/2015,1
09/23/2015,1
09/23/2015,1
09/23/2015,1
09/23/2015,1
09/24/2015,1
09/24/2015,1
09/24/2015,1
09/24/2015,1
09/24/2015,1
09/24/2015,1
09/24/2015,1
09/24/2015,1
09/24/2015,1
09/24/2015,1
09/24/2015,1
09/24/2015,1
09/24/2015,1
09/24/2015,1
09/24/2015,1
09/24/2015,1
09/24/2015,1
09/24/2015,1
09/24/2015,1
09/24/2015,1
09/24/2015,1
09/24/2015,1
09/24/2015,1
09/24/2015,1
09/24/2015,1
09/24/2015,1
09/24/2015,1
09/24/2015,1
09/24/2015,1
09/24/2015,1
09/24/2015,1
09/24/2015,1
09/24/2015,1
09/24/2015,1
09/24/2015,1
09/24/2015,1
09/24/2015,1
09/24/2015,1
09/24/2015,1
09/24/2015,1
09/24/2015,1
09/24/2015,1
09/24/2015,1
09/24/2015,1
09/24/2015,1
09/24/2015,1
09/24/2015,1
09/24/2015,1
09/24/2015,1
09/24/2015,1
09/24/2015,1
09/24/2015,1
09/24/2015,1
09/24/2015,1
09/24/2015,1
09/24/2015,1
09/24/2015,1
09/24/2015,1
09/24/2015,1
09/24/2015,1
09/24/2015,1
09/24/2015,1
09/24/2015,1
09/24/2015,1
09/24/2015,1
09/24/2015,1
09/24/2015,1
09/24/2015,1
09/24/2015,1
09/24/2015,1
09/24/2015,1
09/24/2015,1
09/24/2015,1
09/24/2015,1
09/24/2015,1
09/24/2015,1
09/24/2015,1
09/24/2015,1
09/24/2015,1
09/24/2015,1
09/24/2015,1
09/24/2015,1
09/24/2015,1
09/24/2015,1
09/24/2015,1
09/24/2015,1
09/24/2015,1
09/24/2015,1
09/24/2015,1
09/24/2015,1
09/24/2015,1
09/24/2015,1
09/24/2015,1
09/24/2015,1
09/24/2015,1
09/24/2015,1
09/24/2015,1
09/24/2015,1
09/24/2015,1
09/24/2015,1
09/24/2015,1
09/24/2015,1
09/24/2015,1
09/24/2015,1
09/24/2015,1
09/24/2015,1
09/24/2015,1
09/24/2015,1
09/24/2015,1
09/24/2015,1
09/24/2015,1
09/24/2015,1
09/24/2015,1
09/24/2015,1
09/24/2015,1
09/24/2015,1
09/24/2015,1
09/24/2015,1
09/24/2015,1
09/25/2015,1
09/25/2015,1
09/25/2015,1
09/25/2015,1
09/25/2015,1
09/25/2015,1
09/25/2015,1
09/25/2015,1
09/25/2015,1
09/25/2015,1
09/25/2015,1
09/25/2015,1
09/25/2015,1
09/25/2015,1
09/25/2015,1
09/25/2015,1
09/25/2015,1
09/25/2015,1
09/25/2015,1
09/25/2015,1
09/25/2015,1
09/25/2015,1
09/25/2015,1
09/25/2015,1
09/25/2015,1
09/25/2015,1
09/25/2015,1
09/25/2015,1
09/25/2015,1
09/25/2015,1
09/25/2015,1
09/25/2015,1
09/25/2015,1
09/25/2015,1
09/25/2015,1
09/25/2015,1
09/25/2015,1
09/25/2015,1
09/25/2015,1
09/25/2015,1
09/25/2015,1
09/25/2015,1
09/25/2015,1
09/25/2015,1
09/25/2015,1
09/25/2015,1
09/25/2015,1
09/25/2015,1
09/25/2015,1
09/25/2015,1
09/25/2015,1
09/25/2015,1
09/25/2015,1
09/25/2015,1
09/25/2015,1
09/25/2015,1
09/25/2015,1
09/25/2015,1
09/25/2015,1
09/25/2015,1
09/25/2015,1
09/25/2015,1
09/25/2015,1
09/25/2015,1
09/25/2015,1
09/25/2015,1
09/25/2015,1
09/25/2015,1
09/25/2015,1
09/25/2015,1
09/25/2015,1
09/25/2015,1
09/25/2015,1
09/25/2015,1
09/25/2015,1
09/25/2015,1
09/25/2015,1
09/25/2015,1
09/25/2015,1
09/25/2015,1
09/25/2015,1
09/25/2015,1
09/25/2015,1
09/25/2015,1
09/25/2015,1
09/25/2015,1
09/25/2015,1
09/25/2015,1
09/25/2015,1
09/25/2015,1
09/25/2015,1
09/25/2015,1
09/25/2015,1
09/25/2015,1
09/25/2015,1
09/25/2015,1
09/25/2015,1
09/25/2015,1
09/25/2015,1
09/25/2015,1
09/25/2015,1
09/25/2015,1
09/25/2015,1
09/25/2015,1
09/25/2015,1
09/25/2015,1
09/25/2015,1
09/25/2015,1
09/25/2015,1
09/25/2015,1
09/25/2015,1
09/25/2015,1
09/25/2015,1
09/26/2015,1
09/26/2015,1
09/26/2015,1
09/26/2015,1
09/26/2015,1
09/26/2015,1
09/26/2015,1
09/26/2015,1
09/26/2015,1
09/26/2015,1
09/26/2015,1
09/26/2015,1
09/26/2015,1
09/26/2015,1
09/26/2015,1
09/26/2015,1
09/26/2015,1
09/26/2015,1
09/26/2015,1
09/26/2015,1
09/26/2015,1
09/26/2015,1
09/26/2015,1
09/26/2015,1
09/26/2015,1
09/26/2015,1
09/26/2015,1
09/26/2015,1
09/26/2015,1
09/26/2015,1
09/26/2015,1
09/26/2015,1
09/26/2015,1
09/26/2015,1
09/26/2015,1
09/26/2015,1
09/26/2015,1
09/26/2015,1
09/26/2015,1
09/26/2015,1
09/26/2015,1
09/26/2015,1
09/26/2015,1
09/26/2015,1
09/26/2015,1
09/26/2015,1
09/26/2015,1
09/26/2015,1
09/26/2015,1
09/26/2015,1
09/26/2015,1
09/26/2015,1
09/26/2015,1
09/26/2015,1
09/26/2015,1
09/26/2015,1
09/26/2015,1
09/26/2015,1
09/26/2015,1
09/26/2015,1
09/26/2015,1
09/26/2015,1
09/26/2015,1
09/26/2015,1
09/26/2015,1
09/26/2015,1
09/26/2015,1
09/26/2015,1
09/26/2015,1
09/26/2015,1
09/26/2015,1
09/26/2015,1
09/26/2015,1
09/26/2015,1
09/26/2015,1
09/26/2015,1
09/26/2015,1
09/26/2015,1
09/26/2015,1
09/26/2015,1
09/26/2015,1
09/26/2015,1
09/26/2015,1
09/26/2015,1
09/26/2015,1
09/26/2015,1
09/26/2015,1
09/26/2015,1
09/26/2015,1
09/26/2015,1
09/26/2015,1
09/26/2015,1
09/26/2015,1
09/26/2015,1
09/26/2015,1
09/26/2015,1
09/26/2015,1
09/26/2015,1
09/26/2015,1
09/26/2015,1
09/26/2015,1
09/26/2015,1
09/26/2015,1
09/26/2015,1
09/26/2015,1
09/26/2015,1
09/26/2015,1
09/26/2015,1
09/26/2015,1
09/26/2015,1
09/26/2015,1
09/26/2015,1
09/26/2015,1
09/26/2015,1
09/26/2015,1
09/26/2015,1
09/26/2015,1
09/27/2015,1
09/27/2015,1
09/27/2015,1
09/27/2015,1
09/27/2015,1
09/27/2015,1
09/27/2015,1
09/27/2015,1
09/27/2015,1
09/27/2015,1
09/27/2015,1
09/27/2015,1
09/27/2015,1
09/27/2015,1
09/27/2015,1
09/27/2015,1
09/27/2015,1
09/27/2015,1
09/27/2015,1
09/27/2015,1
09/27/2015,1
09/27/2015,1
09/27/2015,1
09/27/2015,1
09/27/2015,1
09/27/2015,1
09/27/2015,1
09/27/2015,1
09/27/2015,1
09/27/2015,1
09/27/2015,1
09/27/2015,1
09/27/2015,1
09/27/2015,1
09/27/2015,2
09/27/2015,1
09/27/2015,1
09/27/2015,1
09/27/2015,1
09/27/2015,1
09/27/2015,1
09/27/2015,1
09/27/2015,1
09/27/2015,1
09/27/2015,1
09/27/2015,1
09/27/2015,1
09/27/2015,1
09/27/2015,1
09/27/2015,1
09/27/2015,1
09/27/2015,1
09/27/2015,1
09/27/2015,1
09/27/2015,1
09/27/2015,1
09/27/2015,1
09/27/2015,1
09/27/2015,1
09/27/2015,1
09/27/2015,1
09/27/2015,1
09/27/2015,1
09/27/2015,1
09/27/2015,1
09/27/2015,1
09/27/2015,1
09/27/2015,1
09/27/2015,1
09/27/2015,1
09/27/2015,1
09/27/2015,1
09/27/2015,1
09/27/2015,1
09/27/2015,1
09/27/2015,1
09/27/2015,1
09/27/2015,1
09/27/2015,1
09/27/2015,1
09/27/2015,1
09/27/2015,1
09/27/2015,1
09/27/2015,1
09/27/2015,1
09/27/2015,1
09/27/2015,1
09/27/2015,1
09/27/2015,1
09/27/2015,1
09/27/2015,1
09/27/2015,1
09/27/2015,1
09/27/2015,1
09/27/2015,1
09/27/2015,1
09/27/2015,1
09/27/2015,1
09/27/2015,1
09/27/2015,1
09/27/2015,1
09/27/2015,1
09/27/2015,1
09/27/2015,1
09/27/2015,1
09/27/2015,1
09/27/2015,1
09/27/2015,1
09/28/2015,1
09/28/2015,1
09/28/2015,1
09/28/2015,1
09/28/2015,1
09/28/2015,1
09/28/2015,1
09/28/2015,1
09/28/2015,1
09/28/2015,1
09/28/2015,1
09/28/2015,1
09/28/2015,1
09/28/2015,1
09/28/2015,1
09/28/2015,1
09/28/2015,1
09/28/2015,1
09/28/2015,1
09/28/2015,1
09/28/2015,1
09/28/2015,1
09/28/2015,1
09/28/2015,1
09/28/2015,1
09/28/2015,1
09/28/2015,1
09/28/2015,1
09/28/2015,1
09/28/2015,1
09/28/2015,1
09/28/2015,1
09/28/2015,1
09/28/2015,1
09/28/2015,1
09/28/2015,1
09/28/2015,1
09/28/2015,1
09/28/2015,1
09/28/2015,1
09/28/2015,1
09/28/2015,1
09/28/2015,1
09/28/2015,1
09/28/2015,1
09/28/2015,1
09/28/2015,1
09/28/2015,1
09/28/2015,1
09/28/2015,1
09/28/2015,1
09/28/2015,1
09/28/2015,1
09/28/2015,1
09/28/2015,1
09/28/2015,1
09/28/2015,1
09/28/2015,1
09/28/2015,1
09/28/2015,1
09/28/2015,1
09/28/2015,1
09/28/2015,1
09/28/2015,1
09/28/2015,1
09/28/2015,1
09/28/2015,1
09/28/2015,1
09/28/2015,1
09/28/2015,1
09/28/2015,1
09/28/2015,1
09/28/2015,1
09/28/2015,1
09/28/2015,1
09/28/2015,1
09/28/2015,1
09/28/2015,1
09/28/2015,1
09/28/2015,1
09/28/2015,1
09/28/2015,1
09/28/2015,1
09/28/2015,1
09/28/2015,1
09/28/2015,1
09/28/2015,1
09/28/2015,1
09/28/2015,1
09/28/2015,1
09/28/2015,1
09/28/2015,1
09/28/2015,1
09/28/2015,1
09/28/2015,1
09/28/2015,1
09/28/2015,1
09/28/2015,1
09/28/2015,1
09/29/2015,1
09/29/2015,1
09/29/2015,1
09/29/2015,1
09/29/2015,1
09/29/2015,1
09/29/2015,1
09/29/2015,1
09/29/2015,1
09/29/2015,1
09/29/2015,1
09/29/2015,1
09/29/2015,1
09/29/2015,1
09/29/2015,1
09/29/2015,1
09/29/2015,1
09/29/2015,1
09/29/2015,1
09/29/2015,1
09/29/2015,1
09/29/2015,1
09/29/2015,1
09/29/2015,1
09/29/2015,1
09/29/2015,1
09/29/2015,1
09/29/2015,1
09/29/2015,1
09/29/2015,1
09/29/2015,1
09/29/2015,1
09/29/2015,1
09/29/2015,1
09/29/2015,1
09/29/2015,1
09/29/2015,1
09/29/2015,1
09/29/2015,1
09/29/2015,1
09/29/2015,1
09/29/2015,1
09/29/2015,1
09/29/2015,1
09/29/2015,1
09/29/2015,1
09/29/2015,1
09/29/2015,1
09/29/2015,1
09/29/2015,1
09/29/2015,1
09/29/2015,1
09/29/2015,1
09/29/2015,1
09/29/2015,1
09/29/2015,1
09/29/2015,1
09/29/2015,1
09/29/2015,1
09/29/2015,1
09/29/2015,1
09/29/2015,1
09/29/2015,1
09/29/2015,1
09/29/2015,1
09/29/2015,1
09/29/2015,1
09/29/2015,1
09/29/2015,1
09/29/2015,1
09/29/2015,1
09/29/2015,1
09/29/2015,1
09/29/2015,1
09/29/2015,1
09/29/2015,1
09/29/2015,1
09/29/2015,1
09/29/2015,1
09/29/2015,1
09/29/2015,1
09/29/2015,1
09/29/2015,1
09/29/2015,1
09/29/2015,1
09/29/2015,1
09/29/2015,1
09/29/2015,1
09/29/2015,1
09/29/2015,1
09/29/2015,1
09/29/2015,1
09/29/2015,1
09/29/2015,1
09/29/2015,1
09/29/2015,1
09/29/2015,1
09/30/2015,1
09/30/2015,1
09/30/2015,1
09/30/2015,1
09/30/2015,1
09/30/2015,1
09/30/2015,1
09/30/2015,1
09/30/2015,1
09/30/2015,1
09/30/2015,1
09/30/2015,1
09/30/2015,1
09/30/2015,1
09/30/2015,1
09/30/2015,1
09/30/2015,1
09/30/2015,1
09/30/2015,1
09/30/2015,1
09/30/2015,1
09/30/2015,1
09/30/2015,1
09/30/2015,1
09/30/2015,1
09/30/2015,1
09/30/2015,1
09/30/2015,1
09/30/2015,1
09/30/2015,1
09/30/2015,1
09/30/2015,1
09/30/2015,1
09/30/2015,1
09/30/2015,1
09/30/2015,1
09/30/2015,1
09/30/2015,1
09/30/2015,1
09/30/2015,1
09/30/2015,1
09/30/2015,1
09/30/2015,1
09/30/2015,1
09/30/2015,1
09/30/2015,1
09/30/2015,1
09/30/2015,1
09/30/2015,1
09/30/2015,1
09/30/2015,1
09/30/2015,1
09/30/2015,1
09/30/2015,1
09/30/2015,1
09/30/2015,1
09/30/2015,1
09/30/2015,1
09/30/2015,1
09/30/2015,1
09/30/2015,1
09/30/2015,1
09/30/2015,1
09/30/2015,1
09/30/2015,1
09/30/2015,1
09/30/2015,1
09/30/2015,1
09/30/2015,1
09/30/2015,1
09/30/2015,1
09/30/2015,1
09/30/2015,1
09/30/2015,1
09/30/2015,1
09/30/2015,1
09/30/2015,1
09/30/2015,1
09/30/2015,1
09/30/2015,1
09/30/2015,1
09/30/2015,1
09/30/2015,1
09/30/2015,1
09/30/2015,1
09/30/2015,1
09/30/2015,1
09/30/2015,1
09/30/2015,1
09/30/2015,1
09/30/2015,1
09/30/2015,1
09/30/2015,1
09/30/2015,1
09/30/2015,1
10/01/2015,1
10/01/2015,1
10/01/2015,1
10/01/2015,1
10/01/2015,1
10/01/2015,1
10/01/2015,1
10/01/2015,1
10/01/2015,1
10/01/2015,1
10/01/2015,1
10/01/2015,1
10/01/2015,1
10/01/2015,1
10/01/2015,1
10/01/2015,1
10/01/2015,1
10/01/2015,1
10/01/2015,1
10/01/2015,1
10/01/2015,1
10/01/2015,1
10/01/2015,1
10/01/2015,1
10/01/2015,1
10/01/2015,1
10/01/2015,1
10/01/2015,1
10/01/2015,1
10/01/2015,1
10/01/2015,1
10/01/2015,1
10/01/2015,1
10/01/2015,1
10/01/2015,1
10/01/2015,1
10/01/2015,1
10/01/2015,1
10/01/2015,1
10/01/2015,1
10/01/2015,1
10/01/2015,1
10/01/2015,1
10/01/2015,1
10/01/2015,1
10/01/2015,1
10/01/2015,1
10/01/2015,1
10/01/2015,1
10/01/2015,1
10/01/2015,1
10/01/2015,1
10/01/2015,1
10/01/2015,1
10/01/2015,1
10/01/2015,1
10/01/2015,1
10/01/2015,1
10/01/2015,1
10/01/2015,1
10/01/2015,1
10/01/2015,1
10/01/2015,1
10/01/2015,1
10/01/2015,1
10/01/2015,1
10/01/2015,1
10/01/2015,1
10/01/2015,1
10/01/2015,1
10/01/2015,1
10/01/2015,1
10/01/2015,1
10/01/2015,1
10/01/2015,1
10/01/2015,1
10/01/2015,1
10/01/2015,1
10/01/2015,1
10/01/2015,1
10/01/2015,1
10/01/2015,1
10/01/2015,1
10/01/2015,1
10/01/2015,1
10/01/2015,1
10/01/2015,1
10/01/2015,1
10/01/2015,1
10/01/2015,1
10/01/2015,1
10/01/2015,1
10/01/2015,1
10/01/2015,1
10/01/2015,1
10/01/2015,1
10/01/2015,1
10/01/2015,1
10/01/2015,1
10/02/2015,1
10/02/2015,1
10/02/2015,1
10/02/2015,1
10/02/2015,1
10/02/2015,1
10/02/2015,1
10/02/2015,1
10/02/2015,1
10/02/2015,1
10/02/2015,1
10/02/2015,1
10/02/2015,1
10/02/2015,1
10/02/2015,1
10/02/2015,1
10/02/2015,1
10/02/2015,1
10/02/2015,1
10/02/2015,1
10/02/2015,1
10/02/2015,1
10/02/2015,1
10/02/2015,1
10/02/2015,1
10/02/2015,1
10/02/2015,1
10/02/2015,1
10/02/2015,1
10/02/2015,1
10/02/2015,1
10/02/2015,1
10/02/2015,1
10/02/2015,1
10/02/2015,1
10/02/2015,1
10/02/2015,1
10/02/2015,1
10/02/2015,1
10/02/2015,1
10/02/2015,1
10/02/2015,1
10/02/2015,1
10/02/2015,1
10/02/2015,1
10/02/2015,1
10/02/2015,1
10/02/2015,1
10/02/2015,1
10/02/2015,1
10/02/2015,1
10/02/2015,1
10/02/2015,1
10/02/2015,1
10/02/2015,1
10/02/2015,1
10/02/2015,1
10/02/2015,1
10/02/2015,1
10/02/2015,1
10/02/2015,1
10/02/2015,1
10/02/2015,1
10/02/2015,1
10/02/2015,1
10/02/2015,1
10/02/2015,1
10/02/2015,1
10/02/2015,1
10/02/2015,1
10/02/2015,1
10/02/2015,1
10/02/2015,1
10/02/2015,1
10/02/2015,1
10/02/2015,1
10/02/2015,1
10/02/2015,1
10/02/2015,1
10/02/2015,1
10/02/2015,1
10/02/2015,1
10/02/2015,1
10/02/2015,1
10/02/2015,1
10/02/2015,1
10/02/2015,1
10/03/2015,1
10/03/2015,1
10/03/2015,1
10/03/2015,1
10/03/2015,1
10/03/2015,1
10/03/2015,1
10/03/2015,1
10/03/2015,1
10/03/2015,1
10/03/2015,1
10/03/2015,1
10/03/2015,1
10/03/2015,1
10/03/2015,1
10/03/2015,1
10/03/2015,1
10/03/2015,1
10/03/2015,1
10/03/2015,1
10/03/2015,1
10/03/2015,1
10/03/2015,1
10/03/2015,1
10/03/2015,1
10/03/2015,1
10/03/2015,1
10/03/2015,1
10/03/2015,1
10/03/2015,1
10/03/2015,1
10/03/2015,1
10/03/2015,1
10/03/2015,1
10/03/2015,1
10/03/2015,1
10/03/2015,1
10/03/2015,1
10/03/2015,1
10/03/2015,1
10/03/2015,1
10/03/2015,1
10/03/2015,2
10/03/2015,1
10/03/2015,1
10/03/2015,1
10/03/2015,1
10/03/2015,1
10/03/2015,1
10/03/2015,1
10/03/2015,1
10/03/2015,1
10/03/2015,1
10/03/2015,1
10/03/2015,1
10/03/2015,1
10/03/2015,1
10/03/2015,1
10/03/2015,1
10/03/2015,1
10/03/2015,1
10/03/2015,1
10/03/2015,1
10/03/2015,1
10/03/2015,1
10/03/2015,1
10/03/2015,1
10/03/2015,1
10/03/2015,1
10/03/2015,1
10/03/2015,1
10/03/2015,1
10/03/2015,1
10/03/2015,1
10/03/2015,1
10/03/2015,1
10/03/2015,1
10/03/2015,1
10/03/2015,1
10/03/2015,1
10/03/2015,1
10/03/2015,1
10/03/2015,1
10/04/2015,1
10/04/2015,1
10/04/2015,1
10/04/2015,1
10/04/2015,1
10/04/2015,1
10/04/2015,1
10/04/2015,1
10/04/2015,1
10/04/2015,1
10/04/2015,1
10/04/2015,1
10/04/2015,1
10/04/2015,1
10/04/2015,1
10/04/2015,1
10/04/2015,1
10/04/2015,1
10/04/2015,1
10/04/2015,1
10/04/2015,1
10/04/2015,1
10/04/2015,1
10/04/2015,1
10/04/2015,1
10/04/2015,1
10/04/2015,1
10/04/2015,1
10/04/2015,1
10/04/2015,1
10/04/2015,1
10/04/2015,1
10/04/2015,1
10/04/2015,1
10/04/2015,1
10/04/2015,1
10/04/2015,1
10/04/2015,1
10/04/2015,1
10/04/2015,1
10/04/2015,1
10/04/2015,1
10/04/2015,1
10/04/2015,1
10/04/2015,1
10/04/2015,1
10/04/2015,1
10/04/2015,1
10/04/2015,1
10/04/2015,1
10/04/2015,1
10/04/2015,1
10/04/2015,1
10/04/2015,1
10/04/2015,1
10/04/2015,1
10/04/2015,1
10/04/2015,1
10/04/2015,1
10/04/2015,1
10/04/2015,1
10/04/2015,1
10/04/2015,1
10/04/2015,1
10/04/2015,1
10/04/2015,1
10/04/2015,1
10/04/2015,1
10/04/2015,1
10/04/2015,1
10/04/2015,1
10/04/2015,1
10/04/2015,1
10/04/2015,1
10/04/2015,1
10/04/2015,1
10/04/2015,1
10/04/2015,1
10/04/2015,1
10/04/2015,1
10/04/2015,1
10/04/2015,1
10/04/2015,1
10/04/2015,1
10/04/2015,1
10/04/2015,2
10/04/2015,1
10/04/2015,1
10/04/2015,1
10/04/2015,1
10/04/2015,1
10/04/2015,1
10/05/2015,1
10/05/2015,1
10/05/2015,1
10/05/2015,1
10/05/2015,1
10/05/2015,1
10/05/2015,1
10/05/2015,1
10/05/2015,1
10/05/2015,1
10/05/2015,1
10/05/2015,1
10/05/2015,1
10/05/2015,1
10/05/2015,1
10/05/2015,1
10/05/2015,1
10/05/2015,1
10/05/2015,1
10/05/2015,1
10/05/2015,1
10/05/2015,1
10/05/2015,1
10/05/2015,1
10/05/2015,1
10/05/2015,1
10/05/2015,1
10/05/2015,1
10/05/2015,1
10/05/2015,1
10/05/2015,1
10/05/2015,1
10/05/2015,1
10/05/2015,1
10/05/2015,1
10/05/2015,1
10/05/2015,1
10/05/2015,1
10/05/2015,1
10/05/2015,1
10/05/2015,1
10/05/2015,1
10/05/2015,1
10/05/2015,1
10/05/2015,1
10/05/2015,1
10/05/2015,1
10/05/2015,1
10/05/2015,1
10/05/2015,1
10/05/2015,1
10/05/2015,1
10/05/2015,1
10/05/2015,1
10/05/2015,1
10/05/2015,1
10/05/2015,1
10/05/2015,1
10/05/2015,1
10/05/2015,1
10/05/2015,1
10/05/2015,1
10/05/2015,1
10/05/2015,1
10/05/2015,1
10/05/2015,1
10/05/2015,1
10/05/2015,1
10/05/2015,1
10/05/2015,1
10/05/2015,1
10/05/2015,1
10/05/2015,1
10/05/2015,1
10/05/2015,1
10/05/2015,1
10/05/2015,1
10/05/2015,1
10/05/2015,1
10/05/2015,1
10/05/2015,1
10/05/2015,1
10/05/2015,1
10/05/2015,1
10/05/2015,1
10/05/2015,1
10/05/2015,1
10/05/2015,1
10/05/2015,1
10/05/2015,1
10/05/2015,1
10/05/2015,1
10/05/2015,1
10/05/2015,1
10/05/2015,1
10/05/2015,1
10/05/2015,1
10/05/2015,1
10/05/2015,1
10/05/2015,1
10/05/2015,1
10/05/2015,1
10/05/2015,1
10/05/2015,1
10/05/2015,1
10/05/2015,1
10/05/2015,1
10/05/2015,1
10/05/2015,1
10/05/2015,1
10/05/2015,1
10/05/2015,1
10/05/2015,1
10/05/2015,1
10/05/2015,1
10/05/2015,1
10/05/2015,1
10/05/2015,1
10/05/2015,1
10/05/2015,1
10/05/2015,1
10/06/2015,1
10/06/2015,1
10/06/2015,1
10/06/2015,1
10/06/2015,1
10/06/2015,1
10/06/2015,1
10/06/2015,1
10/06/2015,1
10/06/2015,1
10/06/2015,1
10/06/2015,1
10/06/2015,1
10/06/2015,1
10/06/2015,1
10/06/2015,1
10/06/2015,1
10/06/2015,1
10/06/2015,1
10/06/2015,1
10/06/2015,1
10/06/2015,1
10/06/2015,1
10/06/2015,1
10/06/2015,1
10/06/2015,1
10/06/2015,1
10/06/2015,1
10/06/2015,1
10/06/2015,1
10/06/2015,1
10/06/2015,1
10/06/2015,1
10/06/2015,1
10/06/2015,1
10/06/2015,1
10/06/2015,1
10/06/2015,1
10/06/2015,1
10/06/2015,1
10/06/2015,1
10/06/2015,1
10/06/2015,1
10/06/2015,1
10/06/2015,1
10/06/2015,1
10/06/2015,1
10/06/2015,1
10/06/2015,1
10/06/2015,1
10/06/2015,1
10/06/2015,1
10/06/2015,1
10/06/2015,1
10/06/2015,1
10/06/2015,1
10/06/2015,1
10/06/2015,1
10/06/2015,1
10/06/2015,1
10/06/2015,1
10/06/2015,1
10/06/2015,1
10/06/2015,1
10/06/2015,1
10/06/2015,1
10/06/2015,1
10/06/2015,1
10/06/2015,1
10/06/2015,1
10/06/2015,1
10/06/2015,1
10/06/2015,1
10/06/2015,1
10/06/2015,1
10/06/2015,1
10/06/2015,1
10/06/2015,1
10/06/2015,1
10/06/2015,1
10/06/2015,1
10/06/2015,1
10/06/2015,1
10/06/2015,1
10/06/2015,1
10/06/2015,1
10/06/2015,1
10/06/2015,1
10/06/2015,1
10/06/2015,1
10/06/2015,1
10/06/2015,1
10/06/2015,1
10/06/2015,1
10/06/2015,1
10/06/2015,1
10/06/2015,1
10/06/2015,1
10/06/2015,1
10/06/2015,1
10/06/2015,1
10/06/2015,1
10/06/2015,1
10/06/2015,1
10/06/2015,1
10/07/2015,1
10/07/2015,1
10/07/2015,1
10/07/2015,1
10/07/2015,1
10/07/2015,1
10/07/2015,1
10/07/2015,1
10/07/2015,1
10/07/2015,1
10/07/2015,1
10/07/2015,1
10/07/2015,1
10/07/2015,1
10/07/2015,1
10/07/2015,1
10/07/2015,1
10/07/2015,1
10/07/2015,1
10/07/2015,1
10/07/2015,1
10/07/2015,1
10/07/2015,1
10/07/2015,1
10/07/2015,1
10/07/2015,1
10/07/2015,1
10/07/2015,1
10/07/2015,1
10/07/2015,1
10/07/2015,1
10/07/2015,1
10/07/2015,1
10/07/2015,1
10/07/2015,1
10/07/2015,1
10/07/2015,1
10/07/2015,2
10/07/2015,1
10/07/2015,1
10/07/2015,1
10/07/2015,1
10/07/2015,1
10/07/2015,1
10/07/2015,1
10/07/2015,1
10/07/2015,1
10/07/2015,1
10/07/2015,1
10/07/2015,1
10/07/2015,1
10/07/2015,1
10/07/2015,1
10/07/2015,1
10/07/2015,1
10/07/2015,1
10/07/2015,1
10/07/2015,1
10/07/2015,1
10/07/2015,1
10/07/2015,1
10/07/2015,1
10/07/2015,1
10/07/2015,1
10/07/2015,1
10/07/2015,1
10/07/2015,1
10/07/2015,1
10/07/2015,1
10/07/2015,1
10/07/2015,1
10/07/2015,1
10/07/2015,1
10/07/2015,1
10/07/2015,1
10/07/2015,1
10/07/2015,1
10/07/2015,1
10/07/2015,1
10/07/2015,1
10/07/2015,1
10/07/2015,1
10/07/2015,1
10/07/2015,1
10/07/2015,1
10/07/2015,1
10/07/2015,1
10/07/2015,1
10/07/2015,1
10/07/2015,1
10/07/2015,1
10/07/2015,1
10/07/2015,1
10/07/2015,1
10/07/2015,1
10/08/2015,1
10/08/2015,1
10/08/2015,1
10/08/2015,1
10/08/2015,1
10/08/2015,1
10/08/2015,1
10/08/2015,1
10/08/2015,1
10/08/2015,1
10/08/2015,1
10/08/2015,1
10/08/2015,1
10/08/2015,1
10/08/2015,1
10/08/2015,1
10/08/2015,1
10/08/2015,1
10/08/2015,1
10/08/2015,1
10/08/2015,1
10/08/2015,1
10/08/2015,1
10/08/2015,1
10/08/2015,1
10/08/2015,1
10/08/2015,1
10/08/2015,1
10/08/2015,1
10/08/2015,1
10/08/2015,1
10/08/2015,1
10/08/2015,1
10/08/2015,1
10/08/2015,1
10/08/2015,1
10/08/2015,1
10/08/2015,1
10/08/2015,1
10/08/2015,1
10/08/2015,1
10/08/2015,1
10/08/2015,1
10/08/2015,1
10/08/2015,1
10/08/2015,1
10/08/2015,1
10/08/2015,1
10/08/2015,1
10/08/2015,2
10/08/2015,1
10/08/2015,1
10/08/2015,1
10/08/2015,1
10/08/2015,1
10/08/2015,1
10/08/2015,1
10/08/2015,1
10/08/2015,1
10/08/2015,1
10/08/2015,1
10/08/2015,1
10/08/2015,1
10/08/2015,1
10/08/2015,1
10/08/2015,1
10/08/2015,1
10/08/2015,1
10/08/2015,1
10/08/2015,1
10/08/2015,1
10/08/2015,1
10/08/2015,1
10/08/2015,1
10/08/2015,1
10/08/2015,1
10/08/2015,1
10/08/2015,1
10/08/2015,1
10/08/2015,1
10/08/2015,1
10/08/2015,1
10/08/2015,1
10/08/2015,1
10/08/2015,1
10/08/2015,1
10/08/2015,1
10/08/2015,1
10/08/2015,1
10/08/2015,1
10/08/2015,1
10/08/2015,1
10/08/2015,1
10/08/2015,1
10/08/2015,1
10/08/2015,1
10/08/2015,1
10/08/2015,1
10/08/2015,1
10/08/2015,1
10/08/2015,1
10/08/2015,1
10/08/2015,1
10/08/2015,1
10/08/2015,1
10/08/2015,1
10/08/2015,1
10/08/2015,1
10/08/2015,1
10/08/2015,1
10/08/2015,1
10/08/2015,1
10/08/2015,1
10/09/2015,1
10/09/2015,1
10/09/2015,1
10/09/2015,1
10/09/2015,1
10/09/2015,1
10/09/2015,1
10/09/2015,1
10/09/2015,1
10/09/2015,1
10/09/2015,1
10/09/2015,1
10/09/2015,1
10/09/2015,1
10/09/2015,1
10/09/2015,1
10/09/2015,1
10/09/2015,1
10/09/2015,1
10/09/2015,1
10/09/2015,1
10/09/2015,1
10/09/2015,1
10/09/2015,1
10/09/2015,1
10/09/2015,1
10/09/2015,1
10/09/2015,1
10/09/2015,1
10/09/2015,1
10/09/2015,1
10/09/2015,1
10/09/2015,1
10/09/2015,1
10/09/2015,1
10/09/2015,1
10/09/2015,1
10/09/2015,1
10/09/2015,1
10/09/2015,1
10/09/2015,1
10/09/2015,1
10/09/2015,1
10/09/2015,1
10/09/2015,1
10/09/2015,1
10/09/2015,1
10/09/2015,1
10/09/2015,1
10/09/2015,1
10/09/2015,1
10/09/2015,1
10/09/2015,1
10/09/2015,1
10/09/2015,1
10/09/2015,1
10/09/2015,1
10/09/2015,1
10/09/2015,1
10/09/2015,1
10/09/2015,1
10/09/2015,1
10/09/2015,1
10/09/2015,1
10/09/2015,1
10/09/2015,2
10/09/2015,1
10/09/2015,1
10/09/2015,1
10/09/2015,1
10/09/2015,1
10/09/2015,1
10/09/2015,1
10/09/2015,1
10/09/2015,1
10/09/2015,1
10/09/2015,1
10/09/2015,1
10/09/2015,1
10/09/2015,1
10/09/2015,1
10/09/2015,1
10/09/2015,1
10/09/2015,1
10/09/2015,1
10/09/2015,1
10/09/2015,1
10/09/2015,1
10/09/2015,1
10/09/2015,1
10/09/2015,1
10/09/2015,1
10/09/2015,1
10/09/2015,1
10/09/2015,1
10/09/2015,1
10/09/2015,1
10/09/2015,1
10/09/2015,1
10/09/2015,1
10/09/2015,1
10/09/2015,1
10/09/2015,1
10/09/2015,1
10/09/2015,1
10/09/2015,1
10/09/2015,1
10/09/2015,1
10/09/2015,1
10/09/2015,1
10/09/2015,1
10/09/2015,1
10/09/2015,1
10/09/2015,1
10/09/2015,1
10/09/2015,1
10/09/2015,1
10/09/2015,1
10/09/2015,1
10/09/2015,1
10/09/2015,1
10/10/2015,1
10/10/2015,1
10/10/2015,1
10/10/2015,1
10/10/2015,1
10/10/2015,1
10/10/2015,1
10/10/2015,1
10/10/2015,1
10/10/2015,1
10/10/2015,1
10/10/2015,1
10/10/2015,1
10/10/2015,1
10/10/2015,1
10/10/2015,1
10/10/2015,1
10/10/2015,1
10/10/2015,1
10/10/2015,1
10/10/2015,1
10/10/2015,1
10/10/2015,1
10/10/2015,1
10/10/2015,1
10/10/2015,1
10/10/2015,1
10/10/2015,1
10/10/2015,1
10/10/2015,1
10/10/2015,1
10/10/2015,1
10/10/2015,1
10/10/2015,1
10/10/2015,1
10/10/2015,1
10/10/2015,1
10/10/2015,1
10/10/2015,1
10/10/2015,1
10/10/2015,1
10/10/2015,1
10/10/2015,1
10/10/2015,1
10/10/2015,1
10/10/2015,1
10/10/2015,1
10/10/2015,1
10/10/2015,1
10/10/2015,1
10/10/2015,1
10/10/2015,1
10/10/2015,1
10/10/2015,1
10/10/2015,1
10/10/2015,1
10/10/2015,1
10/10/2015,1
10/10/2015,1
10/10/2015,1
10/10/2015,2
10/10/2015,1
10/10/2015,1
10/10/2015,1
10/10/2015,1
10/10/2015,1
10/10/2015,1
10/10/2015,1
10/10/2015,1
10/10/2015,1
10/10/2015,1
10/10/2015,1
10/10/2015,1
10/10/2015,1
10/10/2015,1
10/10/2015,1
10/10/2015,1
10/10/2015,1
10/10/2015,1
10/10/2015,1
10/10/2015,1
10/10/2015,1
10/10/2015,1
10/10/2015,1
10/10/2015,1
10/10/2015,1
10/10/2015,1
10/10/2015,1
10/10/2015,1
10/10/2015,1
10/10/2015,1
10/10/2015,1
10/10/2015,1
10/10/2015,1
10/10/2015,1
10/10/2015,1
10/10/2015,1
10/10/2015,1
10/10/2015,1
10/10/2015,1
10/10/2015,1
10/10/2015,1
10/10/2015,1
10/10/2015,1
10/10/2015,1
10/10/2015,1
10/10/2015,1
10/10/2015,1
10/10/2015,1
10/10/2015,1
10/10/2015,1
10/10/2015,1
10/10/2015,1
10/10/2015,1
10/10/2015,1
10/10/2015,1
10/10/2015,1
10/10/2015,1
10/10/2015,1
10/10/2015,1
10/10/2015,1
10/10/2015,1
10/10/2015,1
10/10/2015,1
10/10/2015,1
10/11/2015,1
10/11/2015,1
10/11/2015,1
10/11/2015,1
10/11/2015,1
10/11/2015,1
10/11/2015,1
10/11/2015,1
10/11/2015,1
10/11/2015,1
10/11/2015,1
10/11/2015,1
10/11/2015,1
10/11/2015,1
10/11/2015,1
10/11/2015,1
10/11/2015,1
10/11/2015,1
10/11/2015,1
10/11/2015,1
10/11/2015,1
10/11/2015,1
10/11/2015,1
10/11/2015,1
10/11/2015,1
10/11/2015,1
10/11/2015,1
10/11/2015,1
10/11/2015,1
10/11/2015,1
10/11/2015,1
10/11/2015,1
10/11/2015,1
10/11/2015,1
10/11/2015,1
10/11/2015,1
10/11/2015,1
10/11/2015,1
10/11/2015,1
10/11/2015,1
10/11/2015,1
10/11/2015,1
10/11/2015,1
10/11/2015,1
10/11/2015,1
10/11/2015,1
10/11/2015,1
10/11/2015,1
10/11/2015,1
10/11/2015,1
10/11/2015,1
10/11/2015,1
10/11/2015,1
10/11/2015,1
10/11/2015,1
10/11/2015,1
10/11/2015,1
10/11/2015,1
10/11/2015,1
10/11/2015,1
10/11/2015,1
10/11/2015,1
10/11/2015,1
10/11/2015,1
10/11/2015,1
10/11/2015,1
10/11/2015,1
10/11/2015,1
10/11/2015,1
10/11/2015,1
10/11/2015,1
10/11/2015,1
10/11/2015,1
10/11/2015,1
10/11/2015,1
10/11/2015,1
10/11/2015,1
10/11/2015,1
10/11/2015,1
10/11/2015,1
10/11/2015,1
10/11/2015,1
10/11/2015,1
10/11/2015,1
10/11/2015,1
10/11/2015,1
10/11/2015,1
10/11/2015,1
10/11/2015,1
10/11/2015,1
10/11/2015,1
10/11/2015,1
10/11/2015,1
10/11/2015,1
10/11/2015,1
10/11/2015,1
10/11/2015,1
10/11/2015,1
10/11/2015,1
10/11/2015,1
10/11/2015,1
10/11/2015,1
10/11/2015,1
10/11/2015,1
10/11/2015,1
10/11/2015,1
10/11/2015,1
10/11/2015,1
10/11/2015,1
10/11/2015,1
10/11/2015,1
10/11/2015,1
10/11/2015,1
10/11/2015,1
10/11/2015,1
10/11/2015,1
10/11/2015,1
10/11/2015,1
10/11/2015,1
10/11/2015,1
10/11/2015,1
10/11/2015,1
10/11/2015,1
10/12/2015,1
10/12/2015,1
10/12/2015,1
10/12/2015,1
10/12/2015,1
10/12/2015,1
10/12/2015,1
10/12/2015,1
10/12/2015,1
10/12/2015,1
10/12/2015,1
10/12/2015,1
10/12/2015,1
10/12/2015,1
10/12/2015,1
10/12/2015,1
10/12/2015,1
10/12/2015,1
10/12/2015,1
10/12/2015,1
10/12/2015,1
10/12/2015,1
10/12/2015,1
10/12/2015,1
10/12/2015,1
10/12/2015,2
10/12/2015,1
10/12/2015,1
10/12/2015,1
10/12/2015,1
10/12/2015,1
10/12/2015,1
10/12/2015,1
10/12/2015,1
10/12/2015,1
10/12/2015,1
10/12/2015,1
10/12/2015,1
10/12/2015,1
10/12/2015,1
10/12/2015,1
10/12/2015,1
10/12/2015,1
10/12/2015,1
10/12/2015,1
10/12/2015,1
10/12/2015,1
10/12/2015,1
10/12/2015,1
10/12/2015,1
10/12/2015,1
10/12/2015,1
10/12/2015,1
10/12/2015,1
10/12/2015,1
10/12/2015,1
10/12/2015,1
10/12/2015,1
10/12/2015,1
10/12/2015,1
10/12/2015,1
10/12/2015,1
10/12/2015,1
10/12/2015,1
10/12/2015,1
10/12/2015,1
10/12/2015,1
10/12/2015,1
10/12/2015,1
10/12/2015,1
10/12/2015,1
10/12/2015,1
10/12/2015,1
10/12/2015,1
10/12/2015,1
10/12/2015,1
10/12/2015,1
10/12/2015,1
10/12/2015,1
10/12/2015,1
10/12/2015,1
10/12/2015,1
10/12/2015,1
10/12/2015,1
10/12/2015,1
10/12/2015,1
10/12/2015,1
10/12/2015,1
10/12/2015,1
10/12/2015,1
10/12/2015,1
10/12/2015,1
10/12/2015,1
10/12/2015,1
10/12/2015,1
10/12/2015,1
10/13/2015,1
10/13/2015,1
10/13/2015,1
10/13/2015,1
10/13/2015,1
10/13/2015,1
10/13/2015,1
10/13/2015,1
10/13/2015,1
10/13/2015,1
10/13/2015,1
10/13/2015,1
10/13/2015,1
10/13/2015,1
10/13/2015,1
10/13/2015,1
10/13/2015,1
10/13/2015,1
10/13/2015,1
10/13/2015,1
10/13/2015,1
10/13/2015,1
10/13/2015,1
10/13/2015,1
10/13/2015,1
10/13/2015,1
10/13/2015,1
10/13/2015,1
10/13/2015,1
10/13/2015,1
10/13/2015,1
10/13/2015,1
10/13/2015,1
10/13/2015,1
10/13/2015,1
10/13/2015,1
10/13/2015,1
10/13/2015,1
10/13/2015,1
10/13/2015,1
10/13/2015,1
10/13/2015,1
10/13/2015,1
10/13/2015,1
10/13/2015,1
10/13/2015,1
10/13/2015,1
10/13/2015,1
10/13/2015,1
10/13/2015,1
10/13/2015,1
10/13/2015,1
10/13/2015,1
10/13/2015,1
10/13/2015,1
10/13/2015,1
10/13/2015,1
10/13/2015,1
10/13/2015,1
10/13/2015,1
10/13/2015,1
10/13/2015,1
10/13/2015,1
10/13/2015,1
10/13/2015,1
10/13/2015,1
10/13/2015,1
10/13/2015,1
10/13/2015,1
10/13/2015,1
10/13/2015,1
10/13/2015,1
10/13/2015,1
10/13/2015,1
10/13/2015,1
10/13/2015,1
10/13/2015,1
10/13/2015,1
10/13/2015,1
10/13/2015,1
10/13/2015,1
10/13/2015,1
10/13/2015,1
10/13/2015,1
10/13/2015,1
10/13/2015,1
10/13/2015,1
10/13/2015,1
10/13/2015,1
10/13/2015,1
10/13/2015,1
10/13/2015,1
10/13/2015,1
10/13/2015,1
10/13/2015,1
10/13/2015,1
10/13/2015,1
10/13/2015,1
10/13/2015,1
10/13/2015,1
10/13/2015,1
10/13/2015,1
10/13/2015,1
10/13/2015,1
10/13/2015,1
10/13/2015,1
10/13/2015,1
10/13/2015,1
10/13/2015,1
10/13/2015,1
10/13/2015,1
10/13/2015,1
10/13/2015,1
10/13/2015,1
10/13/2015,1
10/14/2015,1
10/14/2015,1
10/14/2015,1
10/14/2015,1
10/14/2015,1
10/14/2015,1
10/14/2015,1
10/14/2015,1
10/14/2015,1
10/14/2015,1
10/14/2015,1
10/14/2015,1
10/14/2015,1
10/14/2015,1
10/14/2015,1
10/14/2015,1
10/14/2015,1
10/14/2015,1
10/14/2015,1
10/14/2015,1
10/14/2015,1
10/14/2015,1
10/14/2015,1
10/14/2015,1
10/14/2015,1
10/14/2015,1
10/14/2015,1
10/14/2015,1
10/14/2015,1
10/14/2015,1
10/14/2015,1
10/14/2015,1
10/14/2015,1
10/14/2015,1
10/14/2015,1
10/14/2015,1
10/14/2015,1
10/14/2015,1
10/14/2015,1
10/14/2015,1
10/14/2015,1
10/14/2015,1
10/14/2015,1
10/14/2015,1
10/14/2015,1
10/14/2015,1
10/14/2015,1
10/14/2015,1
10/14/2015,1
10/14/2015,1
10/14/2015,1
10/14/2015,1
10/14/2015,1
10/14/2015,1
10/14/2015,1
10/14/2015,1
10/14/2015,1
10/14/2015,1
10/14/2015,1
10/14/2015,1
10/14/2015,1
10/14/2015,1
10/14/2015,1
10/14/2015,1
10/14/2015,1
10/14/2015,1
10/14/2015,1
10/14/2015,1
10/14/2015,1
10/14/2015,1
10/14/2015,1
10/14/2015,1
10/14/2015,1
10/14/2015,1
10/14/2015,1
10/14/2015,1
10/14/2015,1
10/14/2015,1
10/14/2015,1
10/14/2015,1
10/14/2015,1
10/14/2015,1
10/14/2015,1
10/14/2015,1
10/14/2015,1
10/14/2015,1
10/14/2015,1
10/14/2015,1
10/14/2015,1
10/14/2015,1
10/14/2015,1
10/14/2015,1
10/14/2015,1
10/14/2015,1
10/14/2015,1
10/14/2015,1
10/14/2015,1
10/14/2015,1
10/14/2015,1
10/14/2015,1
10/15/2015,1
10/15/2015,1
10/15/2015,1
10/15/2015,1
10/15/2015,1
10/15/2015,1
10/15/2015,1
10/15/2015,1
10/15/2015,1
10/15/2015,1
10/15/2015,1
10/15/2015,1
10/15/2015,1
10/15/2015,1
10/15/2015,1
10/15/2015,1
10/15/2015,1
10/15/2015,1
10/15/2015,1
10/15/2015,1
10/15/2015,1
10/15/2015,1
10/15/2015,1
10/15/2015,1
10/15/2015,1
10/15/2015,1
10/15/2015,1
10/15/2015,1
10/15/2015,1
10/15/2015,1
10/15/2015,1
10/15/2015,1
10/15/2015,1
10/15/2015,1
10/15/2015,1
10/15/2015,1
10/15/2015,1
10/15/2015,1
10/15/2015,1
10/15/2015,1
10/15/2015,1
10/15/2015,1
10/15/2015,1
10/15/2015,1
10/15/2015,1
10/15/2015,1
10/15/2015,1
10/15/2015,1
10/15/2015,1
10/15/2015,1
10/15/2015,1
10/15/2015,1
10/15/2015,1
10/15/2015,1
10/15/2015,1
10/15/2015,1
10/15/2015,1
10/15/2015,1
10/15/2015,1
10/15/2015,1
10/15/2015,1
10/15/2015,1
10/15/2015,1
10/15/2015,1
10/15/2015,1
10/15/2015,1
10/15/2015,1
10/15/2015,1
10/15/2015,1
10/15/2015,1
10/15/2015,1
10/15/2015,1
10/15/2015,1
10/15/2015,1
10/15/2015,1
10/15/2015,1
10/15/2015,1
10/15/2015,1
10/15/2015,1
10/15/2015,1
10/15/2015,1
10/15/2015,1
10/15/2015,1
10/15/2015,1
10/15/2015,1
10/15/2015,1
10/15/2015,1
10/15/2015,1
10/15/2015,1
10/15/2015,1
10/15/2015,1
10/15/2015,1
10/15/2015,1
10/15/2015,1
10/15/2015,1
10/15/2015,1
10/15/2015,1
10/15/2015,1
10/15/2015,1
10/15/2015,1
10/15/2015,1
10/15/2015,1
10/15/2015,1
10/15/2015,1
10/15/2015,1
10/15/2015,1
10/15/2015,1
10/15/2015,1
10/15/2015,1
10/15/2015,1
10/15/2015,2
10/15/2015,1
10/15/2015,1
10/15/2015,1
10/15/2015,1
10/16/2015,1
10/16/2015,1
10/16/2015,1
10/16/2015,1
10/16/2015,1
10/16/2015,1
10/16/2015,1
10/16/2015,1
10/16/2015,1
10/16/2015,1
10/16/2015,1
10/16/2015,1
10/16/2015,1
10/16/2015,1
10/16/2015,1
10/16/2015,1
10/16/2015,1
10/16/2015,1
10/16/2015,1
10/16/2015,1
10/16/2015,1
10/16/2015,1
10/16/2015,1
10/16/2015,1
10/16/2015,1
10/16/2015,1
10/16/2015,1
10/16/2015,1
10/16/2015,1
10/16/2015,1
10/16/2015,1
10/16/2015,1
10/16/2015,1
10/16/2015,1
10/16/2015,1
10/16/2015,1
10/16/2015,1
10/16/2015,1
10/16/2015,1
10/16/2015,1
10/16/2015,1
10/16/2015,1
10/16/2015,1
10/16/2015,1
10/16/2015,1
10/16/2015,1
10/16/2015,1
10/16/2015,1
10/16/2015,1
10/16/2015,1
10/16/2015,1
10/16/2015,1
10/16/2015,1
10/16/2015,1
10/16/2015,1
10/16/2015,1
10/16/2015,1
10/16/2015,1
10/16/2015,1
10/16/2015,1
10/16/2015,1
10/16/2015,1
10/16/2015,1
10/16/2015,1
10/16/2015,1
10/16/2015,1
10/16/2015,1
10/16/2015,1
10/16/2015,1
10/16/2015,1
10/16/2015,1
10/16/2015,1
10/16/2015,1
10/16/2015,1
10/16/2015,1
10/16/2015,1
10/16/2015,1
10/16/2015,1
10/16/2015,1
10/16/2015,1
10/16/2015,1
10/16/2015,1
10/16/2015,1
10/16/2015,1
10/16/2015,1
10/16/2015,1
10/16/2015,1
10/16/2015,1
10/16/2015,2
10/16/2015,1
10/16/2015,1
10/16/2015,1
10/16/2015,1
10/16/2015,1
10/16/2015,1
10/16/2015,1
10/16/2015,1
10/16/2015,1
10/16/2015,1
10/16/2015,1
10/16/2015,1
10/16/2015,1
10/16/2015,1
10/16/2015,1
10/16/2015,1
10/16/2015,1
10/16/2015,1
10/16/2015,1
10/16/2015,1
10/16/2015,1
10/16/2015,1
10/16/2015,1
10/16/2015,1
10/16/2015,1
10/16/2015,1
10/16/2015,1
10/16/2015,1
10/16/2015,1
10/17/2015,1
10/17/2015,1
10/17/2015,2
10/17/2015,1
10/17/2015,1
10/17/2015,1
10/17/2015,1
10/17/2015,1
10/17/2015,1
10/17/2015,1
10/17/2015,1
10/17/2015,1
10/17/2015,1
10/17/2015,1
10/17/2015,1
10/17/2015,1
10/17/2015,1
10/17/2015,1
10/17/2015,1
10/17/2015,1
10/17/2015,1
10/17/2015,1
10/17/2015,1
10/17/2015,1
10/17/2015,1
10/17/2015,1
10/17/2015,1
10/17/2015,1
10/17/2015,1
10/17/2015,1
10/17/2015,1
10/17/2015,1
10/17/2015,1
10/17/2015,1
10/17/2015,1
10/17/2015,1
10/17/2015,1
10/17/2015,1
10/17/2015,1
10/17/2015,1
10/17/2015,1
10/17/2015,1
10/17/2015,1
10/17/2015,1
10/17/2015,1
10/17/2015,1
10/17/2015,1
10/17/2015,1
10/17/2015,1
10/17/2015,1
10/17/2015,1
10/17/2015,1
10/17/2015,1
10/17/2015,1
10/17/2015,1
10/17/2015,1
10/17/2015,1
10/17/2015,1
10/17/2015,2
10/17/2015,1
10/17/2015,1
10/17/2015,1
10/17/2015,1
10/17/2015,1
10/17/2015,1
10/17/2015,1
10/17/2015,1
10/17/2015,1
10/17/2015,1
10/17/2015,1
10/17/2015,1
10/17/2015,1
10/17/2015,1
10/17/2015,1
10/17/2015,1
10/17/2015,1
10/17/2015,1
10/17/2015,1
10/17/2015,1
10/17/2015,1
10/17/2015,1
10/17/2015,1
10/17/2015,1
10/17/2015,1
10/17/2015,1
10/17/2015,1
10/17/2015,1
10/17/2015,1
10/17/2015,1
10/17/2015,1
10/17/2015,1
10/17/2015,1
10/17/2015,1
10/17/2015,1
10/17/2015,1
10/17/2015,1
10/17/2015,1
10/17/2015,1
10/17/2015,1
10/17/2015,1
10/17/2015,1
10/17/2015,1
10/17/2015,1
10/17/2015,1
10/17/2015,1
10/17/2015,1
10/17/2015,1
10/17/2015,1
10/17/2015,1
10/17/2015,1
10/17/2015,1
10/17/2015,1
10/17/2015,1
10/18/2015,1
10/18/2015,1
10/18/2015,1
10/18/2015,1
10/18/2015,1
10/18/2015,1
10/18/2015,1
10/18/2015,1
10/18/2015,1
10/18/2015,1
10/18/2015,1
10/18/2015,1
10/18/2015,1
10/18/2015,1
10/18/2015,1
10/18/2015,1
10/18/2015,1
10/18/2015,1
10/18/2015,1
10/18/2015,1
10/18/2015,1
10/18/2015,1
10/18/2015,1
10/18/2015,1
10/18/2015,2
10/18/2015,1
10/18/2015,1
10/18/2015,1
10/18/2015,1
10/18/2015,1
10/18/2015,1
10/18/2015,1
10/18/2015,1
10/18/2015,1
10/18/2015,1
10/18/2015,1
10/18/2015,1
10/18/2015,1
10/18/2015,1
10/18/2015,2
10/18/2015,1
10/18/2015,1
10/18/2015,1
10/18/2015,1
10/18/2015,1
10/18/2015,1
10/18/2015,1
10/18/2015,1
10/18/2015,1
10/18/2015,1
10/18/2015,1
10/18/2015,1
10/18/2015,1
10/18/2015,1
10/18/2015,1
10/18/2015,1
10/18/2015,1
10/18/2015,1
10/18/2015,1
10/18/2015,1
10/18/2015,1
10/18/2015,1
10/18/2015,1
10/18/2015,1
10/18/2015,1
10/18/2015,1
10/18/2015,1
10/18/2015,1
10/18/2015,1
10/18/2015,1
10/18/2015,1
10/18/2015,1
10/18/2015,1
10/18/2015,1
10/18/2015,1
10/18/2015,1
10/18/2015,1
10/18/2015,1
10/18/2015,1
10/18/2015,1
10/18/2015,1
10/18/2015,1
10/18/2015,1
10/18/2015,1
10/18/2015,1
10/18/2015,1
10/18/2015,1
10/18/2015,1
10/18/2015,1
10/18/2015,1
10/18/2015,1
10/18/2015,1
10/18/2015,1
10/18/2015,1
10/18/2015,1
10/18/2015,1
10/18/2015,1
10/18/2015,1
10/18/2015,1
10/18/2015,1
10/18/2015,1
10/18/2015,1
10/18/2015,1
10/18/2015,1
10/18/2015,1
10/18/2015,1
10/18/2015,1
10/18/2015,1
10/18/2015,1
10/18/2015,2
10/18/2015,1
10/18/2015,1
10/19/2015,1
10/19/2015,1
10/19/2015,1
10/19/2015,1
10/19/2015,1
10/19/2015,1
10/19/2015,1
10/19/2015,1
10/19/2015,1
10/19/2015,1
10/19/2015,1
10/19/2015,1
10/19/2015,1
10/19/2015,1
10/19/2015,1
10/19/2015,1
10/19/2015,1
10/19/2015,1
10/19/2015,1
10/19/2015,1
10/19/2015,1
10/19/2015,1
10/19/2015,1
10/19/2015,1
10/19/2015,1
10/19/2015,1
10/19/2015,1
10/19/2015,1
10/19/2015,1
10/19/2015,1
10/19/2015,1
10/19/2015,1
10/19/2015,1
10/19/2015,1
10/19/2015,1
10/19/2015,1
10/19/2015,1
10/19/2015,1
10/19/2015,1
10/19/2015,1
10/19/2015,1
10/19/2015,1
10/19/2015,1
10/19/2015,1
10/19/2015,1
10/19/2015,1
10/19/2015,1
10/19/2015,1
10/19/2015,1
10/19/2015,1
10/19/2015,1
10/19/2015,1
10/19/2015,1
10/19/2015,1
10/19/2015,1
10/19/2015,1
10/19/2015,1
10/19/2015,1
10/19/2015,1
10/19/2015,1
10/19/2015,1
10/19/2015,1
10/19/2015,1
10/19/2015,1
10/19/2015,1
10/19/2015,1
10/19/2015,1
10/19/2015,1
10/19/2015,1
10/19/2015,1
10/19/2015,1
10/19/2015,1
10/19/2015,1
10/19/2015,1
10/19/2015,1
10/19/2015,1
10/19/2015,1
10/19/2015,1
10/19/2015,1
10/19/2015,1
10/19/2015,1
10/19/2015,1
10/19/2015,1
10/19/2015,1
10/19/2015,1
10/19/2015,1
10/19/2015,1
10/19/2015,1
10/19/2015,1
10/19/2015,1
10/19/2015,1
10/19/2015,1
10/19/2015,1
10/19/2015,1
10/19/2015,1
10/19/2015,1
10/19/2015,1
10/19/2015,1
10/19/2015,1
10/19/2015,1
10/19/2015,1
10/19/2015,1
10/19/2015,1
10/19/2015,1
10/19/2015,1
10/19/2015,1
10/19/2015,1
10/19/2015,1
10/19/2015,1
10/19/2015,1
10/19/2015,1
10/19/2015,1
10/19/2015,1
10/19/2015,1
10/19/2015,1
10/19/2015,1
10/19/2015,1
10/19/2015,1
10/19/2015,1
10/19/2015,1
10/19/2015,1
10/20/2015,1
10/20/2015,1
10/20/2015,1
10/20/2015,1
10/20/2015,1
10/20/2015,1
10/20/2015,1
10/20/2015,1
10/20/2015,1
10/20/2015,1
10/20/2015,1
10/20/2015,1
10/20/2015,1
10/20/2015,1
10/20/2015,1
10/20/2015,1
10/20/2015,1
10/20/2015,1
10/20/2015,1
10/20/2015,1
10/20/2015,1
10/20/2015,1
10/20/2015,1
10/20/2015,1
10/20/2015,1
10/20/2015,1
10/20/2015,1
10/20/2015,1
10/20/2015,1
10/20/2015,1
10/20/2015,1
10/20/2015,1
10/20/2015,2
10/20/2015,1
10/20/2015,1
10/20/2015,1
10/20/2015,1
10/20/2015,1
10/20/2015,1
10/20/2015,1
10/20/2015,1
10/20/2015,1
10/20/2015,1
10/20/2015,1
10/20/2015,1
10/20/2015,1
10/20/2015,1
10/20/2015,1
10/20/2015,1
10/20/2015,1
10/20/2015,2
10/20/2015,1
10/20/2015,1
10/20/2015,1
10/20/2015,1
10/20/2015,1
10/20/2015,1
10/20/2015,1
10/20/2015,1
10/20/2015,1
10/20/2015,1
10/20/2015,1
10/20/2015,1
10/20/2015,1
10/20/2015,1
10/20/2015,1
10/20/2015,1
10/20/2015,1
10/20/2015,1
10/20/2015,1
10/20/2015,1
10/20/2015,1
10/20/2015,1
10/20/2015,1
10/20/2015,1
10/20/2015,1
10/20/2015,1
10/20/2015,1
10/20/2015,1
10/20/2015,1
10/20/2015,1
10/20/2015,1
10/20/2015,1
10/20/2015,1
10/20/2015,1
10/20/2015,1
10/20/2015,1
10/20/2015,1
10/20/2015,1
10/20/2015,1
10/20/2015,1
10/20/2015,1
10/20/2015,1
10/20/2015,1
10/20/2015,1
10/20/2015,1
10/20/2015,1
10/20/2015,1
10/20/2015,1
10/20/2015,1
10/20/2015,1
10/20/2015,1
10/20/2015,1
10/20/2015,1
10/20/2015,1
10/20/2015,1
10/20/2015,1
10/20/2015,1
10/20/2015,1
10/20/2015,1
10/20/2015,1
10/20/2015,1
10/20/2015,1
10/20/2015,1
10/20/2015,1
10/20/2015,1
10/20/2015,1
10/21/2015,1
10/21/2015,1
10/21/2015,1
10/21/2015,1
10/21/2015,1
10/21/2015,1
10/21/2015,1
10/21/2015,1
10/21/2015,1
10/21/2015,1
10/21/2015,1
10/21/2015,1
10/21/2015,1
10/21/2015,1
10/21/2015,1
10/21/2015,1
10/21/2015,1
10/21/2015,1
10/21/2015,1
10/21/2015,1
10/21/2015,1
10/21/2015,1
10/21/2015,1
10/21/2015,1
10/21/2015,1
10/21/2015,1
10/21/2015,1
10/21/2015,1
10/21/2015,1
10/21/2015,1
10/21/2015,1
10/21/2015,1
10/21/2015,1
10/21/2015,1
10/21/2015,1
10/21/2015,1
10/21/2015,1
10/21/2015,1
10/21/2015,1
10/21/2015,1
10/21/2015,1
10/21/2015,1
10/21/2015,1
10/21/2015,1
10/21/2015,1
10/21/2015,1
10/21/2015,1
10/21/2015,1
10/21/2015,1
10/21/2015,1
10/21/2015,1
10/21/2015,1
10/21/2015,1
10/21/2015,1
10/21/2015,1
10/21/2015,1
10/21/2015,1
10/21/2015,1
10/21/2015,1
10/21/2015,1
10/21/2015,1
10/21/2015,1
10/21/2015,1
10/21/2015,1
10/21/2015,1
10/21/2015,1
10/21/2015,1
10/21/2015,1
10/21/2015,1
10/21/2015,1
10/21/2015,1
10/21/2015,1
10/21/2015,1
10/21/2015,1
10/21/2015,1
10/21/2015,1
10/21/2015,1
10/21/2015,1
10/21/2015,1
10/21/2015,1
10/21/2015,1
10/21/2015,1
10/21/2015,1
10/21/2015,1
10/21/2015,1
10/21/2015,1
10/21/2015,1
10/21/2015,1
10/21/2015,1
10/21/2015,1
10/21/2015,1
10/21/2015,1
10/21/2015,1
10/21/2015,1
10/21/2015,1
10/21/2015,1
10/22/2015,1
10/22/2015,1
10/22/2015,1
10/22/2015,1
10/22/2015,1
10/22/2015,1
10/22/2015,1
10/22/2015,1
10/22/2015,1
10/22/2015,1
10/22/2015,1
10/22/2015,1
10/22/2015,1
10/22/2015,1
10/22/2015,1
10/22/2015,1
10/22/2015,1
10/22/2015,1
10/22/2015,1
10/22/2015,2
10/22/2015,1
10/22/2015,1
10/22/2015,1
10/22/2015,1
10/22/2015,1
10/22/2015,1
10/22/2015,1
10/22/2015,1
10/22/2015,1
10/22/2015,1
10/22/2015,1
10/22/2015,1
10/22/2015,1
10/22/2015,1
10/22/2015,1
10/22/2015,1
10/22/2015,1
10/22/2015,1
10/22/2015,1
10/22/2015,1
10/22/2015,1
10/22/2015,1
10/22/2015,1
10/22/2015,1
10/22/2015,1
10/22/2015,1
10/22/2015,1
10/22/2015,1
10/22/2015,1
10/22/2015,1
10/22/2015,1
10/22/2015,1
10/22/2015,1
10/22/2015,1
10/22/2015,1
10/22/2015,1
10/22/2015,1
10/22/2015,1
10/22/2015,1
10/22/2015,1
10/22/2015,1
10/22/2015,1
10/22/2015,1
10/22/2015,1
10/22/2015,1
10/22/2015,1
10/22/2015,1
10/22/2015,1
10/22/2015,1
10/22/2015,1
10/22/2015,1
10/22/2015,1
10/22/2015,1
10/22/2015,1
10/22/2015,1
10/22/2015,1
10/22/2015,1
10/22/2015,1
10/22/2015,1
10/22/2015,1
10/22/2015,1
10/22/2015,1
10/22/2015,1
10/22/2015,1
10/22/2015,1
10/22/2015,1
10/22/2015,1
10/22/2015,1
10/22/2015,1
10/22/2015,1
10/22/2015,1
10/22/2015,1
10/22/2015,1
10/22/2015,1
10/22/2015,1
10/22/2015,1
10/22/2015,1
10/22/2015,1
10/22/2015,1
10/22/2015,1
10/22/2015,1
10/22/2015,2
10/22/2015,1
10/22/2015,1
10/22/2015,1
10/22/2015,1
10/22/2015,1
10/22/2015,1
10/23/2015,1
10/23/2015,1
10/23/2015,1
10/23/2015,1
10/23/2015,1
10/23/2015,2
10/23/2015,1
10/23/2015,1
10/23/2015,1
10/23/2015,1
10/23/2015,1
10/23/2015,1
10/23/2015,1
10/23/2015,1
10/23/2015,1
10/23/2015,1
10/23/2015,1
10/23/2015,1
10/23/2015,1
10/23/2015,1
10/23/2015,1
10/23/2015,1
10/23/2015,1
10/23/2015,1
10/23/2015,1
10/23/2015,1
10/23/2015,1
10/23/2015,1
10/23/2015,1
10/23/2015,1
10/23/2015,1
10/23/2015,1
10/23/2015,1
10/23/2015,1
10/23/2015,1
10/23/2015,1
10/23/2015,1
10/23/2015,1
10/23/2015,1
10/23/2015,1
10/23/2015,1
10/23/2015,1
10/23/2015,1
10/23/2015,1
10/23/2015,1
10/23/2015,1
10/23/2015,1
10/23/2015,1
10/23/2015,1
10/23/2015,1
10/23/2015,1
10/23/2015,1
10/23/2015,1
10/23/2015,1
10/23/2015,1
10/23/2015,1
10/23/2015,1
10/23/2015,2
10/23/2015,1
10/23/2015,1
10/23/2015,1
10/23/2015,1
10/23/2015,1
10/23/2015,1
10/23/2015,1
10/23/2015,1
10/23/2015,1
10/23/2015,1
10/23/2015,1
10/23/2015,1
10/23/2015,1
10/23/2015,1
10/23/2015,1
10/23/2015,2
10/23/2015,1
10/23/2015,1
10/23/2015,1
10/23/2015,1
10/23/2015,1
10/23/2015,1
10/23/2015,1
10/23/2015,1
10/23/2015,1
10/23/2015,1
10/23/2015,1
10/23/2015,1
10/23/2015,1
10/23/2015,1
10/23/2015,1
10/23/2015,1
10/23/2015,1
10/23/2015,1
10/23/2015,1
10/23/2015,1
10/23/2015,1
10/23/2015,1
10/23/2015,1
10/23/2015,1
10/23/2015,1
10/23/2015,1
10/23/2015,1
10/23/2015,1
10/23/2015,1
10/23/2015,1
10/23/2015,1
10/23/2015,1
10/23/2015,1
10/23/2015,1
10/23/2015,1
10/23/2015,1
10/23/2015,1
10/23/2015,1
10/23/2015,1
10/23/2015,1
10/23/2015,1
10/23/2015,1
10/23/2015,1
10/23/2015,1
10/24/2015,1
10/24/2015,1
10/24/2015,1
10/24/2015,1
10/24/2015,1
10/24/2015,1
10/24/2015,1
10/24/2015,1
10/24/2015,1
10/24/2015,1
10/24/2015,1
10/24/2015,1
10/24/2015,1
10/24/2015,1
10/24/2015,1
10/24/2015,1
10/24/2015,1
10/24/2015,1
10/24/2015,1
10/24/2015,1
10/24/2015,1
10/24/2015,1
10/24/2015,1
10/24/2015,1
10/24/2015,1
10/24/2015,1
10/24/2015,1
10/24/2015,1
10/24/2015,1
10/24/2015,1
10/24/2015,1
10/24/2015,1
10/24/2015,1
10/24/2015,1
10/24/2015,1
10/24/2015,1
10/24/2015,1
10/24/2015,1
10/24/2015,1
10/24/2015,1
10/24/2015,1
10/24/2015,1
10/24/2015,1
10/24/2015,1
10/24/2015,1
10/24/2015,1
10/24/2015,1
10/24/2015,1
10/24/2015,1
10/24/2015,1
10/24/2015,1
10/24/2015,1
10/24/2015,1
10/24/2015,1
10/24/2015,1
10/24/2015,1
10/24/2015,1
10/24/2015,1
10/24/2015,1
10/24/2015,1
10/24/2015,1
10/24/2015,1
10/24/2015,2
10/24/2015,1
10/24/2015,1
10/24/2015,1
10/24/2015,1
10/24/2015,1
10/24/2015,1
10/24/2015,1
10/24/2015,1
10/24/2015,1
10/24/2015,1
10/24/2015,1
10/24/2015,1
10/24/2015,1
10/24/2015,1
10/24/2015,1
10/24/2015,1
10/24/2015,1
10/24/2015,1
10/24/2015,1
10/24/2015,1
10/24/2015,1
10/24/2015,1
10/24/2015,1
10/24/2015,1
10/24/2015,1
10/24/2015,1
10/24/2015,1
10/24/2015,1
10/24/2015,1
10/24/2015,1
10/24/2015,1
10/24/2015,1
10/24/2015,1
10/24/2015,1
10/24/2015,1
10/24/2015,1
10/24/2015,1
10/24/2015,1
10/24/2015,1
10/24/2015,1
10/24/2015,1
10/24/2015,1
10/24/2015,1
10/24/2015,1
10/25/2015,1
10/25/2015,1
10/25/2015,1
10/25/2015,1
10/25/2015,1
10/25/2015,1
10/25/2015,1
10/25/2015,1
10/25/2015,1
10/25/2015,1
10/25/2015,1
10/25/2015,1
10/25/2015,1
10/25/2015,1
10/25/2015,1
10/25/2015,1
10/25/2015,1
10/25/2015,1
10/25/2015,1
10/25/2015,1
10/25/2015,1
10/25/2015,1
10/25/2015,1
10/25/2015,1
10/25/2015,1
10/25/2015,1
10/25/2015,1
10/25/2015,1
10/25/2015,1
10/25/2015,1
10/25/2015,1
10/25/2015,1
10/25/2015,1
10/25/2015,1
10/25/2015,1
10/25/2015,1
10/25/2015,1
10/25/2015,1
10/25/2015,1
10/25/2015,1
10/25/2015,1
10/25/2015,1
10/25/2015,1
10/25/2015,1
10/25/2015,1
10/25/2015,1
10/25/2015,1
10/25/2015,1
10/25/2015,1
10/25/2015,1
10/25/2015,1
10/25/2015,1
10/25/2015,1
10/25/2015,1
10/25/2015,1
10/25/2015,1
10/25/2015,1
10/25/2015,1
10/25/2015,1
10/25/2015,1
10/25/2015,1
10/25/2015,1
10/25/2015,1
10/25/2015,1
10/25/2015,1
10/25/2015,1
10/25/2015,1
10/25/2015,1
10/25/2015,1
10/25/2015,1
10/25/2015,1
10/25/2015,1
10/25/2015,1
10/25/2015,1
10/25/2015,1
10/25/2015,1
10/25/2015,1
10/25/2015,1
10/25/2015,1
10/25/2015,1
10/25/2015,1
10/25/2015,1
10/25/2015,1
10/25/2015,1
10/25/2015,1
10/25/2015,1
10/25/2015,1
10/25/2015,2
10/25/2015,1
10/25/2015,1
10/25/2015,1
10/25/2015,1
10/25/2015,1
10/25/2015,1
10/25/2015,1
10/25/2015,1
10/25/2015,1
10/25/2015,1
10/25/2015,1
10/25/2015,1
10/25/2015,1
10/25/2015,1
10/25/2015,1
10/25/2015,1
10/25/2015,1
10/25/2015,1
10/25/2015,1
10/25/2015,1
10/25/2015,1
10/25/2015,1
10/25/2015,1
10/25/2015,1
10/25/2015,1
10/25/2015,1
10/26/2015,1
10/26/2015,1
10/26/2015,1
10/26/2015,1
10/26/2015,1
10/26/2015,1
10/26/2015,1
10/26/2015,1
10/26/2015,1
10/26/2015,1
10/26/2015,1
10/26/2015,1
10/26/2015,1
10/26/2015,1
10/26/2015,1
10/26/2015,1
10/26/2015,1
10/26/2015,1
10/26/2015,1
10/26/2015,1
10/26/2015,1
10/26/2015,1
10/26/2015,1
10/26/2015,1
10/26/2015,1
10/26/2015,1
10/26/2015,1
10/26/2015,1
10/26/2015,1
10/26/2015,1
10/26/2015,1
10/26/2015,1
10/26/2015,1
10/26/2015,1
10/26/2015,1
10/26/2015,1
10/26/2015,1
10/26/2015,1
10/26/2015,1
10/26/2015,1
10/26/2015,1
10/26/2015,1
10/26/2015,1
10/26/2015,1
10/26/2015,1
10/26/2015,1
10/26/2015,1
10/26/2015,1
10/26/2015,1
10/26/2015,1
10/26/2015,1
10/26/2015,1
10/26/2015,1
10/26/2015,1
10/26/2015,1
10/26/2015,1
10/26/2015,1
10/26/2015,1
10/26/2015,1
10/26/2015,1
10/26/2015,1
10/26/2015,1
10/26/2015,1
10/26/2015,1
10/26/2015,1
10/26/2015,1
10/26/2015,1
10/26/2015,1
10/26/2015,1
10/26/2015,1
10/26/2015,1
10/26/2015,1
10/26/2015,1
10/26/2015,1
10/26/2015,1
10/26/2015,1
10/26/2015,1
10/26/2015,1
10/26/2015,1
10/26/2015,1
10/26/2015,1
10/26/2015,1
10/26/2015,1
10/26/2015,1
10/26/2015,1
10/26/2015,1
10/26/2015,1
10/26/2015,2
10/26/2015,1
10/26/2015,1
10/26/2015,1
10/26/2015,1
10/26/2015,1
10/26/2015,1
10/26/2015,1
10/26/2015,1
10/27/2015,1
10/27/2015,1
10/27/2015,1
10/27/2015,1
10/27/2015,1
10/27/2015,1
10/27/2015,1
10/27/2015,1
10/27/2015,1
10/27/2015,1
10/27/2015,1
10/27/2015,1
10/27/2015,1
10/27/2015,1
10/27/2015,1
10/27/2015,1
10/27/2015,1
10/27/2015,1
10/27/2015,1
10/27/2015,1
10/27/2015,1
10/27/2015,1
10/27/2015,1
10/27/2015,1
10/27/2015,1
10/27/2015,1
10/27/2015,1
10/27/2015,1
10/27/2015,1
10/27/2015,1
10/27/2015,1
10/27/2015,1
10/27/2015,1
10/27/2015,1
10/27/2015,1
10/27/2015,1
10/27/2015,1
10/27/2015,1
10/27/2015,1
10/27/2015,1
10/27/2015,1
10/27/2015,1
10/27/2015,1
10/27/2015,1
10/27/2015,1
10/27/2015,1
10/27/2015,1
10/27/2015,1
10/27/2015,1
10/27/2015,1
10/27/2015,1
10/27/2015,1
10/27/2015,1
10/27/2015,1
10/27/2015,1
10/27/2015,1
10/27/2015,1
10/27/2015,1
10/27/2015,1
10/27/2015,1
10/27/2015,1
10/27/2015,1
10/27/2015,1
10/27/2015,1
10/27/2015,1
10/27/2015,1
10/27/2015,1
10/27/2015,1
10/27/2015,1
10/27/2015,1
10/27/2015,1
10/27/2015,1
10/27/2015,1
10/27/2015,1
10/27/2015,1
10/27/2015,1
10/27/2015,1
10/27/2015,1
10/27/2015,1
10/27/2015,1
10/27/2015,1
10/27/2015,1
10/27/2015,1
10/27/2015,1
10/27/2015,1
10/27/2015,1
10/27/2015,1
10/27/2015,1
10/27/2015,1
10/27/2015,1
10/27/2015,1
10/27/2015,1
10/27/2015,1
10/27/2015,1
10/27/2015,1
10/27/2015,1
10/27/2015,1
10/27/2015,1
10/27/2015,1
10/27/2015,1
10/27/2015,1
10/27/2015,1
10/27/2015,1
10/27/2015,1
10/27/2015,1
10/27/2015,1
10/27/2015,1
10/28/2015,1
10/28/2015,1
10/28/2015,1
10/28/2015,1
10/28/2015,1
10/28/2015,1
10/28/2015,1
10/28/2015,1
10/28/2015,1
10/28/2015,1
10/28/2015,1
10/28/2015,1
10/28/2015,1
10/28/2015,2
10/28/2015,1
10/28/2015,1
10/28/2015,1
10/28/2015,1
10/28/2015,1
10/28/2015,1
10/28/2015,1
10/28/2015,1
10/28/2015,1
10/28/2015,1
10/28/2015,1
10/28/2015,1
10/28/2015,1
10/28/2015,1
10/28/2015,1
10/28/2015,1
10/28/2015,1
10/28/2015,1
10/28/2015,1
10/28/2015,1
10/28/2015,1
10/28/2015,1
10/28/2015,1
10/28/2015,1
10/28/2015,1
10/28/2015,1
10/28/2015,1
10/28/2015,1
10/28/2015,1
10/28/2015,1
10/28/2015,1
10/28/2015,1
10/28/2015,1
10/28/2015,1
10/28/2015,1
10/28/2015,1
10/28/2015,1
10/28/2015,1
10/28/2015,1
10/28/2015,1
10/28/2015,1
10/28/2015,1
10/28/2015,1
10/28/2015,1
10/28/2015,1
10/28/2015,1
10/28/2015,1
10/28/2015,1
10/28/2015,1
10/28/2015,1
10/28/2015,1
10/28/2015,1
10/28/2015,1
10/28/2015,1
10/28/2015,1
10/28/2015,1
10/28/2015,1
10/28/2015,1
10/28/2015,1
10/28/2015,1
10/28/2015,1
10/28/2015,1
10/28/2015,1
10/28/2015,1
10/28/2015,1
10/28/2015,1
10/28/2015,1
10/28/2015,1
10/28/2015,1
10/28/2015,1
10/28/2015,1
10/28/2015,1
10/28/2015,1
10/28/2015,1
10/28/2015,1
10/28/2015,1
10/28/2015,1
10/28/2015,1
10/28/2015,1
10/28/2015,1
10/28/2015,1
10/28/2015,1
10/28/2015,1
10/28/2015,1
10/28/2015,1
10/28/2015,1
10/28/2015,1
10/28/2015,1
10/28/2015,1
10/29/2015,1
10/29/2015,1
10/29/2015,1
10/29/2015,1
10/29/2015,1
10/29/2015,1
10/29/2015,1
10/29/2015,1
10/29/2015,1
10/29/2015,1
10/29/2015,1
10/29/2015,1
10/29/2015,1
10/29/2015,1
10/29/2015,1
10/29/2015,1
10/29/2015,1
10/29/2015,1
10/29/2015,1
10/29/2015,1
10/29/2015,1
10/29/2015,1
10/29/2015,1
10/29/2015,1
10/29/2015,1
10/29/2015,1
10/29/2015,1
10/29/2015,1
10/29/2015,1
10/29/2015,1
10/29/2015,1
10/29/2015,1
10/29/2015,1
10/29/2015,1
10/29/2015,1
10/29/2015,1
10/29/2015,1
10/29/2015,1
10/29/2015,1
10/29/2015,1
10/29/2015,1
10/29/2015,1
10/29/2015,1
10/29/2015,1
10/29/2015,1
10/29/2015,1
10/29/2015,1
10/29/2015,1
10/29/2015,1
10/29/2015,1
10/29/2015,1
10/29/2015,1
10/29/2015,1
10/29/2015,1
10/29/2015,1
10/29/2015,1
10/29/2015,1
10/29/2015,1
10/29/2015,1
10/29/2015,1
10/29/2015,1
10/29/2015,1
10/29/2015,1
10/29/2015,1
10/29/2015,1
10/29/2015,1
10/29/2015,1
10/29/2015,1
10/29/2015,1
10/29/2015,1
10/29/2015,1
10/29/2015,1
10/29/2015,1
10/29/2015,1
10/29/2015,1
10/29/2015,1
10/29/2015,1
10/29/2015,1
10/29/2015,1
10/29/2015,1
10/29/2015,1
10/29/2015,1
10/29/2015,1
10/29/2015,1
10/29/2015,1
10/29/2015,1
10/29/2015,1
10/29/2015,1
10/29/2015,1
10/29/2015,1
10/29/2015,1
10/29/2015,1
10/29/2015,1
10/29/2015,1
10/29/2015,1
10/29/2015,1
10/29/2015,1
10/29/2015,1
10/29/2015,1
10/29/2015,1
10/29/2015,1
10/29/2015,1
10/29/2015,1
10/29/2015,1
10/30/2015,1
10/30/2015,1
10/30/2015,1
10/30/2015,1
10/30/2015,1
10/30/2015,1
10/30/2015,1
10/30/2015,1
10/30/2015,1
10/30/2015,1
10/30/2015,1
10/30/2015,1
10/30/2015,1
10/30/2015,1
10/30/2015,1
10/30/2015,1
10/30/2015,1
10/30/2015,1
10/30/2015,1
10/30/2015,1
10/30/2015,1
10/30/2015,1
10/30/2015,1
10/30/2015,1
10/30/2015,1
10/30/2015,1
10/30/2015,1
10/30/2015,1
10/30/2015,1
10/30/2015,1
10/30/2015,1
10/30/2015,1
10/30/2015,1
10/30/2015,1
10/30/2015,1
10/30/2015,1
10/30/2015,1
10/30/2015,1
10/30/2015,1
10/30/2015,1
10/30/2015,1
10/30/2015,1
10/30/2015,1
10/30/2015,1
10/30/2015,1
10/30/2015,1
10/30/2015,1
10/30/2015,1
10/30/2015,1
10/30/2015,1
10/30/2015,1
10/30/2015,1
10/30/2015,1
10/30/2015,1
10/30/2015,1
10/30/2015,1
10/30/2015,1
10/30/2015,1
10/30/2015,1
10/30/2015,1
10/30/2015,1
10/30/2015,1
10/30/2015,1
10/30/2015,1
10/30/2015,1
10/30/2015,1
10/30/2015,1
10/30/2015,1
10/30/2015,1
10/30/2015,1
10/30/2015,1
10/30/2015,1
10/30/2015,1
10/30/2015,1
10/30/2015,1
10/30/2015,1
10/30/2015,1
10/30/2015,1
10/30/2015,1
10/30/2015,1
10/30/2015,1
10/30/2015,1
10/30/2015,1
10/30/2015,1
10/30/2015,1
10/30/2015,1
10/30/2015,1
10/30/2015,1
10/30/2015,1
10/30/2015,1
10/30/2015,1
10/30/2015,1
10/30/2015,1
10/30/2015,1
10/30/2015,1
10/30/2015,1
10/30/2015,1
10/30/2015,1
10/30/2015,1
10/30/2015,1
10/30/2015,1
10/30/2015,1
10/30/2015,1
10/30/2015,1
10/30/2015,1
10/31/2015,1
10/31/2015,1
10/31/2015,1
10/31/2015,1
10/31/2015,1
10/31/2015,1
10/31/2015,1
10/31/2015,1
10/31/2015,1
10/31/2015,1
10/31/2015,1
10/31/2015,1
10/31/2015,1
10/31/2015,1
10/31/2015,1
10/31/2015,1
10/31/2015,1
10/31/2015,1
10/31/2015,1
10/31/2015,1
10/31/2015,1
10/31/2015,1
10/31/2015,1
10/31/2015,1
10/31/2015,1
10/31/2015,1
10/31/2015,1
10/31/2015,1
10/31/2015,1
10/31/2015,1
10/31/2015,1
10/31/2015,1
10/31/2015,1
10/31/2015,1
10/31/2015,1
10/31/2015,1
10/31/2015,1
10/31/2015,1
10/31/2015,1
10/31/2015,1
10/31/2015,1
10/31/2015,1
10/31/2015,1
10/31/2015,1
10/31/2015,1
10/31/2015,1
10/31/2015,1
10/31/2015,1
10/31/2015,1
10/31/2015,1
10/31/2015,1
10/31/2015,1
10/31/2015,1
10/31/2015,1
10/31/2015,1
10/31/2015,1
10/31/2015,1
10/31/2015,1
10/31/2015,1
10/31/2015,1
10/31/2015,1
10/31/2015,1
10/31/2015,1
10/31/2015,1
10/31/2015,1
10/31/2015,1
10/31/2015,1
10/31/2015,1
10/31/2015,1
10/31/2015,1
10/31/2015,1
10/31/2015,1
10/31/2015,1
10/31/2015,1
10/31/2015,1
10/31/2015,1
10/31/2015,1
10/31/2015,1
10/31/2015,1
10/31/2015,1
10/31/2015,1
10/31/2015,1
10/31/2015,1
10/31/2015,1
10/31/2015,1
10/31/2015,1
10/31/2015,1
11/01/2015,1
11/01/2015,1
11/01/2015,1
11/01/2015,1
11/01/2015,1
11/01/2015,1
11/01/2015,1
11/01/2015,1
11/01/2015,1
11/01/2015,1
11/01/2015,1
11/01/2015,1
11/01/2015,1
11/01/2015,1
11/01/2015,1
11/01/2015,1
11/01/2015,1
11/01/2015,1
11/01/2015,1
11/01/2015,1
11/01/2015,1
11/01/2015,1
11/01/2015,1
11/01/2015,1
11/01/2015,1
11/01/2015,1
11/01/2015,1
11/01/2015,1
11/01/2015,1
11/01/2015,1
11/01/2015,1
11/01/2015,1
11/01/2015,1
11/01/2015,1
11/01/2015,1
11/01/2015,1
11/01/2015,1
11/01/2015,1
11/01/2015,1
11/01/2015,1
11/01/2015,1
11/01/2015,1
11/01/2015,1
11/01/2015,1
11/01/2015,1
11/01/2015,1
11/01/2015,1
11/01/2015,1
11/01/2015,1
11/01/2015,1
11/01/2015,1
11/01/2015,1
11/01/2015,1
11/01/2015,1
11/01/2015,1
11/01/2015,1
11/01/2015,1
11/01/2015,1
11/01/2015,1
11/01/2015,1
11/01/2015,1
11/01/2015,1
11/01/2015,1
11/01/2015,1
11/01/2015,1
11/01/2015,1
11/01/2015,1
11/01/2015,1
11/01/2015,2
11/01/2015,1
11/01/2015,1
11/01/2015,1
11/01/2015,1
11/01/2015,1
11/01/2015,1
11/01/2015,1
11/01/2015,1
11/01/2015,1
11/01/2015,1
11/01/2015,1
11/01/2015,1
11/01/2015,1
11/01/2015,1
11/01/2015,1
11/01/2015,1
11/01/2015,1
11/01/2015,1
11/01/2015,1
11/01/2015,1
11/01/2015,1
11/01/2015,1
11/01/2015,1
11/01/2015,1
11/01/2015,1
11/01/2015,1
11/01/2015,1
11/01/2015,1
11/01/2015,1
11/01/2015,1
11/01/2015,1
11/01/2015,1
11/01/2015,1
11/01/2015,1
11/01/2015,1
11/01/2015,1
11/01/2015,1
11/01/2015,1
11/01/2015,1
11/01/2015,1
11/01/2015,1
11/01/2015,1
11/01/2015,1
11/01/2015,1
11/01/2015,1
11/01/2015,1
11/01/2015,1
11/01/2015,1
11/01/2015,1
11/01/2015,1
11/02/2015,1
11/02/2015,1
11/02/2015,1
11/02/2015,1
11/02/2015,1
11/02/2015,1
11/02/2015,1
11/02/2015,1
11/02/2015,1
11/02/2015,1
11/02/2015,1
11/02/2015,1
11/02/2015,1
11/02/2015,1
11/02/2015,1
11/02/2015,1
11/02/2015,1
11/02/2015,1
11/02/2015,1
11/02/2015,1
11/02/2015,1
11/02/2015,1
11/02/2015,1
11/02/2015,1
11/02/2015,1
11/02/2015,1
11/02/2015,1
11/02/2015,1
11/02/2015,1
11/02/2015,1
11/02/2015,1
11/02/2015,1
11/02/2015,1
11/02/2015,1
11/02/2015,1
11/02/2015,1
11/02/2015,1
11/02/2015,1
11/02/2015,1
11/02/2015,1
11/02/2015,1
11/02/2015,1
11/02/2015,1
11/02/2015,1
11/02/2015,1
11/02/2015,1
11/02/2015,1
11/02/2015,1
11/02/2015,1
11/02/2015,1
11/02/2015,1
11/02/2015,1
11/02/2015,1
11/02/2015,1
11/02/2015,1
11/02/2015,1
11/02/2015,1
11/02/2015,1
11/02/2015,1
11/02/2015,1
11/02/2015,1
11/02/2015,1
11/02/2015,1
11/02/2015,1
11/02/2015,1
11/02/2015,1
11/02/2015,1
11/02/2015,1
11/02/2015,1
11/02/2015,1
11/02/2015,1
11/02/2015,1
11/02/2015,1
11/02/2015,1
11/02/2015,2
11/02/2015,1
11/02/2015,1
11/02/2015,1
11/02/2015,1
11/02/2015,1
11/02/2015,1
11/02/2015,1
11/02/2015,1
11/03/2015,1
11/03/2015,1
11/03/2015,1
11/03/2015,1
11/03/2015,1
11/03/2015,1
11/03/2015,1
11/03/2015,1
11/03/2015,1
11/03/2015,1
11/03/2015,1
11/03/2015,1
11/03/2015,1
11/03/2015,1
11/03/2015,1
11/03/2015,1
11/03/2015,1
11/03/2015,1
11/03/2015,1
11/03/2015,1
11/03/2015,1
11/03/2015,2
11/03/2015,1
11/03/2015,1
11/03/2015,1
11/03/2015,1
11/03/2015,1
11/03/2015,1
11/03/2015,1
11/03/2015,1
11/03/2015,1
11/03/2015,1
11/03/2015,1
11/03/2015,1
11/03/2015,1
11/03/2015,1
11/03/2015,1
11/03/2015,1
11/03/2015,1
11/03/2015,1
11/03/2015,1
11/03/2015,1
11/03/2015,1
11/03/2015,1
11/03/2015,1
11/03/2015,1
11/03/2015,1
11/03/2015,1
11/03/2015,1
11/03/2015,1
11/03/2015,1
11/03/2015,1
11/03/2015,1
11/03/2015,1
11/03/2015,1
11/03/2015,1
11/03/2015,1
11/03/2015,1
11/03/2015,1
11/03/2015,1
11/03/2015,1
11/03/2015,1
11/03/2015,1
11/03/2015,1
11/03/2015,1
11/03/2015,1
11/03/2015,1
11/03/2015,1
11/03/2015,1
11/03/2015,1
11/03/2015,1
11/03/2015,1
11/03/2015,1
11/03/2015,1
11/03/2015,1
11/03/2015,1
11/03/2015,1
11/03/2015,1
11/03/2015,1
11/03/2015,1
11/03/2015,1
11/03/2015,1
11/03/2015,1
11/03/2015,1
11/03/2015,1
11/03/2015,1
11/03/2015,1
11/03/2015,1
11/03/2015,1
11/03/2015,1
11/03/2015,1
11/03/2015,1
11/03/2015,1
11/03/2015,1
11/03/2015,1
11/04/2015,1
11/04/2015,1
11/04/2015,1
11/04/2015,1
11/04/2015,1
11/04/2015,1
11/04/2015,1
11/04/2015,1
11/04/2015,1
11/04/2015,1
11/04/2015,1
11/04/2015,1
11/04/2015,1
11/04/2015,1
11/04/2015,1
11/04/2015,1
11/04/2015,1
11/04/2015,1
11/04/2015,1
11/04/2015,1
11/04/2015,1
11/04/2015,1
11/04/2015,1
11/04/2015,1
11/04/2015,1
11/04/2015,1
11/04/2015,1
11/04/2015,1
11/04/2015,1
11/04/2015,1
11/04/2015,1
11/04/2015,1
11/04/2015,1
11/04/2015,1
11/04/2015,1
11/04/2015,1
11/04/2015,1
11/04/2015,1
11/04/2015,1
11/04/2015,1
11/04/2015,1
11/04/2015,1
11/04/2015,1
11/04/2015,1
11/04/2015,1
11/04/2015,1
11/04/2015,1
11/04/2015,1
11/04/2015,1
11/04/2015,1
11/04/2015,1
11/04/2015,1
11/04/2015,1
11/04/2015,1
11/04/2015,1
11/04/2015,1
11/04/2015,1
11/04/2015,1
11/04/2015,1
11/04/2015,1
11/04/2015,1
11/04/2015,1
11/04/2015,1
11/04/2015,1
11/04/2015,1
11/04/2015,1
11/04/2015,1
11/04/2015,1
11/04/2015,1
11/04/2015,1
11/04/2015,1
11/04/2015,1
11/04/2015,1
11/04/2015,1
11/04/2015,1
11/04/2015,1
11/04/2015,1
11/04/2015,1
11/04/2015,1
11/04/2015,1
11/04/2015,1
11/04/2015,1
11/04/2015,1
11/04/2015,1
11/04/2015,1
11/04/2015,1
11/04/2015,1
11/04/2015,1
11/04/2015,1
11/04/2015,1
11/04/2015,1
11/04/2015,1
11/04/2015,1
11/04/2015,1
11/05/2015,1
11/05/2015,1
11/05/2015,1
11/05/2015,1
11/05/2015,1
11/05/2015,1
11/05/2015,1
11/05/2015,1
11/05/2015,1
11/05/2015,1
11/05/2015,1
11/05/2015,1
11/05/2015,1
11/05/2015,1
11/05/2015,1
11/05/2015,1
11/05/2015,1
11/05/2015,1
11/05/2015,1
11/05/2015,1
11/05/2015,1
11/05/2015,1
11/05/2015,1
11/05/2015,1
11/05/2015,1
11/05/2015,1
11/05/2015,1
11/05/2015,1
11/05/2015,1
11/05/2015,1
11/05/2015,1
11/05/2015,1
11/05/2015,1
11/05/2015,1
11/05/2015,1
11/05/2015,1
11/05/2015,1
11/05/2015,1
11/05/2015,1
11/05/2015,1
11/05/2015,1
11/05/2015,1
11/05/2015,1
11/05/2015,1
11/05/2015,1
11/05/2015,1
11/05/2015,1
11/05/2015,1
11/05/2015,1
11/05/2015,1
11/05/2015,1
11/05/2015,1
11/05/2015,1
11/05/2015,1
11/05/2015,1
11/05/2015,1
11/05/2015,1
11/05/2015,1
11/05/2015,1
11/05/2015,1
11/05/2015,1
11/05/2015,1
11/05/2015,1
11/05/2015,1
11/05/2015,1
11/05/2015,1
11/05/2015,1
11/05/2015,1
11/05/2015,1
11/05/2015,1
11/05/2015,1
11/05/2015,1
11/05/2015,1
11/05/2015,1
11/05/2015,1
11/05/2015,1
11/05/2015,1
11/05/2015,1
11/06/2015,1
11/06/2015,1
11/06/2015,1
11/06/2015,1
11/06/2015,1
11/06/2015,1
11/06/2015,1
11/06/2015,1
11/06/2015,1
11/06/2015,1
11/06/2015,1
11/06/2015,1
11/06/2015,1
11/06/2015,1
11/06/2015,1
11/06/2015,1
11/06/2015,1
11/06/2015,1
11/06/2015,1
11/06/2015,1
11/06/2015,1
11/06/2015,1
11/06/2015,1
11/06/2015,1
11/06/2015,1
11/06/2015,1
11/06/2015,1
11/06/2015,1
11/06/2015,1
11/06/2015,1
11/06/2015,1
11/06/2015,1
11/06/2015,1
11/06/2015,1
11/06/2015,1
11/06/2015,1
11/06/2015,1
11/06/2015,1
11/06/2015,1
11/06/2015,1
11/06/2015,1
11/06/2015,1
11/06/2015,1
11/06/2015,1
11/06/2015,1
11/06/2015,1
11/06/2015,1
11/06/2015,1
11/06/2015,1
11/06/2015,1
11/06/2015,1
11/06/2015,1
11/06/2015,1
11/06/2015,1
11/06/2015,1
11/06/2015,1
11/06/2015,1
11/06/2015,1
11/06/2015,1
11/06/2015,1
11/06/2015,1
11/06/2015,1
11/06/2015,1
11/06/2015,1
11/06/2015,1
11/06/2015,1
11/06/2015,1
11/06/2015,1
11/06/2015,1
11/06/2015,1
11/06/2015,1
11/06/2015,1
11/06/2015,1
11/06/2015,1
11/06/2015,1
11/06/2015,1
11/06/2015,1
11/06/2015,1
11/06/2015,1
11/06/2015,1
11/06/2015,1
11/06/2015,1
11/06/2015,1
11/06/2015,1
11/06/2015,1
11/06/2015,1
11/06/2015,1
11/06/2015,1
11/06/2015,1
11/06/2015,1
11/06/2015,1
11/06/2015,1
11/06/2015,1
11/06/2015,1
11/06/2015,1
11/06/2015,1
11/06/2015,1
11/06/2015,1
11/06/2015,1
11/06/2015,1
11/06/2015,1
11/06/2015,1
11/06/2015,1
11/06/2015,1
11/06/2015,1
11/06/2015,1
11/06/2015,1
11/06/2015,1
11/06/2015,1
11/06/2015,1
11/06/2015,1
11/06/2015,1
11/06/2015,1
11/06/2015,1
11/06/2015,1
11/06/2015,1
11/06/2015,1
11/06/2015,1
11/06/2015,1
11/06/2015,1
11/06/2015,1
11/06/2015,1
11/06/2015,1
11/06/2015,1
11/06/2015,1
11/06/2015,1
11/06/2015,1
11/06/2015,1
11/06/2015,1
11/06/2015,1
11/06/2015,1
11/06/2015,1
11/06/2015,1
11/07/2015,1
11/07/2015,1
11/07/2015,1
11/07/2015,1
11/07/2015,1
11/07/2015,1
11/07/2015,1
11/07/2015,1
11/07/2015,1
11/07/2015,1
11/07/2015,1
11/07/2015,1
11/07/2015,1
11/07/2015,1
11/07/2015,1
11/07/2015,1
11/07/2015,1
11/07/2015,1
11/07/2015,1
11/07/2015,1
11/07/2015,1
11/07/2015,1
11/07/2015,1
11/07/2015,1
11/07/2015,1
11/07/2015,1
11/07/2015,1
11/07/2015,1
11/07/2015,1
11/07/2015,1
11/07/2015,1
11/07/2015,1
11/07/2015,1
11/07/2015,1
11/07/2015,1
11/07/2015,1
11/07/2015,1
11/07/2015,1
11/07/2015,1
11/07/2015,1
11/07/2015,1
11/07/2015,1
11/07/2015,1
11/07/2015,1
11/07/2015,1
11/07/2015,1
11/07/2015,1
11/07/2015,1
11/07/2015,1
11/07/2015,1
11/07/2015,1
11/07/2015,1
11/07/2015,1
11/07/2015,1
11/07/2015,1
11/07/2015,1
11/07/2015,1
11/07/2015,1
11/07/2015,1
11/07/2015,1
11/07/2015,1
11/07/2015,1
11/07/2015,1
11/07/2015,1
11/07/2015,1
11/07/2015,1
11/07/2015,1
11/07/2015,1
11/07/2015,1
11/07/2015,1
11/07/2015,1
11/07/2015,1
11/07/2015,1
11/07/2015,1
11/07/2015,1
11/07/2015,1
11/07/2015,1
11/07/2015,1
11/07/2015,1
11/07/2015,1
11/07/2015,1
11/07/2015,1
11/07/2015,1
11/07/2015,1
11/07/2015,1
11/07/2015,1
11/07/2015,1
11/07/2015,1
11/07/2015,1
11/07/2015,1
11/07/2015,1
11/07/2015,1
11/07/2015,1
11/07/2015,1
11/07/2015,1
11/07/2015,1
11/07/2015,1
11/07/2015,1
11/07/2015,1
11/07/2015,1
11/07/2015,1
11/07/2015,1
11/07/2015,1
11/07/2015,1
11/07/2015,1
11/07/2015,1
11/07/2015,1
11/07/2015,1
11/07/2015,1
11/07/2015,1
11/07/2015,1
11/07/2015,1
11/07/2015,1
11/07/2015,1
11/07/2015,1
11/07/2015,1
11/07/2015,1
11/07/2015,1
11/08/2015,1
11/08/2015,1
11/08/2015,1
11/08/2015,1
11/08/2015,1
11/08/2015,1
11/08/2015,1
11/08/2015,1
11/08/2015,1
11/08/2015,1
11/08/2015,1
11/08/2015,1
11/08/2015,1
11/08/2015,1
11/08/2015,1
11/08/2015,1
11/08/2015,1
11/08/2015,1
11/08/2015,1
11/08/2015,1
11/08/2015,1
11/08/2015,1
11/08/2015,1
11/08/2015,1
11/08/2015,1
11/08/2015,1
11/08/2015,1
11/08/2015,1
11/08/2015,1
11/08/2015,1
11/08/2015,1
11/08/2015,1
11/08/2015,1
11/08/2015,1
11/08/2015,1
11/08/2015,1
11/08/2015,1
11/08/2015,1
11/08/2015,1
11/08/2015,1
11/08/2015,1
11/08/2015,1
11/08/2015,1
11/08/2015,1
11/08/2015,1
11/08/2015,1
11/08/2015,1
11/08/2015,1
11/08/2015,1
11/08/2015,1
11/08/2015,1
11/08/2015,1
11/08/2015,1
11/08/2015,1
11/08/2015,1
11/08/2015,1
11/08/2015,1
11/08/2015,1
11/08/2015,1
11/08/2015,1
11/08/2015,1
11/08/2015,1
11/08/2015,1
11/08/2015,1
11/08/2015,1
11/08/2015,1
11/08/2015,1
11/08/2015,1
11/08/2015,1
11/08/2015,1
11/08/2015,1
11/08/2015,1
11/08/2015,1
11/08/2015,1
11/08/2015,1
11/08/2015,1
11/08/2015,1
11/08/2015,1
11/09/2015,1
11/09/2015,1
11/09/2015,1
11/09/2015,1
11/09/2015,1
11/09/2015,1
11/09/2015,1
11/09/2015,1
11/09/2015,1
11/09/2015,1
11/09/2015,1
11/09/2015,1
11/09/2015,1
11/09/2015,1
11/09/2015,1
11/09/2015,1
11/09/2015,1
11/09/2015,1
11/09/2015,1
11/09/2015,1
11/09/2015,1
11/09/2015,1
11/09/2015,1
11/09/2015,1
11/09/2015,1
11/09/2015,1
11/09/2015,1
11/09/2015,1
11/09/2015,1
11/09/2015,1
11/09/2015,1
11/09/2015,1
11/09/2015,1
11/09/2015,1
11/09/2015,1
11/09/2015,1
11/09/2015,1
11/09/2015,1
11/09/2015,1
11/09/2015,1
11/09/2015,1
11/09/2015,1
11/09/2015,1
11/09/2015,1
11/09/2015,1
11/09/2015,1
11/09/2015,1
11/09/2015,1
11/09/2015,1
11/09/2015,1
11/09/2015,1
11/09/2015,1
11/09/2015,1
11/09/2015,1
11/09/2015,1
11/09/2015,1
11/09/2015,1
11/09/2015,1
11/09/2015,1
11/09/2015,1
11/09/2015,1
11/09/2015,1
11/09/2015,1
11/09/2015,1
11/09/2015,1
11/09/2015,1
11/09/2015,1
11/09/2015,1
11/09/2015,1
11/09/2015,1
11/09/2015,1
11/09/2015,1
11/09/2015,1
11/09/2015,1
11/09/2015,1
11/09/2015,1
11/09/2015,1
11/09/2015,1
11/09/2015,1
11/09/2015,1
11/09/2015,1
11/09/2015,1
11/09/2015,1
11/09/2015,1
11/09/2015,1
11/09/2015,1
11/09/2015,1
11/09/2015,1
11/09/2015,1
11/09/2015,1
11/09/2015,1
11/09/2015,1
11/09/2015,2
11/09/2015,1
11/09/2015,1
11/09/2015,1
11/09/2015,1
11/09/2015,1
11/09/2015,1
11/09/2015,1
11/09/2015,1
11/09/2015,1
11/09/2015,1
11/09/2015,1
11/10/2015,1
11/10/2015,1
11/10/2015,1
11/10/2015,1
11/10/2015,1
11/10/2015,1
11/10/2015,1
11/10/2015,1
11/10/2015,1
11/10/2015,1
11/10/2015,1
11/10/2015,1
11/10/2015,1
11/10/2015,2
11/10/2015,1
11/10/2015,1
11/10/2015,1
11/10/2015,1
11/10/2015,1
11/10/2015,1
11/10/2015,1
11/10/2015,1
11/10/2015,1
11/10/2015,1
11/10/2015,1
11/10/2015,1
11/10/2015,1
11/10/2015,1
11/10/2015,1
11/10/2015,1
11/10/2015,1
11/10/2015,1
11/10/2015,1
11/10/2015,1
11/10/2015,1
11/10/2015,1
11/10/2015,1
11/10/2015,1
11/10/2015,2
11/10/2015,1
11/10/2015,1
11/10/2015,1
11/10/2015,1
11/10/2015,1
11/10/2015,1
11/10/2015,1
11/10/2015,1
11/10/2015,1
11/10/2015,1
11/10/2015,1
11/10/2015,1
11/10/2015,1
11/10/2015,1
11/10/2015,1
11/10/2015,1
11/10/2015,1
11/10/2015,1
11/10/2015,1
11/10/2015,1
11/10/2015,1
11/10/2015,1
11/10/2015,1
11/10/2015,1
11/10/2015,1
11/10/2015,1
11/10/2015,1
11/10/2015,1
11/10/2015,1
11/10/2015,1
11/10/2015,1
11/10/2015,1
11/10/2015,1
11/10/2015,1
11/10/2015,2
11/10/2015,1
11/10/2015,1
11/10/2015,1
11/10/2015,1
11/10/2015,1
11/10/2015,1
11/10/2015,1
11/10/2015,1
11/10/2015,1
11/10/2015,1
11/10/2015,1
11/10/2015,1
11/10/2015,1
11/10/2015,1
11/10/2015,1
11/10/2015,1
11/10/2015,1
11/10/2015,1
11/10/2015,1
11/10/2015,1
11/10/2015,1
11/10/2015,1
11/10/2015,1
11/10/2015,1
11/10/2015,1
11/10/2015,1
11/10/2015,1
11/11/2015,1
11/11/2015,1
11/11/2015,1
11/11/2015,1
11/11/2015,1
11/11/2015,1
11/11/2015,1
11/11/2015,1
11/11/2015,1
11/11/2015,1
11/11/2015,1
11/11/2015,1
11/11/2015,1
11/11/2015,1
11/11/2015,1
11/11/2015,1
11/11/2015,1
11/11/2015,1
11/11/2015,1
11/11/2015,1
11/11/2015,1
11/11/2015,1
11/11/2015,1
11/11/2015,1
11/11/2015,1
11/11/2015,1
11/11/2015,1
11/11/2015,1
11/11/2015,1
11/11/2015,1
11/11/2015,1
11/11/2015,1
11/11/2015,1
11/11/2015,1
11/11/2015,1
11/11/2015,1
11/11/2015,1
11/11/2015,1
11/11/2015,1
11/11/2015,1
11/11/2015,1
11/11/2015,1
11/11/2015,1
11/11/2015,1
11/11/2015,1
11/11/2015,1
11/11/2015,1
11/11/2015,1
11/11/2015,1
11/11/2015,1
11/11/2015,1
11/11/2015,1
11/11/2015,1
11/11/2015,1
11/11/2015,1
11/11/2015,1
11/11/2015,1
11/11/2015,1
11/11/2015,1
11/11/2015,1
11/11/2015,1
11/11/2015,1
11/11/2015,1
11/11/2015,1
11/11/2015,1
11/11/2015,1
11/11/2015,1
11/11/2015,1
11/11/2015,1
11/11/2015,1
11/11/2015,1
11/11/2015,1
11/11/2015,1
11/11/2015,1
11/11/2015,1
11/11/2015,1
11/11/2015,1
11/11/2015,1
11/11/2015,1
11/11/2015,1
11/11/2015,1
11/11/2015,1
11/11/2015,1
11/11/2015,1
11/11/2015,1
11/11/2015,1
11/11/2015,1
11/11/2015,1
11/11/2015,1
11/11/2015,1
11/11/2015,1
11/11/2015,1
11/11/2015,1
11/11/2015,2
11/11/2015,1
11/11/2015,1
11/11/2015,1
11/11/2015,1
11/12/2015,1
11/12/2015,1
11/12/2015,1
11/12/2015,1
11/12/2015,1
11/12/2015,1
11/12/2015,1
11/12/2015,1
11/12/2015,1
11/12/2015,1
11/12/2015,1
11/12/2015,1
11/12/2015,1
11/12/2015,1
11/12/2015,1
11/12/2015,1
11/12/2015,1
11/12/2015,1
11/12/2015,1
11/12/2015,1
11/12/2015,1
11/12/2015,1
11/12/2015,1
11/12/2015,1
11/12/2015,1
11/12/2015,1
11/12/2015,1
11/12/2015,1
11/12/2015,1
11/12/2015,1
11/12/2015,1
11/12/2015,1
11/12/2015,1
11/12/2015,1
11/12/2015,1
11/12/2015,1
11/12/2015,1
11/12/2015,1
11/12/2015,1
11/12/2015,1
11/12/2015,1
11/12/2015,1
11/12/2015,2
11/12/2015,1
11/12/2015,1
11/12/2015,1
11/12/2015,1
11/12/2015,1
11/12/2015,1
11/12/2015,1
11/12/2015,1
11/12/2015,1
11/12/2015,1
11/12/2015,1
11/12/2015,1
11/12/2015,1
11/12/2015,1
11/12/2015,1
11/12/2015,1
11/12/2015,1
11/12/2015,1
11/12/2015,1
11/12/2015,1
11/12/2015,1
11/12/2015,1
11/12/2015,1
11/12/2015,1
11/12/2015,1
11/12/2015,1
11/12/2015,1
11/12/2015,1
11/12/2015,1
11/12/2015,1
11/12/2015,1
11/12/2015,1
11/12/2015,1
11/12/2015,1
11/12/2015,1
11/12/2015,1
11/12/2015,1
11/12/2015,1
11/12/2015,1
11/12/2015,1
11/12/2015,1
11/12/2015,1
11/12/2015,1
11/12/2015,1
11/12/2015,1
11/12/2015,1
11/12/2015,1
11/12/2015,1
11/12/2015,1
11/12/2015,1
11/12/2015,1
11/12/2015,1
11/12/2015,1
11/12/2015,1
11/12/2015,1
11/12/2015,1
11/12/2015,1
11/12/2015,1
11/12/2015,1
11/12/2015,1
11/12/2015,1
11/12/2015,1
11/12/2015,1
11/12/2015,1
11/13/2015,1
11/13/2015,1
11/13/2015,1
11/13/2015,1
11/13/2015,1
11/13/2015,1
11/13/2015,1
11/13/2015,1
11/13/2015,1
11/13/2015,1
11/13/2015,1
11/13/2015,1
11/13/2015,1
11/13/2015,1
11/13/2015,1
11/13/2015,1
11/13/2015,1
11/13/2015,1
11/13/2015,1
11/13/2015,1
11/13/2015,1
11/13/2015,1
11/13/2015,1
11/13/2015,1
11/13/2015,1
11/13/2015,1
11/13/2015,1
11/13/2015,1
11/13/2015,1
11/13/2015,1
11/13/2015,1
11/13/2015,1
11/13/2015,1
11/13/2015,1
11/13/2015,1
11/13/2015,1
11/13/2015,1
11/13/2015,1
11/13/2015,1
11/13/2015,1
11/13/2015,1
11/13/2015,1
11/13/2015,1
11/13/2015,1
11/13/2015,1
11/13/2015,1
11/13/2015,1
11/13/2015,1
11/13/2015,1
11/13/2015,1
11/13/2015,1
11/13/2015,1
11/13/2015,1
11/13/2015,1
11/13/2015,1
11/13/2015,1
11/13/2015,1
11/13/2015,1
11/13/2015,1
11/13/2015,1
11/13/2015,1
11/13/2015,1
11/13/2015,1
11/13/2015,1
11/13/2015,1
11/13/2015,1
11/13/2015,1
11/13/2015,1
11/13/2015,1
11/13/2015,1
11/13/2015,1
11/13/2015,1
11/13/2015,1
11/13/2015,1
11/13/2015,1
11/13/2015,1
11/13/2015,1
11/13/2015,1
11/13/2015,1
11/13/2015,1
11/13/2015,1
11/13/2015,1
11/13/2015,1
11/13/2015,1
11/13/2015,1
11/13/2015,1
11/13/2015,1
11/13/2015,1
11/13/2015,1
11/13/2015,1
11/13/2015,1
11/13/2015,1
11/13/2015,1
11/13/2015,1
11/13/2015,1
11/13/2015,1
11/13/2015,1
11/13/2015,1
11/13/2015,1
11/13/2015,1
11/13/2015,1
11/13/2015,1
11/13/2015,1
11/13/2015,1
11/13/2015,1
11/13/2015,1
11/13/2015,1
11/13/2015,1
11/13/2015,1
11/13/2015,1
11/13/2015,1
11/13/2015,1
11/13/2015,1
11/13/2015,1
11/13/2015,1
11/13/2015,1
11/13/2015,1
11/13/2015,1
11/13/2015,1
11/13/2015,1
11/13/2015,1
11/13/2015,1
11/13/2015,1
11/13/2015,1
11/13/2015,1
11/13/2015,1
11/13/2015,1
11/13/2015,1
11/13/2015,1
11/13/2015,1
11/13/2015,1
11/14/2015,1
11/14/2015,1
11/14/2015,1
11/14/2015,1
11/14/2015,1
11/14/2015,1
11/14/2015,1
11/14/2015,1
11/14/2015,1
11/14/2015,1
11/14/2015,1
11/14/2015,1
11/14/2015,1
11/14/2015,1
11/14/2015,1
11/14/2015,1
11/14/2015,1
11/14/2015,1
11/14/2015,1
11/14/2015,1
11/14/2015,1
11/14/2015,1
11/14/2015,1
11/14/2015,1
11/14/2015,1
11/14/2015,1
11/14/2015,1
11/14/2015,1
11/14/2015,1
11/14/2015,1
11/14/2015,1
11/14/2015,1
11/14/2015,1
11/14/2015,1
11/14/2015,1
11/14/2015,1
11/14/2015,1
11/14/2015,1
11/14/2015,1
11/14/2015,1
11/14/2015,1
11/14/2015,1
11/14/2015,1
11/14/2015,1
11/14/2015,1
11/14/2015,1
11/14/2015,1
11/14/2015,1
11/14/2015,1
11/14/2015,1
11/14/2015,1
11/14/2015,1
11/14/2015,1
11/14/2015,1
11/14/2015,1
11/14/2015,1
11/14/2015,1
11/14/2015,1
11/14/2015,1
11/14/2015,1
11/14/2015,1
11/14/2015,1
11/14/2015,1
11/14/2015,1
11/14/2015,1
11/14/2015,1
11/14/2015,1
11/14/2015,1
11/14/2015,1
11/14/2015,1
11/14/2015,1
11/14/2015,1
11/14/2015,1
11/14/2015,1
11/14/2015,1
11/14/2015,1
11/14/2015,1
11/14/2015,1
11/14/2015,1
11/14/2015,1
11/14/2015,1
11/14/2015,1
11/14/2015,1
11/14/2015,1
11/14/2015,1
11/14/2015,1
11/14/2015,1
11/14/2015,1
11/14/2015,1
11/14/2015,1
11/14/2015,1
11/14/2015,1
11/14/2015,1
11/14/2015,1
11/14/2015,1
11/14/2015,1
11/14/2015,1
11/15/2015,1
11/15/2015,1
11/15/2015,1
11/15/2015,1
11/15/2015,1
11/15/2015,1
11/15/2015,1
11/15/2015,1
11/15/2015,1
11/15/2015,1
11/15/2015,1
11/15/2015,1
11/15/2015,1
11/15/2015,1
11/15/2015,1
11/15/2015,1
11/15/2015,1
11/15/2015,1
11/15/2015,1
11/15/2015,1
11/15/2015,1
11/15/2015,1
11/15/2015,1
11/15/2015,1
11/15/2015,1
11/15/2015,1
11/15/2015,1
11/15/2015,1
11/15/2015,1
11/15/2015,1
11/15/2015,1
11/15/2015,1
11/15/2015,1
11/15/2015,1
11/15/2015,1
11/15/2015,1
11/15/2015,1
11/15/2015,1
11/15/2015,1
11/15/2015,1
11/15/2015,1
11/15/2015,1
11/15/2015,1
11/15/2015,1
11/15/2015,1
11/15/2015,1
11/15/2015,1
11/15/2015,1
11/15/2015,1
11/15/2015,1
11/15/2015,1
11/15/2015,1
11/15/2015,1
11/15/2015,1
11/15/2015,1
11/15/2015,1
11/15/2015,1
11/15/2015,1
11/15/2015,1
11/15/2015,1
11/15/2015,1
11/15/2015,1
11/15/2015,1
11/15/2015,1
11/15/2015,1
11/15/2015,1
11/15/2015,1
11/15/2015,1
11/15/2015,1
11/15/2015,1
11/15/2015,1
11/15/2015,1
11/15/2015,1
11/15/2015,1
11/15/2015,1
11/15/2015,1
11/15/2015,1
11/15/2015,1
11/15/2015,1
11/15/2015,1
11/15/2015,1
11/15/2015,1
11/15/2015,1
11/15/2015,1
11/15/2015,1
11/15/2015,1
11/15/2015,1
11/15/2015,1
11/15/2015,1
11/15/2015,1
11/15/2015,1
11/15/2015,1
11/16/2015,1
11/16/2015,1
11/16/2015,1
11/16/2015,1
11/16/2015,1
11/16/2015,1
11/16/2015,1
11/16/2015,1
11/16/2015,1
11/16/2015,1
11/16/2015,1
11/16/2015,1
11/16/2015,1
11/16/2015,1
11/16/2015,1
11/16/2015,1
11/16/2015,1
11/16/2015,1
11/16/2015,1
11/16/2015,1
11/16/2015,1
11/16/2015,1
11/16/2015,1
11/16/2015,1
11/16/2015,1
11/16/2015,1
11/16/2015,1
11/16/2015,1
11/16/2015,1
11/16/2015,1
11/16/2015,1
11/16/2015,1
11/16/2015,1
11/16/2015,1
11/16/2015,1
11/16/2015,1
11/16/2015,1
11/16/2015,1
11/16/2015,1
11/16/2015,1
11/16/2015,1
11/16/2015,1
11/16/2015,1
11/16/2015,1
11/16/2015,1
11/16/2015,1
11/16/2015,1
11/16/2015,1
11/16/2015,1
11/16/2015,1
11/16/2015,1
11/16/2015,1
11/16/2015,1
11/16/2015,1
11/16/2015,1
11/16/2015,1
11/16/2015,1
11/16/2015,1
11/16/2015,1
11/16/2015,1
11/16/2015,1
11/16/2015,1
11/16/2015,1
11/16/2015,1
11/16/2015,1
11/16/2015,1
11/16/2015,1
11/16/2015,1
11/16/2015,1
11/16/2015,1
11/16/2015,1
11/16/2015,1
11/16/2015,1
11/16/2015,1
11/16/2015,1
11/16/2015,1
11/16/2015,1
11/16/2015,1
11/16/2015,1
11/16/2015,1
11/16/2015,1
11/16/2015,1
11/16/2015,1
11/16/2015,1
11/16/2015,1
11/16/2015,1
11/16/2015,1
11/16/2015,1
11/16/2015,1
11/16/2015,1
11/16/2015,1
11/16/2015,1
11/16/2015,1
11/16/2015,1
11/16/2015,1
11/16/2015,1
11/16/2015,1
11/16/2015,1
11/16/2015,1
11/16/2015,1
11/16/2015,1
11/16/2015,1
11/17/2015,1
11/17/2015,1
11/17/2015,1
11/17/2015,1
11/17/2015,1
11/17/2015,1
11/17/2015,1
11/17/2015,1
11/17/2015,1
11/17/2015,1
11/17/2015,1
11/17/2015,1
11/17/2015,1
11/17/2015,1
11/17/2015,1
11/17/2015,1
11/17/2015,1
11/17/2015,1
11/17/2015,1
11/17/2015,1
11/17/2015,1
11/17/2015,1
11/17/2015,1
11/17/2015,1
11/17/2015,1
11/17/2015,1
11/17/2015,1
11/17/2015,1
11/17/2015,1
11/17/2015,1
11/17/2015,1
11/17/2015,1
11/17/2015,1
11/17/2015,1
11/17/2015,1
11/17/2015,1
11/17/2015,1
11/17/2015,1
11/17/2015,1
11/17/2015,1
11/17/2015,2
11/17/2015,1
11/17/2015,1
11/17/2015,1
11/17/2015,1
11/17/2015,1
11/17/2015,1
11/17/2015,1
11/17/2015,1
11/17/2015,1
11/17/2015,1
11/17/2015,1
11/17/2015,1
11/17/2015,1
11/17/2015,1
11/17/2015,1
11/17/2015,1
11/17/2015,1
11/17/2015,1
11/17/2015,1
11/17/2015,1
11/17/2015,1
11/17/2015,1
11/17/2015,1
11/17/2015,1
11/17/2015,1
11/17/2015,1
11/17/2015,1
11/17/2015,1
11/17/2015,1
11/17/2015,1
11/17/2015,1
11/17/2015,1
11/17/2015,1
11/17/2015,1
11/17/2015,1
11/17/2015,1
11/17/2015,1
11/17/2015,1
11/17/2015,1
11/17/2015,1
11/17/2015,1
11/17/2015,1
11/17/2015,1
11/17/2015,1
11/17/2015,1
11/17/2015,1
11/17/2015,1
11/17/2015,1
11/17/2015,1
11/17/2015,1
11/17/2015,1
11/17/2015,1
11/18/2015,1
11/18/2015,1
11/18/2015,1
11/18/2015,1
11/18/2015,1
11/18/2015,1
11/18/2015,1
11/18/2015,1
11/18/2015,1
11/18/2015,1
11/18/2015,1
11/18/2015,1
11/18/2015,1
11/18/2015,1
11/18/2015,1
11/18/2015,1
11/18/2015,1
11/18/2015,1
11/18/2015,1
11/18/2015,1
11/18/2015,1
11/18/2015,1
11/18/2015,1
11/18/2015,1
11/18/2015,1
11/18/2015,1
11/18/2015,1
11/18/2015,1
11/18/2015,1
11/18/2015,1
11/18/2015,1
11/18/2015,1
11/18/2015,1
11/18/2015,1
11/18/2015,1
11/18/2015,1
11/18/2015,1
11/18/2015,1
11/18/2015,1
11/18/2015,1
11/18/2015,1
11/18/2015,1
11/18/2015,1
11/18/2015,1
11/18/2015,1
11/18/2015,1
11/18/2015,1
11/18/2015,1
11/18/2015,1
11/18/2015,1
11/18/2015,1
11/18/2015,1
11/18/2015,1
11/18/2015,1
11/18/2015,1
11/18/2015,1
11/18/2015,1
11/18/2015,1
11/18/2015,1
11/18/2015,1
11/18/2015,1
11/18/2015,1
11/18/2015,1
11/18/2015,1
11/18/2015,1
11/18/2015,1
11/18/2015,1
11/18/2015,1
11/18/2015,1
11/18/2015,1
11/18/2015,1
11/18/2015,1
11/18/2015,1
11/18/2015,1
11/18/2015,1
11/18/2015,1
11/18/2015,1
11/18/2015,1
11/18/2015,1
11/18/2015,1
11/18/2015,1
11/18/2015,1
11/18/2015,1
11/18/2015,1
11/18/2015,1
11/18/2015,1
11/18/2015,1
11/18/2015,1
11/18/2015,1
11/18/2015,1
11/18/2015,1
11/18/2015,1
11/18/2015,1
11/18/2015,1
11/18/2015,1
11/18/2015,1
11/18/2015,1
11/18/2015,1
11/18/2015,1
11/18/2015,1
11/18/2015,1
11/18/2015,1
11/18/2015,1
11/18/2015,1
11/18/2015,1
11/18/2015,1
11/18/2015,1
11/18/2015,1
11/18/2015,1
11/18/2015,1
11/18/2015,1
11/18/2015,1
11/18/2015,1
11/18/2015,1
11/18/2015,1
11/18/2015,1
11/18/2015,1
11/18/2015,1
11/18/2015,1
11/18/2015,1
11/18/2015,1
11/19/2015,1
11/19/2015,1
11/19/2015,1
11/19/2015,1
11/19/2015,1
11/19/2015,1
11/19/2015,1
11/19/2015,1
11/19/2015,1
11/19/2015,1
11/19/2015,1
11/19/2015,1
11/19/2015,1
11/19/2015,1
11/19/2015,1
11/19/2015,1
11/19/2015,1
11/19/2015,1
11/19/2015,1
11/19/2015,1
11/19/2015,1
11/19/2015,1
11/19/2015,1
11/19/2015,1
11/19/2015,1
11/19/2015,1
11/19/2015,1
11/19/2015,1
11/19/2015,1
11/19/2015,1
11/19/2015,1
11/19/2015,1
11/19/2015,1
11/19/2015,1
11/19/2015,1
11/19/2015,1
11/19/2015,1
11/19/2015,1
11/19/2015,1
11/19/2015,1
11/19/2015,1
11/19/2015,1
11/19/2015,1
11/19/2015,1
11/19/2015,1
11/19/2015,1
11/19/2015,1
11/19/2015,1
11/19/2015,1
11/19/2015,1
11/19/2015,1
11/19/2015,1
11/19/2015,1
11/19/2015,1
11/19/2015,1
11/19/2015,1
11/19/2015,1
11/19/2015,1
11/19/2015,1
11/19/2015,1
11/19/2015,1
11/19/2015,1
11/19/2015,1
11/19/2015,1
11/19/2015,1
11/19/2015,1
11/19/2015,1
11/19/2015,1
11/19/2015,1
11/19/2015,1
11/19/2015,1
11/19/2015,1
11/19/2015,1
11/19/2015,1
11/19/2015,1
11/19/2015,1
11/19/2015,1
11/19/2015,1
11/19/2015,1
11/19/2015,1
11/19/2015,1
11/19/2015,1
11/19/2015,1
11/19/2015,1
11/20/2015,1
11/20/2015,1
11/20/2015,1
11/20/2015,1
11/20/2015,1
11/20/2015,1
11/20/2015,1
11/20/2015,1
11/20/2015,1
11/20/2015,1
11/20/2015,1
11/20/2015,1
11/20/2015,1
11/20/2015,1
11/20/2015,1
11/20/2015,1
11/20/2015,1
11/20/2015,1
11/20/2015,1
11/20/2015,1
11/20/2015,1
11/20/2015,1
11/20/2015,1
11/20/2015,1
11/20/2015,1
11/20/2015,1
11/20/2015,1
11/20/2015,1
11/20/2015,1
11/20/2015,1
11/20/2015,1
11/20/2015,1
11/20/2015,1
11/20/2015,1
11/20/2015,1
11/20/2015,1
11/20/2015,1
11/20/2015,1
11/20/2015,1
11/20/2015,1
11/20/2015,1
11/20/2015,1
11/20/2015,1
11/20/2015,1
11/20/2015,1
11/20/2015,1
11/20/2015,1
11/20/2015,1
11/20/2015,1
11/20/2015,1
11/20/2015,1
11/20/2015,1
11/20/2015,1
11/20/2015,1
11/20/2015,1
11/20/2015,1
11/20/2015,1
11/20/2015,1
11/20/2015,1
11/20/2015,1
11/20/2015,1
11/20/2015,1
11/20/2015,1
11/20/2015,1
11/20/2015,1
11/20/2015,1
11/20/2015,1
11/20/2015,1
11/20/2015,2
11/20/2015,1
11/20/2015,1
11/20/2015,1
11/20/2015,1
11/20/2015,1
11/20/2015,1
11/20/2015,1
11/20/2015,1
11/20/2015,1
11/20/2015,1
11/20/2015,1
11/20/2015,1
11/20/2015,1
11/20/2015,1
11/20/2015,1
11/20/2015,1
11/20/2015,1
11/20/2015,1
11/20/2015,1
11/20/2015,1
11/20/2015,1
11/20/2015,1
11/20/2015,1
11/20/2015,1
11/20/2015,1
11/20/2015,1
11/20/2015,1
11/20/2015,1
11/20/2015,1
11/20/2015,1
11/20/2015,1
11/20/2015,1
11/20/2015,1
11/20/2015,1
11/20/2015,1
11/20/2015,1
11/20/2015,1
11/20/2015,1
11/20/2015,1
11/20/2015,1
11/20/2015,2
11/20/2015,1
11/20/2015,1
11/20/2015,1
11/20/2015,1
11/20/2015,1
11/20/2015,1
11/20/2015,1
11/20/2015,1
11/20/2015,1
11/20/2015,1
11/20/2015,1
11/20/2015,1
11/21/2015,1
11/21/2015,1
11/21/2015,1
11/21/2015,1
11/21/2015,1
11/21/2015,1
11/21/2015,1
11/21/2015,1
11/21/2015,1
11/21/2015,1
11/21/2015,1
11/21/2015,1
11/21/2015,1
11/21/2015,1
11/21/2015,1
11/21/2015,1
11/21/2015,1
11/21/2015,1
11/21/2015,1
11/21/2015,1
11/21/2015,1
11/21/2015,1
11/21/2015,1
11/21/2015,1
11/21/2015,1
11/21/2015,1
11/21/2015,1
11/21/2015,1
11/21/2015,1
11/21/2015,1
11/21/2015,1
11/21/2015,1
11/21/2015,1
11/21/2015,1
11/21/2015,1
11/21/2015,1
11/21/2015,1
11/21/2015,1
11/21/2015,1
11/21/2015,1
11/21/2015,1
11/21/2015,1
11/21/2015,1
11/21/2015,1
11/21/2015,1
11/21/2015,1
11/21/2015,1
11/21/2015,1
11/21/2015,1
11/21/2015,1
11/21/2015,1
11/21/2015,1
11/21/2015,1
11/21/2015,1
11/21/2015,1
11/21/2015,1
11/21/2015,1
11/21/2015,1
11/21/2015,1
11/21/2015,1
11/21/2015,1
11/21/2015,1
11/21/2015,1
11/21/2015,1
11/21/2015,1
11/21/2015,1
11/21/2015,1
11/21/2015,1
11/21/2015,1
11/21/2015,1
11/21/2015,1
11/21/2015,1
11/21/2015,1
11/21/2015,1
11/21/2015,1
11/21/2015,1
11/21/2015,1
11/21/2015,1
11/21/2015,1
11/21/2015,1
11/21/2015,1
11/21/2015,1
11/21/2015,1
11/21/2015,1
11/21/2015,1
11/21/2015,1
11/21/2015,1
11/21/2015,1
11/21/2015,1
11/21/2015,1
11/21/2015,1
11/21/2015,1
11/21/2015,1
11/21/2015,1
11/21/2015,1
11/21/2015,1
11/21/2015,1
11/21/2015,1
11/21/2015,1
11/21/2015,1
11/21/2015,1
11/21/2015,1
11/21/2015,1
11/21/2015,1
11/21/2015,1
11/21/2015,1
11/21/2015,1
11/21/2015,1
11/21/2015,1
11/21/2015,1
11/21/2015,1
11/21/2015,1
11/21/2015,1
11/21/2015,1
11/21/2015,1
11/21/2015,1
11/21/2015,1
11/21/2015,1
11/21/2015,1
11/21/2015,1
11/21/2015,1
11/21/2015,1
11/21/2015,1
11/21/2015,1
11/21/2015,1
11/21/2015,1
11/21/2015,1
11/21/2015,1
11/21/2015,1
11/21/2015,1
11/21/2015,1
11/21/2015,1
11/21/2015,1
11/21/2015,1
11/21/2015,1
11/21/2015,1
11/21/2015,1
11/21/2015,1
11/21/2015,1
11/22/2015,1
11/22/2015,1
11/22/2015,1
11/22/2015,1
11/22/2015,1
11/22/2015,1
11/22/2015,1
11/22/2015,1
11/22/2015,1
11/22/2015,1
11/22/2015,1
11/22/2015,1
11/22/2015,1
11/22/2015,1
11/22/2015,1
11/22/2015,1
11/22/2015,1
11/22/2015,1
11/22/2015,1
11/22/2015,1
11/22/2015,1
11/22/2015,1
11/22/2015,1
11/22/2015,1
11/22/2015,1
11/22/2015,1
11/22/2015,1
11/22/2015,1
11/22/2015,1
11/22/2015,1
11/22/2015,1
11/22/2015,1
11/22/2015,1
11/22/2015,1
11/22/2015,1
11/22/2015,1
11/22/2015,1
11/22/2015,1
11/22/2015,1
11/22/2015,1
11/22/2015,1
11/22/2015,1
11/22/2015,1
11/22/2015,1
11/22/2015,1
11/22/2015,1
11/22/2015,1
11/22/2015,1
11/22/2015,1
11/22/2015,1
11/22/2015,1
11/22/2015,1
11/22/2015,1
11/22/2015,1
11/22/2015,1
11/22/2015,1
11/22/2015,1
11/22/2015,1
11/22/2015,1
11/22/2015,1
11/22/2015,1
11/22/2015,1
11/22/2015,1
11/22/2015,1
11/22/2015,1
11/22/2015,1
11/22/2015,1
11/22/2015,1
11/22/2015,1
11/22/2015,1
11/22/2015,1
11/22/2015,1
11/22/2015,1
11/22/2015,1
11/22/2015,1
11/22/2015,1
11/22/2015,1
11/22/2015,1
11/22/2015,1
11/22/2015,1
11/22/2015,1
11/22/2015,1
11/22/2015,1
11/22/2015,1
11/22/2015,1
11/22/2015,1
11/22/2015,1
11/22/2015,1
11/22/2015,1
11/22/2015,1
11/22/2015,1
11/22/2015,1
11/22/2015,1
11/22/2015,1
11/22/2015,1
11/22/2015,1
11/22/2015,1
11/22/2015,1
11/22/2015,1
11/22/2015,1
11/22/2015,1
11/22/2015,1
11/22/2015,1
11/22/2015,1
11/22/2015,1
11/23/2015,1
11/23/2015,1
11/23/2015,1
11/23/2015,1
11/23/2015,1
11/23/2015,1
11/23/2015,1
11/23/2015,1
11/23/2015,1
11/23/2015,1
11/23/2015,1
11/23/2015,1
11/23/2015,1
11/23/2015,1
11/23/2015,1
11/23/2015,1
11/23/2015,1
11/23/2015,1
11/23/2015,1
11/23/2015,1
11/23/2015,1
11/23/2015,1
11/23/2015,1
11/23/2015,1
11/23/2015,1
11/23/2015,1
11/23/2015,1
11/23/2015,1
11/23/2015,1
11/23/2015,1
11/23/2015,1
11/23/2015,1
11/23/2015,1
11/23/2015,1
11/23/2015,1
11/23/2015,1
11/23/2015,1
11/23/2015,1
11/23/2015,1
11/23/2015,1
11/23/2015,1
11/23/2015,1
11/23/2015,1
11/23/2015,1
11/23/2015,1
11/23/2015,1
11/23/2015,1
11/23/2015,1
11/23/2015,1
11/23/2015,1
11/23/2015,1
11/23/2015,1
11/23/2015,1
11/23/2015,1
11/23/2015,1
11/23/2015,1
11/23/2015,1
11/23/2015,1
11/23/2015,1
11/23/2015,1
11/23/2015,1
11/23/2015,1
11/23/2015,1
11/23/2015,1
11/23/2015,1
11/23/2015,1
11/23/2015,1
11/23/2015,1
11/23/2015,1
11/23/2015,1
11/23/2015,1
11/23/2015,1
11/23/2015,1
11/23/2015,1
11/23/2015,1
11/23/2015,1
11/23/2015,1
11/23/2015,1
11/24/2015,1
11/24/2015,1
11/24/2015,1
11/24/2015,1
11/24/2015,1
11/24/2015,1
11/24/2015,1
11/24/2015,1
11/24/2015,1
11/24/2015,1
11/24/2015,1
11/24/2015,1
11/24/2015,1
11/24/2015,1
11/24/2015,1
11/24/2015,1
11/24/2015,1
11/24/2015,1
11/24/2015,1
11/24/2015,1
11/24/2015,1
11/24/2015,1
11/24/2015,1
11/24/2015,1
11/24/2015,1
11/24/2015,1
11/24/2015,1
11/24/2015,1
11/24/2015,1
11/24/2015,1
11/24/2015,1
11/24/2015,1
11/24/2015,1
11/24/2015,1
11/24/2015,1
11/24/2015,2
11/24/2015,1
11/24/2015,1
11/24/2015,1
11/24/2015,1
11/24/2015,1
11/24/2015,1
11/24/2015,1
11/24/2015,1
11/24/2015,1
11/24/2015,1
11/24/2015,1
11/24/2015,1
11/24/2015,1
11/24/2015,1
11/24/2015,1
11/24/2015,1
11/24/2015,1
11/24/2015,1
11/24/2015,1
11/24/2015,1
11/24/2015,1
11/24/2015,1
11/24/2015,1
11/24/2015,1
11/24/2015,1
11/24/2015,1
11/24/2015,1
11/24/2015,1
11/24/2015,1
11/24/2015,1
11/24/2015,1
11/24/2015,1
11/24/2015,1
11/24/2015,1
11/24/2015,1
11/24/2015,1
11/24/2015,1
11/24/2015,1
11/24/2015,1
11/24/2015,2
11/24/2015,1
11/24/2015,1
11/24/2015,1
11/24/2015,1
11/24/2015,1
11/24/2015,1
11/24/2015,1
11/24/2015,1
11/24/2015,1
11/24/2015,1
11/24/2015,1
11/24/2015,1
11/24/2015,1
11/24/2015,1
11/24/2015,1
11/24/2015,1
11/24/2015,1
11/24/2015,1
11/24/2015,1
11/24/2015,1
11/24/2015,1
11/24/2015,1
11/24/2015,1
11/24/2015,1
11/24/2015,1
11/24/2015,1
11/24/2015,1
11/24/2015,1
11/24/2015,1
11/24/2015,1
11/24/2015,1
11/24/2015,1
11/24/2015,1
11/24/2015,1
11/24/2015,1
11/24/2015,1
11/24/2015,1
11/24/2015,1
11/24/2015,1
11/25/2015,1
11/25/2015,1
11/25/2015,1
11/25/2015,1
11/25/2015,1
11/25/2015,1
11/25/2015,1
11/25/2015,1
11/25/2015,1
11/25/2015,1
11/25/2015,1
11/25/2015,1
11/25/2015,1
11/25/2015,1
11/25/2015,1
11/25/2015,1
11/25/2015,1
11/25/2015,1
11/25/2015,1
11/25/2015,1
11/25/2015,1
11/25/2015,1
11/25/2015,1
11/25/2015,1
11/25/2015,1
11/25/2015,1
11/25/2015,1
11/25/2015,1
11/25/2015,1
11/25/2015,1
11/25/2015,1
11/25/2015,1
11/25/2015,1
11/25/2015,1
11/25/2015,1
11/25/2015,1
11/25/2015,1
11/25/2015,1
11/25/2015,1
11/25/2015,1
11/25/2015,1
11/25/2015,1
11/25/2015,1
11/25/2015,1
11/25/2015,1
11/25/2015,1
11/25/2015,1
11/25/2015,1
11/25/2015,1
11/25/2015,1
11/25/2015,1
11/25/2015,1
11/25/2015,1
11/25/2015,1
11/25/2015,1
11/25/2015,1
11/25/2015,1
11/25/2015,1
11/25/2015,1
11/25/2015,1
11/25/2015,1
11/25/2015,1
11/25/2015,1
11/25/2015,1
11/25/2015,1
11/25/2015,1
11/25/2015,1
11/25/2015,1
11/25/2015,1
11/25/2015,2
11/25/2015,1
11/25/2015,1
11/25/2015,1
11/25/2015,1
11/25/2015,1
11/25/2015,1
11/25/2015,1
11/25/2015,1
11/25/2015,1
11/25/2015,1
11/25/2015,1
11/25/2015,1
11/25/2015,1
11/25/2015,1
11/25/2015,1
11/25/2015,1
11/25/2015,1
11/25/2015,1
11/25/2015,1
11/25/2015,1
11/25/2015,1
11/25/2015,1
11/25/2015,1
11/25/2015,1
11/25/2015,1
11/25/2015,1
11/25/2015,1
11/25/2015,1
11/25/2015,1
11/25/2015,1
11/25/2015,1
11/25/2015,1
11/25/2015,1
11/25/2015,1
11/25/2015,1
11/26/2015,1
11/26/2015,1
11/26/2015,1
11/26/2015,1
11/26/2015,1
11/26/2015,1
11/26/2015,1
11/26/2015,1
11/26/2015,1
11/26/2015,1
11/26/2015,1
11/26/2015,1
11/26/2015,1
11/26/2015,1
11/26/2015,1
11/26/2015,1
11/26/2015,1
11/26/2015,1
11/26/2015,1
11/26/2015,1
11/26/2015,1
11/26/2015,1
11/26/2015,1
11/26/2015,1
11/26/2015,1
11/26/2015,1
11/26/2015,1
11/26/2015,1
11/26/2015,1
11/26/2015,1
11/26/2015,1
11/26/2015,1
11/26/2015,1
11/26/2015,1
11/26/2015,1
11/26/2015,1
11/26/2015,1
11/26/2015,1
11/26/2015,1
11/26/2015,1
11/26/2015,1
11/26/2015,1
11/26/2015,1
11/26/2015,1
11/26/2015,1
11/26/2015,1
11/26/2015,1
11/26/2015,1
11/26/2015,1
11/26/2015,1
11/26/2015,1
11/26/2015,1
11/26/2015,1
11/26/2015,1
11/26/2015,1
11/26/2015,1
11/26/2015,1
11/26/2015,1
11/26/2015,1
11/26/2015,1
11/26/2015,1
11/26/2015,1
11/26/2015,1
11/26/2015,1
11/26/2015,1
11/26/2015,1
11/26/2015,1
11/26/2015,1
11/26/2015,1
11/26/2015,1
11/26/2015,1
11/26/2015,1
11/26/2015,1
11/26/2015,1
11/26/2015,1
11/26/2015,1
11/26/2015,1
11/26/2015,1
11/26/2015,1
11/26/2015,1
11/26/2015,1
11/26/2015,1
11/26/2015,1
11/27/2015,1
11/27/2015,1
11/27/2015,1
11/27/2015,1
11/27/2015,1
11/27/2015,1
11/27/2015,1
11/27/2015,1
11/27/2015,1
11/27/2015,1
11/27/2015,1
11/27/2015,1
11/27/2015,1
11/27/2015,1
11/27/2015,1
11/27/2015,1
11/27/2015,1
11/27/2015,1
11/27/2015,1
11/27/2015,1
11/27/2015,1
11/27/2015,1
11/27/2015,1
11/27/2015,1
11/27/2015,1
11/27/2015,1
11/27/2015,1
11/27/2015,1
11/27/2015,1
11/27/2015,1
11/27/2015,1
11/27/2015,1
11/27/2015,1
11/27/2015,1
11/27/2015,1
11/27/2015,1
11/27/2015,1
11/27/2015,1
11/27/2015,1
11/27/2015,1
11/27/2015,1
11/27/2015,1
11/27/2015,1
11/27/2015,1
11/27/2015,1
11/27/2015,1
11/27/2015,1
11/27/2015,1
11/27/2015,1
11/27/2015,1
11/27/2015,1
11/27/2015,1
11/27/2015,1
11/27/2015,1
11/27/2015,1
11/27/2015,1
11/27/2015,1
11/27/2015,1
11/27/2015,1
11/27/2015,1
11/27/2015,1
11/27/2015,1
11/27/2015,1
11/27/2015,1
11/27/2015,1
11/27/2015,1
11/27/2015,1
11/27/2015,1
11/27/2015,1
11/27/2015,1
11/27/2015,1
11/27/2015,1
11/27/2015,1
11/27/2015,1
11/27/2015,1
11/27/2015,1
11/27/2015,1
11/27/2015,1
11/27/2015,1
11/27/2015,1
11/27/2015,1
11/27/2015,1
11/27/2015,1
11/27/2015,1
11/27/2015,1
11/27/2015,1
11/27/2015,1
11/28/2015,2
11/28/2015,1
11/28/2015,1
11/28/2015,1
11/28/2015,1
11/28/2015,1
11/28/2015,1
11/28/2015,1
11/28/2015,1
11/28/2015,1
11/28/2015,1
11/28/2015,1
11/28/2015,1
11/28/2015,1
11/28/2015,1
11/28/2015,1
11/28/2015,1
11/28/2015,1
11/28/2015,1
11/28/2015,1
11/28/2015,1
11/28/2015,1
11/28/2015,1
11/28/2015,1
11/28/2015,1
11/28/2015,1
11/28/2015,1
11/28/2015,1
11/28/2015,1
11/28/2015,1
11/28/2015,1
11/28/2015,1
11/28/2015,1
11/28/2015,1
11/28/2015,1
11/28/2015,1
11/28/2015,1
11/28/2015,1
11/28/2015,1
11/28/2015,1
11/28/2015,1
11/28/2015,1
11/28/2015,1
11/28/2015,1
11/28/2015,1
11/28/2015,1
11/28/2015,1
11/28/2015,1
11/28/2015,1
11/28/2015,1
11/28/2015,1
11/28/2015,1
11/28/2015,1
11/28/2015,1
11/28/2015,1
11/28/2015,1
11/28/2015,1
11/28/2015,1
11/28/2015,1
11/28/2015,1
11/28/2015,1
11/28/2015,1
11/28/2015,1
11/28/2015,1
11/28/2015,1
11/28/2015,1
11/28/2015,1
11/28/2015,1
11/28/2015,1
11/28/2015,1
11/28/2015,1
11/28/2015,1
11/28/2015,1
11/28/2015,1
11/28/2015,1
11/28/2015,1
11/28/2015,1
11/28/2015,1
11/28/2015,1
11/28/2015,1
11/28/2015,1
11/28/2015,1
11/28/2015,1
11/28/2015,1
11/28/2015,1
11/28/2015,1
11/28/2015,1
11/28/2015,1
11/28/2015,1
11/28/2015,1
11/28/2015,1
11/28/2015,1
11/28/2015,1
11/28/2015,1
11/28/2015,1
11/28/2015,1
11/28/2015,1
11/28/2015,1
11/28/2015,1
11/28/2015,1
11/28/2015,1
11/28/2015,1
11/28/2015,1
11/28/2015,2
11/28/2015,1
11/28/2015,1
11/28/2015,1
11/28/2015,1
11/28/2015,1
11/28/2015,1
11/28/2015,1
11/28/2015,1
11/28/2015,1
11/28/2015,1
11/28/2015,1
11/28/2015,1
11/28/2015,1
11/28/2015,1
11/28/2015,1
11/28/2015,1
11/29/2015,1
11/29/2015,1
11/29/2015,1
11/29/2015,1
11/29/2015,1
11/29/2015,1
11/29/2015,1
11/29/2015,1
11/29/2015,1
11/29/2015,1
11/29/2015,1
11/29/2015,1
11/29/2015,1
11/29/2015,1
11/29/2015,1
11/29/2015,1
11/29/2015,1
11/29/2015,1
11/29/2015,1
11/29/2015,1
11/29/2015,1
11/29/2015,1
11/29/2015,1
11/29/2015,1
11/29/2015,1
11/29/2015,1
11/29/2015,1
11/29/2015,1
11/29/2015,1
11/29/2015,1
11/29/2015,1
11/29/2015,1
11/29/2015,1
11/29/2015,1
11/29/2015,1
11/29/2015,1
11/29/2015,1
11/29/2015,1
11/29/2015,1
11/29/2015,1
11/29/2015,1
11/29/2015,1
11/29/2015,1
11/29/2015,1
11/29/2015,1
11/29/2015,1
11/29/2015,1
11/29/2015,1
11/29/2015,1
11/29/2015,1
11/29/2015,1
11/29/2015,1
11/29/2015,1
11/29/2015,1
11/29/2015,1
11/29/2015,1
11/29/2015,1
11/29/2015,1
11/29/2015,1
11/29/2015,1
11/29/2015,1
11/29/2015,1
11/29/2015,1
11/29/2015,1
11/29/2015,1
11/29/2015,1
11/29/2015,1
11/29/2015,1
11/29/2015,1
11/29/2015,1
11/29/2015,1
11/29/2015,1
11/29/2015,1
11/29/2015,1
11/29/2015,1
11/29/2015,1
11/29/2015,1
11/29/2015,1
11/29/2015,1
11/29/2015,1
11/29/2015,1
11/29/2015,1
11/29/2015,1
11/29/2015,1
11/29/2015,1
11/29/2015,1
11/29/2015,1
11/29/2015,1
11/29/2015,1
11/29/2015,1
11/29/2015,1
11/29/2015,1
11/29/2015,1
11/29/2015,1
11/29/2015,1
11/29/2015,1
11/29/2015,1
11/29/2015,1
11/29/2015,1
11/29/2015,1
11/29/2015,1
11/29/2015,1
11/29/2015,1
11/29/2015,1
11/29/2015,1
11/29/2015,1
11/30/2015,1
11/30/2015,1
11/30/2015,1
11/30/2015,1
11/30/2015,1
11/30/2015,1
11/30/2015,1
11/30/2015,1
11/30/2015,1
11/30/2015,1
11/30/2015,1
11/30/2015,1
11/30/2015,1
11/30/2015,1
11/30/2015,1
11/30/2015,1
11/30/2015,1
11/30/2015,1
11/30/2015,1
11/30/2015,1
11/30/2015,1
11/30/2015,1
11/30/2015,1
11/30/2015,1
11/30/2015,1
11/30/2015,1
11/30/2015,1
11/30/2015,1
11/30/2015,1
11/30/2015,1
11/30/2015,1
11/30/2015,1
11/30/2015,1
11/30/2015,1
11/30/2015,1
11/30/2015,1
11/30/2015,1
11/30/2015,1
11/30/2015,1
11/30/2015,1
11/30/2015,1
11/30/2015,1
11/30/2015,1
11/30/2015,1
11/30/2015,1
11/30/2015,1
11/30/2015,1
11/30/2015,1
11/30/2015,1
11/30/2015,1
11/30/2015,1
11/30/2015,1
11/30/2015,1
11/30/2015,1
11/30/2015,1
11/30/2015,1
11/30/2015,1
11/30/2015,1
11/30/2015,1
11/30/2015,1
11/30/2015,1
11/30/2015,1
11/30/2015,1
11/30/2015,1
11/30/2015,1
11/30/2015,1
11/30/2015,1
11/30/2015,1
11/30/2015,1
11/30/2015,1
11/30/2015,1
11/30/2015,1
11/30/2015,1
11/30/2015,1
11/30/2015,1
11/30/2015,1
11/30/2015,1
11/30/2015,1
11/30/2015,1
11/30/2015,1
11/30/2015,1
11/30/2015,1
11/30/2015,1
11/30/2015,1
11/30/2015,1
11/30/2015,1
11/30/2015,1
11/30/2015,1
11/30/2015,1
11/30/2015,1
11/30/2015,1
11/30/2015,1
11/30/2015,1
11/30/2015,1
11/30/2015,1
11/30/2015,1
11/30/2015,1
11/30/2015,1
11/30/2015,1
11/30/2015,1
11/30/2015,1
12/01/2015,1
12/01/2015,1
12/01/2015,1
12/01/2015,1
12/01/2015,1
12/01/2015,1
12/01/2015,1
12/01/2015,1
12/01/2015,1
12/01/2015,1
12/01/2015,1
12/01/2015,1
12/01/2015,1
12/01/2015,1
12/01/2015,1
12/01/2015,1
12/01/2015,1
12/01/2015,1
12/01/2015,1
12/01/2015,1
12/01/2015,1
12/01/2015,1
12/01/2015,1
12/01/2015,1
12/01/2015,1
12/01/2015,1
12/01/2015,1
12/01/2015,1
12/01/2015,1
12/01/2015,1
12/01/2015,1
12/01/2015,1
12/01/2015,1
12/01/2015,1
12/01/2015,1
12/01/2015,1
12/01/2015,1
12/01/2015,1
12/01/2015,1
12/01/2015,1
12/01/2015,1
12/01/2015,1
12/01/2015,1
12/01/2015,1
12/01/2015,1
12/01/2015,1
12/01/2015,1
12/01/2015,1
12/01/2015,1
12/01/2015,1
12/01/2015,1
12/01/2015,1
12/01/2015,1
12/01/2015,1
12/01/2015,1
12/01/2015,1
12/01/2015,1
12/01/2015,1
12/01/2015,1
12/01/2015,1
12/01/2015,1
12/01/2015,1
12/01/2015,1
12/01/2015,1
12/01/2015,1
12/01/2015,1
12/01/2015,1
12/01/2015,1
12/01/2015,1
12/01/2015,1
12/01/2015,1
12/01/2015,1
12/01/2015,1
12/01/2015,1
12/01/2015,1
12/01/2015,1
12/01/2015,1
12/01/2015,1
12/01/2015,1
12/01/2015,1
12/01/2015,1
12/01/2015,1
12/01/2015,1
12/01/2015,1
12/01/2015,1
12/01/2015,1
12/01/2015,1
12/01/2015,1
12/01/2015,1
12/02/2015,1
12/02/2015,1
12/02/2015,1
12/02/2015,1
12/02/2015,1
12/02/2015,1
12/02/2015,1
12/02/2015,1
12/02/2015,1
12/02/2015,1
12/02/2015,1
12/02/2015,1
12/02/2015,1
12/02/2015,1
12/02/2015,1
12/02/2015,1
12/02/2015,1
12/02/2015,1
12/02/2015,1
12/02/2015,1
12/02/2015,1
12/02/2015,1
12/02/2015,1
12/02/2015,1
12/02/2015,1
12/02/2015,1
12/02/2015,1
12/02/2015,1
12/02/2015,1
12/02/2015,1
12/02/2015,1
12/02/2015,1
12/02/2015,1
12/02/2015,1
12/02/2015,1
12/02/2015,1
12/02/2015,1
12/02/2015,1
12/02/2015,1
12/02/2015,1
12/02/2015,1
12/02/2015,1
12/02/2015,1
12/02/2015,1
12/02/2015,1
12/02/2015,1
12/02/2015,1
12/02/2015,1
12/02/2015,1
12/02/2015,1
12/02/2015,1
12/02/2015,1
12/02/2015,1
12/02/2015,1
12/02/2015,1
12/02/2015,1
12/02/2015,1
12/02/2015,1
12/02/2015,1
12/02/2015,1
12/02/2015,1
12/02/2015,1
12/02/2015,1
12/02/2015,1
12/02/2015,1
12/02/2015,1
12/02/2015,1
12/02/2015,1
12/02/2015,1
12/02/2015,1
12/02/2015,1
12/02/2015,1
12/02/2015,1
12/02/2015,1
12/02/2015,1
12/02/2015,1
12/02/2015,1
12/02/2015,1
12/02/2015,1
12/02/2015,1
12/02/2015,1
12/02/2015,1
12/02/2015,1
12/02/2015,1
12/02/2015,1
12/02/2015,1
12/02/2015,1
12/02/2015,1
12/02/2015,1
12/02/2015,1
12/02/2015,1
12/02/2015,1
12/02/2015,1
12/02/2015,1
12/03/2015,1
12/03/2015,1
12/03/2015,1
12/03/2015,1
12/03/2015,1
12/03/2015,1
12/03/2015,1
12/03/2015,1
12/03/2015,1
12/03/2015,1
12/03/2015,1
12/03/2015,1
12/03/2015,1
12/03/2015,1
12/03/2015,1
12/03/2015,1
12/03/2015,1
12/03/2015,1
12/03/2015,1
12/03/2015,1
12/03/2015,1
12/03/2015,1
12/03/2015,1
12/03/2015,1
12/03/2015,1
12/03/2015,1
12/03/2015,1
12/03/2015,1
12/03/2015,1
12/03/2015,1
12/03/2015,1
12/03/2015,1
12/03/2015,1
12/03/2015,1
12/03/2015,1
12/03/2015,1
12/03/2015,1
12/03/2015,1
12/03/2015,1
12/03/2015,1
12/03/2015,1
12/03/2015,1
12/03/2015,1
12/03/2015,1
12/03/2015,1
12/03/2015,2
12/03/2015,1
12/03/2015,1
12/03/2015,1
12/03/2015,1
12/03/2015,1
12/03/2015,1
12/03/2015,1
12/03/2015,1
12/03/2015,1
12/03/2015,1
12/03/2015,1
12/03/2015,1
12/03/2015,1
12/03/2015,1
12/03/2015,1
12/03/2015,1
12/03/2015,1
12/03/2015,1
12/03/2015,1
12/03/2015,1
12/03/2015,1
12/03/2015,1
12/03/2015,1
12/03/2015,1
12/03/2015,1
12/03/2015,1
12/03/2015,1
12/03/2015,1
12/03/2015,1
12/03/2015,1
12/03/2015,1
12/03/2015,1
12/03/2015,1
12/03/2015,1
12/03/2015,1
12/03/2015,1
12/03/2015,1
12/03/2015,1
12/03/2015,1
12/03/2015,1
12/03/2015,1
12/03/2015,1
12/03/2015,1
12/03/2015,1
12/03/2015,1
12/04/2015,1
12/04/2015,1
12/04/2015,1
12/04/2015,1
12/04/2015,1
12/04/2015,1
12/04/2015,1
12/04/2015,1
12/04/2015,1
12/04/2015,1
12/04/2015,1
12/04/2015,1
12/04/2015,1
12/04/2015,1
12/04/2015,1
12/04/2015,1
12/04/2015,1
12/04/2015,1
12/04/2015,1
12/04/2015,1
12/04/2015,1
12/04/2015,1
12/04/2015,1
12/04/2015,1
12/04/2015,1
12/04/2015,1
12/04/2015,1
12/04/2015,1
12/04/2015,1
12/04/2015,1
12/04/2015,1
12/04/2015,1
12/04/2015,1
12/04/2015,1
12/04/2015,1
12/04/2015,1
12/04/2015,1
12/04/2015,1
12/04/2015,1
12/04/2015,1
12/04/2015,1
12/04/2015,1
12/04/2015,1
12/04/2015,1
12/04/2015,1
12/04/2015,1
12/04/2015,1
12/04/2015,1
12/04/2015,1
12/04/2015,1
12/04/2015,1
12/04/2015,1
12/04/2015,1
12/04/2015,1
12/04/2015,1
12/04/2015,1
12/04/2015,1
12/04/2015,1
12/04/2015,1
12/04/2015,1
12/04/2015,1
12/04/2015,1
12/04/2015,1
12/04/2015,1
12/04/2015,1
12/04/2015,1
12/04/2015,1
12/04/2015,1
12/04/2015,1
12/04/2015,1
12/04/2015,1
12/04/2015,1
12/04/2015,1
12/04/2015,1
12/04/2015,1
12/04/2015,1
12/04/2015,1
12/04/2015,1
12/04/2015,1
12/04/2015,1
12/04/2015,1
12/04/2015,1
12/04/2015,1
12/04/2015,1
12/04/2015,1
12/04/2015,1
12/04/2015,1
12/04/2015,1
12/04/2015,1
12/04/2015,1
12/04/2015,1
12/04/2015,1
12/04/2015,1
12/04/2015,1
12/04/2015,1
12/04/2015,1
12/04/2015,1
12/04/2015,1
12/04/2015,1
12/04/2015,1
12/04/2015,1
12/04/2015,1
12/04/2015,1
12/04/2015,1
12/04/2015,1
12/04/2015,1
12/04/2015,1
12/04/2015,1
12/04/2015,1
12/04/2015,1
12/04/2015,1
12/05/2015,1
12/05/2015,1
12/05/2015,1
12/05/2015,1
12/05/2015,1
12/05/2015,1
12/05/2015,1
12/05/2015,1
12/05/2015,1
12/05/2015,1
12/05/2015,1
12/05/2015,1
12/05/2015,1
12/05/2015,1
12/05/2015,1
12/05/2015,1
12/05/2015,1
12/05/2015,1
12/05/2015,1
12/05/2015,1
12/05/2015,1
12/05/2015,1
12/05/2015,1
12/05/2015,1
12/05/2015,1
12/05/2015,1
12/05/2015,1
12/05/2015,1
12/05/2015,1
12/05/2015,1
12/05/2015,1
12/05/2015,1
12/05/2015,1
12/05/2015,1
12/05/2015,1
12/05/2015,1
12/05/2015,1
12/05/2015,1
12/05/2015,1
12/05/2015,1
12/05/2015,1
12/05/2015,1
12/05/2015,1
12/05/2015,1
12/05/2015,1
12/05/2015,1
12/05/2015,1
12/05/2015,1
12/05/2015,1
12/05/2015,1
12/05/2015,1
12/05/2015,1
12/05/2015,1
12/05/2015,1
12/05/2015,1
12/05/2015,1
12/05/2015,1
12/05/2015,1
12/05/2015,1
12/05/2015,1
12/05/2015,1
12/05/2015,1
12/05/2015,1
12/05/2015,1
12/05/2015,1
12/05/2015,1
12/05/2015,1
12/05/2015,1
12/05/2015,1
12/05/2015,1
12/05/2015,1
12/05/2015,1
12/05/2015,1
12/05/2015,1
12/05/2015,1
12/05/2015,1
12/05/2015,1
12/05/2015,1
12/05/2015,1
12/05/2015,1
12/05/2015,1
12/05/2015,1
12/05/2015,1
12/05/2015,1
12/05/2015,1
12/05/2015,1
12/05/2015,1
12/05/2015,1
12/05/2015,1
12/05/2015,1
12/05/2015,1
12/05/2015,1
12/05/2015,1
12/05/2015,1
12/05/2015,1
12/05/2015,1
12/05/2015,1
12/05/2015,1
12/05/2015,1
12/05/2015,1
12/05/2015,1
12/05/2015,1
12/05/2015,1
12/05/2015,1
12/05/2015,1
12/05/2015,1
12/05/2015,1
12/05/2015,1
12/05/2015,1
12/05/2015,1
12/05/2015,1
12/05/2015,1
12/05/2015,1
12/05/2015,1
12/05/2015,1
12/05/2015,1
12/05/2015,1
12/05/2015,1
12/05/2015,1
12/06/2015,1
12/06/2015,1
12/06/2015,1
12/06/2015,1
12/06/2015,1
12/06/2015,1
12/06/2015,1
12/06/2015,1
12/06/2015,1
12/06/2015,1
12/06/2015,1
12/06/2015,1
12/06/2015,1
12/06/2015,1
12/06/2015,1
12/06/2015,1
12/06/2015,1
12/06/2015,1
12/06/2015,1
12/06/2015,1
12/06/2015,1
12/06/2015,1
12/06/2015,1
12/06/2015,1
12/06/2015,1
12/06/2015,1
12/06/2015,2
12/06/2015,1
12/06/2015,1
12/06/2015,1
12/06/2015,1
12/06/2015,1
12/06/2015,1
12/06/2015,1
12/06/2015,1
12/06/2015,1
12/06/2015,1
12/06/2015,1
12/06/2015,1
12/06/2015,1
12/06/2015,1
12/06/2015,1
12/06/2015,1
12/06/2015,1
12/06/2015,1
12/06/2015,1
12/06/2015,1
12/06/2015,1
12/06/2015,1
12/06/2015,1
12/06/2015,1
12/06/2015,1
12/06/2015,1
12/06/2015,1
12/06/2015,1
12/06/2015,1
12/06/2015,1
12/06/2015,1
12/06/2015,1
12/06/2015,1
12/06/2015,1
12/06/2015,1
12/06/2015,1
12/06/2015,1
12/06/2015,1
12/06/2015,1
12/06/2015,1
12/06/2015,1
12/06/2015,1
12/06/2015,1
12/06/2015,1
12/06/2015,1
12/06/2015,1
12/06/2015,1
12/06/2015,1
12/06/2015,1
12/06/2015,2
12/06/2015,1
12/06/2015,1
12/06/2015,1
12/06/2015,1
12/06/2015,1
12/06/2015,1
12/06/2015,1
12/06/2015,1
12/06/2015,1
12/06/2015,1
12/06/2015,1
12/06/2015,1
12/06/2015,1
12/07/2015,1
12/07/2015,1
12/07/2015,1
12/07/2015,1
12/07/2015,1
12/07/2015,1
12/07/2015,1
12/07/2015,1
12/07/2015,1
12/07/2015,1
12/07/2015,1
12/07/2015,1
12/07/2015,1
12/07/2015,1
12/07/2015,1
12/07/2015,1
12/07/2015,1
12/07/2015,1
12/07/2015,1
12/07/2015,1
12/07/2015,1
12/07/2015,1
12/07/2015,1
12/07/2015,1
12/07/2015,1
12/07/2015,1
12/07/2015,1
12/07/2015,1
12/07/2015,1
12/07/2015,1
12/07/2015,1
12/07/2015,1
12/07/2015,1
12/07/2015,1
12/07/2015,1
12/07/2015,1
12/07/2015,1
12/07/2015,1
12/07/2015,1
12/07/2015,1
12/07/2015,1
12/07/2015,1
12/07/2015,1
12/07/2015,1
12/07/2015,1
12/07/2015,1
12/07/2015,1
12/07/2015,1
12/07/2015,1
12/07/2015,1
12/07/2015,1
12/07/2015,1
12/07/2015,1
12/07/2015,1
12/07/2015,1
12/07/2015,1
12/07/2015,1
12/07/2015,1
12/07/2015,1
12/07/2015,1
12/07/2015,1
12/07/2015,1
12/07/2015,1
12/07/2015,1
12/07/2015,1
12/07/2015,1
12/07/2015,1
12/07/2015,1
12/07/2015,1
12/07/2015,1
12/07/2015,1
12/07/2015,1
12/07/2015,1
12/07/2015,1
12/07/2015,1
12/07/2015,1
12/07/2015,1
12/07/2015,1
12/07/2015,1
12/07/2015,1
12/07/2015,1
12/07/2015,1
12/07/2015,1
12/07/2015,1
12/07/2015,1
12/07/2015,1
12/07/2015,1
12/07/2015,1
12/07/2015,1
12/07/2015,1
12/07/2015,1
12/07/2015,1
12/07/2015,1
12/07/2015,1
12/07/2015,1
12/07/2015,1
12/07/2015,1
12/07/2015,1
12/07/2015,1
12/07/2015,1
12/08/2015,1
12/08/2015,1
12/08/2015,1
12/08/2015,1
12/08/2015,1
12/08/2015,1
12/08/2015,1
12/08/2015,1
12/08/2015,1
12/08/2015,1
12/08/2015,1
12/08/2015,1
12/08/2015,1
12/08/2015,1
12/08/2015,1
12/08/2015,1
12/08/2015,1
12/08/2015,1
12/08/2015,1
12/08/2015,1
12/08/2015,1
12/08/2015,1
12/08/2015,1
12/08/2015,1
12/08/2015,1
12/08/2015,1
12/08/2015,1
12/08/2015,1
12/08/2015,1
12/08/2015,1
12/08/2015,1
12/08/2015,1
12/08/2015,1
12/08/2015,1
12/08/2015,1
12/08/2015,1
12/08/2015,1
12/08/2015,1
12/08/2015,1
12/08/2015,1
12/08/2015,1
12/08/2015,1
12/08/2015,1
12/08/2015,1
12/08/2015,1
12/08/2015,1
12/08/2015,1
12/08/2015,1
12/08/2015,1
12/08/2015,1
12/08/2015,1
12/08/2015,1
12/08/2015,1
12/08/2015,1
12/08/2015,1
12/08/2015,1
12/08/2015,1
12/08/2015,1
12/08/2015,1
12/08/2015,1
12/08/2015,1
12/08/2015,1
12/08/2015,1
12/08/2015,1
12/08/2015,1
12/08/2015,1
12/08/2015,1
12/08/2015,1
12/08/2015,1
12/08/2015,1
12/08/2015,1
12/08/2015,1
12/08/2015,1
12/08/2015,1
12/08/2015,1
12/08/2015,1
12/08/2015,1
12/08/2015,1
12/08/2015,1
12/08/2015,1
12/08/2015,1
12/08/2015,1
12/08/2015,1
12/08/2015,1
12/08/2015,1
12/08/2015,1
12/08/2015,1
12/08/2015,1
12/08/2015,1
12/08/2015,1
12/08/2015,1
12/08/2015,1
12/08/2015,1
12/08/2015,1
12/08/2015,1
12/08/2015,1
12/08/2015,1
12/08/2015,1
12/08/2015,1
12/08/2015,1
12/08/2015,1
12/08/2015,1
12/08/2015,1
12/09/2015,1
12/09/2015,1
12/09/2015,1
12/09/2015,1
12/09/2015,1
12/09/2015,1
12/09/2015,1
12/09/2015,1
12/09/2015,1
12/09/2015,1
12/09/2015,1
12/09/2015,1
12/09/2015,1
12/09/2015,1
12/09/2015,1
12/09/2015,1
12/09/2015,1
12/09/2015,1
12/09/2015,1
12/09/2015,1
12/09/2015,1
12/09/2015,1
12/09/2015,1
12/09/2015,1
12/09/2015,1
12/09/2015,1
12/09/2015,1
12/09/2015,1
12/09/2015,1
12/09/2015,1
12/09/2015,1
12/09/2015,1
12/09/2015,1
12/09/2015,1
12/09/2015,1
12/09/2015,1
12/09/2015,1
12/09/2015,1
12/09/2015,1
12/09/2015,1
12/09/2015,1
12/09/2015,1
12/09/2015,1
12/09/2015,1
12/09/2015,1
12/09/2015,1
12/09/2015,1
12/09/2015,1
12/09/2015,1
12/09/2015,1
12/09/2015,1
12/09/2015,1
12/09/2015,1
12/09/2015,1
12/09/2015,1
12/09/2015,1
12/09/2015,1
12/09/2015,1
12/09/2015,1
12/09/2015,1
12/09/2015,1
12/09/2015,1
12/09/2015,1
12/09/2015,1
12/09/2015,1
12/09/2015,1
12/09/2015,1
12/09/2015,1
12/09/2015,1
12/09/2015,1
12/09/2015,1
12/09/2015,1
12/09/2015,1
12/09/2015,1
12/09/2015,1
12/09/2015,1
12/09/2015,1
12/09/2015,1
12/09/2015,1
12/09/2015,1
12/09/2015,1
12/09/2015,1
12/09/2015,1
12/09/2015,1
12/09/2015,1
12/09/2015,1
12/09/2015,1
12/09/2015,1
12/09/2015,1
12/09/2015,1
12/09/2015,1
12/09/2015,1
12/09/2015,1
12/09/2015,1
12/09/2015,1
12/09/2015,1
12/09/2015,1
12/09/2015,1
12/09/2015,1
12/09/2015,1
12/09/2015,1
12/09/2015,1
12/09/2015,1
12/09/2015,1
12/09/2015,1
12/09/2015,1
12/09/2015,1
12/09/2015,1
12/09/2015,1
12/09/2015,1
12/09/2015,1
12/09/2015,1
12/09/2015,1
12/09/2015,1
12/09/2015,1
12/09/2015,1
12/09/2015,1
12/09/2015,1
12/09/2015,1
12/09/2015,1
12/09/2015,1
12/09/2015,1
12/09/2015,1
12/09/2015,1
12/09/2015,1
12/10/2015,1
12/10/2015,1
12/10/2015,1
12/10/2015,1
12/10/2015,1
12/10/2015,1
12/10/2015,1
12/10/2015,1
12/10/2015,1
12/10/2015,1
12/10/2015,1
12/10/2015,1
12/10/2015,1
12/10/2015,1
12/10/2015,1
12/10/2015,1
12/10/2015,1
12/10/2015,1
12/10/2015,1
12/10/2015,1
12/10/2015,1
12/10/2015,1
12/10/2015,1
12/10/2015,1
12/10/2015,1
12/10/2015,1
12/10/2015,1
12/10/2015,1
12/10/2015,1
12/10/2015,1
12/10/2015,1
12/10/2015,1
12/10/2015,1
12/10/2015,1
12/10/2015,1
12/10/2015,1
12/10/2015,1
12/10/2015,1
12/10/2015,1
12/10/2015,1
12/10/2015,1
12/10/2015,1
12/10/2015,1
12/10/2015,1
12/10/2015,1
12/10/2015,1
12/10/2015,1
12/10/2015,1
12/10/2015,1
12/10/2015,1
12/10/2015,1
12/10/2015,1
12/10/2015,1
12/10/2015,1
12/10/2015,1
12/10/2015,1
12/10/2015,1
12/10/2015,1
12/10/2015,1
12/10/2015,1
12/10/2015,1
12/10/2015,1
12/10/2015,1
12/10/2015,1
12/10/2015,1
12/10/2015,1
12/10/2015,1
12/10/2015,1
12/10/2015,1
12/10/2015,1
12/10/2015,1
12/10/2015,1
12/10/2015,1
12/10/2015,1
12/10/2015,1
12/10/2015,1
12/10/2015,1
12/10/2015,1
12/10/2015,1
12/10/2015,1
12/10/2015,1
12/10/2015,1
12/10/2015,1
12/10/2015,1
12/10/2015,1
12/10/2015,1
12/10/2015,1
12/10/2015,1
12/10/2015,1
12/10/2015,1
12/10/2015,1
12/10/2015,1
12/10/2015,1
12/10/2015,1
12/10/2015,1
12/10/2015,1
12/10/2015,1
12/10/2015,1
12/10/2015,1
12/10/2015,1
12/10/2015,1
12/10/2015,1
12/10/2015,1
12/10/2015,1
12/10/2015,1
12/10/2015,1
12/10/2015,1
12/10/2015,1
12/10/2015,1
12/10/2015,1
12/11/2015,2
12/11/2015,1
12/11/2015,1
12/11/2015,1
12/11/2015,1
12/11/2015,1
12/11/2015,1
12/11/2015,1
12/11/2015,1
12/11/2015,1
12/11/2015,1
12/11/2015,1
12/11/2015,1
12/11/2015,1
12/11/2015,1
12/11/2015,1
12/11/2015,1
12/11/2015,1
12/11/2015,1
12/11/2015,1
12/11/2015,1
12/11/2015,1
12/11/2015,1
12/11/2015,1
12/11/2015,1
12/11/2015,1
12/11/2015,1
12/11/2015,1
12/11/2015,1
12/11/2015,1
12/11/2015,1
12/11/2015,1
12/11/2015,1
12/11/2015,1
12/11/2015,1
12/11/2015,1
12/11/2015,1
12/11/2015,1
12/11/2015,1
12/11/2015,1
12/11/2015,1
12/11/2015,1
12/11/2015,1
12/11/2015,1
12/11/2015,1
12/11/2015,1
12/11/2015,1
12/11/2015,1
12/11/2015,1
12/11/2015,1
12/11/2015,1
12/11/2015,1
12/11/2015,1
12/11/2015,1
12/11/2015,1
12/11/2015,1
12/11/2015,2
12/11/2015,1
12/11/2015,1
12/11/2015,1
12/11/2015,1
12/11/2015,1
12/11/2015,1
12/11/2015,1
12/11/2015,1
12/11/2015,1
12/11/2015,1
12/11/2015,1
12/11/2015,1
12/11/2015,1
12/11/2015,1
12/11/2015,1
12/11/2015,1
12/11/2015,1
12/11/2015,1
12/11/2015,1
12/11/2015,1
12/11/2015,1
12/11/2015,1
12/11/2015,1
12/11/2015,1
12/11/2015,1
12/11/2015,1
12/11/2015,1
12/11/2015,1
12/11/2015,1
12/11/2015,1
12/11/2015,1
12/11/2015,1
12/11/2015,1
12/11/2015,1
12/11/2015,1
12/11/2015,1
12/11/2015,1
12/11/2015,1
12/11/2015,1
12/11/2015,1
12/11/2015,1
12/11/2015,1
12/11/2015,1
12/11/2015,1
12/11/2015,1
12/11/2015,1
12/11/2015,1
12/11/2015,1
12/11/2015,1
12/11/2015,1
12/11/2015,1
12/11/2015,1
12/11/2015,1
12/11/2015,1
12/11/2015,1
12/11/2015,1
12/11/2015,1
12/11/2015,1
12/11/2015,1
12/11/2015,1
12/11/2015,1
12/11/2015,1
12/12/2015,1
12/12/2015,1
12/12/2015,1
12/12/2015,1
12/12/2015,1
12/12/2015,1
12/12/2015,1
12/12/2015,1
12/12/2015,1
12/12/2015,1
12/12/2015,1
12/12/2015,1
12/12/2015,1
12/12/2015,1
12/12/2015,1
12/12/2015,1
12/12/2015,1
12/12/2015,1
12/12/2015,1
12/12/2015,1
12/12/2015,1
12/12/2015,1
12/12/2015,1
12/12/2015,1
12/12/2015,1
12/12/2015,1
12/12/2015,1
12/12/2015,1
12/12/2015,1
12/12/2015,1
12/12/2015,1
12/12/2015,1
12/12/2015,1
12/12/2015,1
12/12/2015,1
12/12/2015,1
12/12/2015,1
12/12/2015,1
12/12/2015,1
12/12/2015,1
12/12/2015,1
12/12/2015,1
12/12/2015,1
12/12/2015,1
12/12/2015,1
12/12/2015,1
12/12/2015,1
12/12/2015,1
12/12/2015,1
12/12/2015,1
12/12/2015,1
12/12/2015,1
12/12/2015,1
12/12/2015,1
12/12/2015,1
12/12/2015,1
12/12/2015,1
12/12/2015,1
12/12/2015,1
12/12/2015,1
12/12/2015,1
12/12/2015,1
12/12/2015,1
12/12/2015,1
12/12/2015,1
12/12/2015,1
12/12/2015,1
12/12/2015,1
12/12/2015,1
12/12/2015,1
12/12/2015,1
12/12/2015,1
12/12/2015,1
12/12/2015,1
12/12/2015,1
12/12/2015,1
12/12/2015,1
12/12/2015,1
12/12/2015,1
12/12/2015,1
12/12/2015,1
12/12/2015,1
12/12/2015,1
12/12/2015,1
12/12/2015,1
12/12/2015,1
12/12/2015,1
12/12/2015,1
12/12/2015,1
12/12/2015,1
12/12/2015,1
12/12/2015,1
12/12/2015,1
12/12/2015,1
12/12/2015,1
12/12/2015,1
12/12/2015,1
12/12/2015,1
12/12/2015,1
12/12/2015,1
12/12/2015,1
12/12/2015,1
12/12/2015,1
12/12/2015,1
12/12/2015,1
12/12/2015,1
12/12/2015,1
12/12/2015,1
12/12/2015,1
12/12/2015,1
12/12/2015,1
12/13/2015,1
12/13/2015,1
12/13/2015,1
12/13/2015,1
12/13/2015,1
12/13/2015,1
12/13/2015,1
12/13/2015,1
12/13/2015,1
12/13/2015,1
12/13/2015,1
12/13/2015,1
12/13/2015,1
12/13/2015,1
12/13/2015,1
12/13/2015,1
12/13/2015,1
12/13/2015,1
12/13/2015,1
12/13/2015,1
12/13/2015,1
12/13/2015,1
12/13/2015,1
12/13/2015,1
12/13/2015,1
12/13/2015,1
12/13/2015,1
12/13/2015,1
12/13/2015,1
12/13/2015,1
12/13/2015,1
12/13/2015,1
12/13/2015,1
12/13/2015,1
12/13/2015,1
12/13/2015,1
12/13/2015,1
12/13/2015,1
12/13/2015,1
12/13/2015,1
12/13/2015,1
12/13/2015,1
12/13/2015,1
12/13/2015,1
12/13/2015,1
12/13/2015,1
12/13/2015,1
12/13/2015,1
12/13/2015,1
12/13/2015,1
12/13/2015,1
12/13/2015,1
12/13/2015,1
12/13/2015,1
12/13/2015,1
12/13/2015,1
12/13/2015,1
12/13/2015,1
12/13/2015,1
12/13/2015,1
12/13/2015,1
12/13/2015,1
12/13/2015,1
12/13/2015,1
12/13/2015,1
12/13/2015,1
12/13/2015,1
12/13/2015,1
12/13/2015,1
12/13/2015,1
12/13/2015,1
12/13/2015,1
12/13/2015,1
12/13/2015,1
12/13/2015,1
12/13/2015,1
12/13/2015,1
12/13/2015,1
12/13/2015,1
12/13/2015,1
12/13/2015,1
12/13/2015,1
12/13/2015,1
12/13/2015,1
12/13/2015,1
12/13/2015,1
12/13/2015,1
12/13/2015,1
12/13/2015,1
12/13/2015,1
12/13/2015,1
12/13/2015,1
12/13/2015,1
12/13/2015,1
12/13/2015,1
12/13/2015,1
12/13/2015,1
12/13/2015,1
12/13/2015,1
12/13/2015,1
12/13/2015,1
12/13/2015,1
12/13/2015,1
12/13/2015,1
12/13/2015,1
12/13/2015,1
12/14/2015,1
12/14/2015,1
12/14/2015,1
12/14/2015,1
12/14/2015,1
12/14/2015,1
12/14/2015,1
12/14/2015,1
12/14/2015,1
12/14/2015,1
12/14/2015,1
12/14/2015,1
12/14/2015,1
12/14/2015,1
12/14/2015,1
12/14/2015,1
12/14/2015,1
12/14/2015,1
12/14/2015,1
12/14/2015,1
12/14/2015,1
12/14/2015,1
12/14/2015,1
12/14/2015,1
12/14/2015,1
12/14/2015,1
12/14/2015,1
12/14/2015,1
12/14/2015,1
12/14/2015,1
12/14/2015,1
12/14/2015,1
12/14/2015,1
12/14/2015,1
12/14/2015,1
12/14/2015,1
12/14/2015,1
12/14/2015,1
12/14/2015,1
12/14/2015,1
12/14/2015,1
12/14/2015,1
12/14/2015,1
12/14/2015,1
12/14/2015,1
12/14/2015,1
12/14/2015,1
12/14/2015,1
12/14/2015,1
12/14/2015,1
12/14/2015,1
12/14/2015,1
12/14/2015,1
12/14/2015,1
12/14/2015,1
12/14/2015,1
12/14/2015,1
12/14/2015,1
12/14/2015,1
12/14/2015,1
12/14/2015,1
12/14/2015,1
12/14/2015,1
12/14/2015,1
12/14/2015,1
12/14/2015,1
12/14/2015,1
12/14/2015,1
12/14/2015,1
12/14/2015,1
12/14/2015,1
12/14/2015,1
12/14/2015,1
12/14/2015,1
12/14/2015,1
12/14/2015,1
12/14/2015,1
12/14/2015,1
12/14/2015,1
12/14/2015,1
12/14/2015,1
12/14/2015,1
12/14/2015,1
12/14/2015,1
12/14/2015,1
12/14/2015,1
12/14/2015,1
12/14/2015,1
12/14/2015,1
12/14/2015,1
12/14/2015,1
12/14/2015,1
12/14/2015,1
12/15/2015,1
12/15/2015,1
12/15/2015,1
12/15/2015,1
12/15/2015,1
12/15/2015,1
12/15/2015,1
12/15/2015,1
12/15/2015,1
12/15/2015,1
12/15/2015,1
12/15/2015,1
12/15/2015,1
12/15/2015,1
12/15/2015,1
12/15/2015,1
12/15/2015,1
12/15/2015,1
12/15/2015,1
12/15/2015,1
12/15/2015,1
12/15/2015,1
12/15/2015,1
12/15/2015,1
12/15/2015,1
12/15/2015,1
12/15/2015,1
12/15/2015,1
12/15/2015,1
12/15/2015,1
12/15/2015,1
12/15/2015,1
12/15/2015,1
12/15/2015,1
12/15/2015,1
12/15/2015,1
12/15/2015,1
12/15/2015,1
12/15/2015,1
12/15/2015,1
12/15/2015,1
12/15/2015,1
12/15/2015,1
12/15/2015,1
12/15/2015,1
12/15/2015,1
12/15/2015,1
12/15/2015,1
12/15/2015,1
12/15/2015,1
12/15/2015,1
12/15/2015,1
12/15/2015,1
12/15/2015,1
12/15/2015,1
12/15/2015,1
12/15/2015,1
12/15/2015,1
12/15/2015,1
12/15/2015,1
12/15/2015,1
12/15/2015,1
12/15/2015,1
12/15/2015,1
12/15/2015,1
12/15/2015,1
12/15/2015,1
12/15/2015,1
12/15/2015,1
12/15/2015,1
12/15/2015,1
12/15/2015,1
12/15/2015,1
12/15/2015,1
12/15/2015,1
12/15/2015,1
12/15/2015,1
12/15/2015,1
12/15/2015,1
12/15/2015,1
12/15/2015,1
12/15/2015,1
12/15/2015,1
12/15/2015,1
12/15/2015,1
12/15/2015,1
12/15/2015,1
12/15/2015,1
12/15/2015,1
12/15/2015,1
12/15/2015,1
12/15/2015,1
12/15/2015,1
12/15/2015,1
12/15/2015,1
12/15/2015,1
12/15/2015,1
12/15/2015,1
12/15/2015,1
12/15/2015,1
12/15/2015,1
12/15/2015,1
12/15/2015,1
12/15/2015,1
12/15/2015,1
12/15/2015,1
12/15/2015,1
12/15/2015,1
12/15/2015,1
12/15/2015,1
12/15/2015,1
12/15/2015,1
12/15/2015,1
12/15/2015,1
12/15/2015,1
12/15/2015,1
12/15/2015,1
12/15/2015,1
12/15/2015,1
12/15/2015,1
12/15/2015,1
12/15/2015,1
12/15/2015,1
12/16/2015,1
12/16/2015,1
12/16/2015,1
12/16/2015,1
12/16/2015,1
12/16/2015,1
12/16/2015,1
12/16/2015,1
12/16/2015,1
12/16/2015,1
12/16/2015,1
12/16/2015,1
12/16/2015,1
12/16/2015,1
12/16/2015,1
12/16/2015,1
12/16/2015,1
12/16/2015,1
12/16/2015,1
12/16/2015,1
12/16/2015,1
12/16/2015,1
12/16/2015,1
12/16/2015,1
12/16/2015,1
12/16/2015,1
12/16/2015,1
12/16/2015,1
12/16/2015,1
12/16/2015,1
12/16/2015,1
12/16/2015,1
12/16/2015,1
12/16/2015,1
12/16/2015,1
12/16/2015,1
12/16/2015,1
12/16/2015,1
12/16/2015,1
12/16/2015,1
12/16/2015,1
12/16/2015,1
12/16/2015,1
12/16/2015,1
12/16/2015,1
12/16/2015,1
12/16/2015,1
12/16/2015,1
12/16/2015,1
12/16/2015,1
12/16/2015,1
12/16/2015,1
12/16/2015,1
12/16/2015,1
12/16/2015,1
12/16/2015,1
12/16/2015,1
12/16/2015,1
12/16/2015,1
12/16/2015,1
12/16/2015,1
12/16/2015,1
12/16/2015,1
12/16/2015,1
12/16/2015,1
12/16/2015,1
12/16/2015,1
12/16/2015,1
12/16/2015,1
12/16/2015,1
12/16/2015,1
12/16/2015,1
12/16/2015,1
12/16/2015,1
12/16/2015,1
12/16/2015,1
12/16/2015,1
12/16/2015,1
12/16/2015,1
12/16/2015,1
12/16/2015,1
12/16/2015,1
12/16/2015,1
12/16/2015,1
12/16/2015,1
12/16/2015,1
12/16/2015,1
12/16/2015,1
12/16/2015,1
12/16/2015,1
12/16/2015,1
12/16/2015,1
12/16/2015,1
12/16/2015,1
12/16/2015,1
12/16/2015,1
12/16/2015,1
12/16/2015,1
12/16/2015,1
12/17/2015,1
12/17/2015,1
12/17/2015,1
12/17/2015,1
12/17/2015,1
12/17/2015,1
12/17/2015,1
12/17/2015,1
12/17/2015,1
12/17/2015,1
12/17/2015,2
12/17/2015,1
12/17/2015,1
12/17/2015,1
12/17/2015,1
12/17/2015,1
12/17/2015,1
12/17/2015,1
12/17/2015,1
12/17/2015,1
12/17/2015,1
12/17/2015,1
12/17/2015,1
12/17/2015,1
12/17/2015,1
12/17/2015,1
12/17/2015,1
12/17/2015,1
12/17/2015,1
12/17/2015,1
12/17/2015,1
12/17/2015,1
12/17/2015,1
12/17/2015,1
12/17/2015,1
12/17/2015,1
12/17/2015,1
12/17/2015,1
12/17/2015,1
12/17/2015,1
12/17/2015,1
12/17/2015,1
12/17/2015,1
12/17/2015,1
12/17/2015,1
12/17/2015,1
12/17/2015,1
12/17/2015,1
12/17/2015,1
12/17/2015,1
12/17/2015,1
12/17/2015,1
12/17/2015,1
12/17/2015,1
12/17/2015,1
12/17/2015,1
12/17/2015,1
12/17/2015,1
12/17/2015,1
12/17/2015,1
12/17/2015,1
12/17/2015,1
12/17/2015,1
12/17/2015,1
12/17/2015,1
12/17/2015,1
12/17/2015,1
12/17/2015,1
12/17/2015,1
12/17/2015,1
12/17/2015,1
12/17/2015,1
12/17/2015,1
12/17/2015,1
12/17/2015,1
12/17/2015,1
12/17/2015,1
12/17/2015,1
12/17/2015,1
12/17/2015,1
12/17/2015,1
12/17/2015,1
12/17/2015,1
12/17/2015,1
12/17/2015,1
12/17/2015,1
12/17/2015,1
12/17/2015,1
12/17/2015,1
12/17/2015,1
12/17/2015,1
12/17/2015,1
12/17/2015,1
12/17/2015,1
12/17/2015,2
12/17/2015,1
12/17/2015,1
12/17/2015,1
12/17/2015,1
12/17/2015,1
12/17/2015,1
12/17/2015,1
12/17/2015,1
12/17/2015,1
12/17/2015,1
12/17/2015,1
12/17/2015,1
12/17/2015,1
12/18/2015,1
12/18/2015,1
12/18/2015,1
12/18/2015,1
12/18/2015,1
12/18/2015,1
12/18/2015,1
12/18/2015,1
12/18/2015,1
12/18/2015,1
12/18/2015,1
12/18/2015,1
12/18/2015,1
12/18/2015,1
12/18/2015,1
12/18/2015,1
12/18/2015,1
12/18/2015,1
12/18/2015,1
12/18/2015,1
12/18/2015,1
12/18/2015,1
12/18/2015,1
12/18/2015,1
12/18/2015,1
12/18/2015,1
12/18/2015,1
12/18/2015,1
12/18/2015,1
12/18/2015,1
12/18/2015,1
12/18/2015,1
12/18/2015,1
12/18/2015,1
12/18/2015,1
12/18/2015,1
12/18/2015,1
12/18/2015,1
12/18/2015,1
12/18/2015,1
12/18/2015,1
12/18/2015,1
12/18/2015,1
12/18/2015,1
12/18/2015,1
12/18/2015,1
12/18/2015,1
12/18/2015,1
12/18/2015,1
12/18/2015,1
12/18/2015,1
12/18/2015,1
12/18/2015,1
12/18/2015,1
12/18/2015,1
12/18/2015,1
12/18/2015,1
12/18/2015,1
12/18/2015,1
12/18/2015,1
12/18/2015,1
12/18/2015,1
12/18/2015,1
12/18/2015,1
12/18/2015,1
12/18/2015,1
12/18/2015,1
12/18/2015,1
12/18/2015,1
12/18/2015,1
12/18/2015,1
12/18/2015,1
12/18/2015,1
12/18/2015,1
12/18/2015,1
12/18/2015,1
12/18/2015,1
12/18/2015,1
12/18/2015,1
12/18/2015,1
12/18/2015,1
12/18/2015,1
12/18/2015,1
12/18/2015,1
12/18/2015,1
12/18/2015,1
12/18/2015,1
12/18/2015,1
12/18/2015,1
12/18/2015,1
12/18/2015,1
12/18/2015,1
12/18/2015,1
12/18/2015,1
12/18/2015,1
12/18/2015,1
12/18/2015,1
12/18/2015,1
12/18/2015,1
12/18/2015,1
12/18/2015,1
12/18/2015,1
12/18/2015,1
12/18/2015,1
12/18/2015,1
12/18/2015,1
12/18/2015,1
12/18/2015,1
12/19/2015,1
12/19/2015,1
12/19/2015,1
12/19/2015,1
12/19/2015,1
12/19/2015,1
12/19/2015,1
12/19/2015,1
12/19/2015,1
12/19/2015,1
12/19/2015,1
12/19/2015,1
12/19/2015,1
12/19/2015,1
12/19/2015,1
12/19/2015,1
12/19/2015,1
12/19/2015,1
12/19/2015,1
12/19/2015,1
12/19/2015,1
12/19/2015,1
12/19/2015,1
12/19/2015,1
12/19/2015,1
12/19/2015,1
12/19/2015,1
12/19/2015,1
12/19/2015,1
12/19/2015,1
12/19/2015,1
12/19/2015,1
12/19/2015,1
12/19/2015,1
12/19/2015,1
12/19/2015,1
12/19/2015,1
12/19/2015,1
12/19/2015,1
12/19/2015,1
12/19/2015,1
12/19/2015,1
12/19/2015,1
12/19/2015,1
12/19/2015,1
12/19/2015,1
12/19/2015,1
12/19/2015,1
12/19/2015,1
12/19/2015,1
12/19/2015,1
12/19/2015,1
12/19/2015,1
12/19/2015,1
12/19/2015,1
12/19/2015,1
12/19/2015,1
12/19/2015,1
12/19/2015,1
12/19/2015,1
12/19/2015,1
12/19/2015,1
12/19/2015,1
12/19/2015,1
12/19/2015,1
12/19/2015,1
12/19/2015,1
12/19/2015,1
12/19/2015,1
12/19/2015,1
12/19/2015,1
12/19/2015,1
12/19/2015,1
12/19/2015,1
12/19/2015,1
12/19/2015,1
12/19/2015,2
12/19/2015,1
12/19/2015,1
12/19/2015,1
12/19/2015,1
12/19/2015,1
12/19/2015,1
12/19/2015,1
12/19/2015,1
12/19/2015,1
12/19/2015,1
12/19/2015,1
12/19/2015,1
12/19/2015,1
12/19/2015,1
12/19/2015,1
12/19/2015,1
12/19/2015,1
12/19/2015,1
12/19/2015,1
12/19/2015,1
12/19/2015,1
12/19/2015,1
12/19/2015,1
12/19/2015,1
12/19/2015,1
12/19/2015,1
12/19/2015,1
12/19/2015,1
12/19/2015,1
12/19/2015,1
12/19/2015,1
12/20/2015,1
12/20/2015,1
12/20/2015,1
12/20/2015,1
12/20/2015,1
12/20/2015,1
12/20/2015,1
12/20/2015,1
12/20/2015,1
12/20/2015,1
12/20/2015,1
12/20/2015,1
12/20/2015,1
12/20/2015,1
12/20/2015,1
12/20/2015,1
12/20/2015,1
12/20/2015,1
12/20/2015,1
12/20/2015,1
12/20/2015,1
12/20/2015,1
12/20/2015,1
12/20/2015,1
12/20/2015,1
12/20/2015,1
12/20/2015,1
12/20/2015,1
12/20/2015,1
12/20/2015,1
12/20/2015,1
12/20/2015,1
12/20/2015,1
12/20/2015,1
12/20/2015,1
12/20/2015,1
12/20/2015,1
12/20/2015,1
12/20/2015,1
12/20/2015,1
12/20/2015,1
12/20/2015,1
12/20/2015,1
12/20/2015,1
12/20/2015,1
12/20/2015,1
12/20/2015,1
12/20/2015,1
12/20/2015,1
12/20/2015,1
12/20/2015,1
12/20/2015,1
12/20/2015,1
12/20/2015,1
12/20/2015,1
12/20/2015,1
12/20/2015,1
12/20/2015,1
12/20/2015,1
12/20/2015,1
12/20/2015,1
12/20/2015,1
12/20/2015,1
12/20/2015,1
12/20/2015,1
12/20/2015,1
12/20/2015,1
12/20/2015,1
12/20/2015,1
12/20/2015,1
12/20/2015,1
12/20/2015,1
12/20/2015,1
12/20/2015,1
12/20/2015,1
12/20/2015,1
12/20/2015,1
12/20/2015,1
12/20/2015,1
12/20/2015,1
12/20/2015,1
12/20/2015,1
12/20/2015,1
12/20/2015,1
12/20/2015,1
12/20/2015,1
12/20/2015,1
12/20/2015,1
12/20/2015,1
12/20/2015,1
12/20/2015,1
12/20/2015,1
12/21/2015,1
12/21/2015,1
12/21/2015,1
12/21/2015,1
12/21/2015,1
12/21/2015,1
12/21/2015,1
12/21/2015,1
12/21/2015,1
12/21/2015,1
12/21/2015,1
12/21/2015,1
12/21/2015,2
12/21/2015,1
12/21/2015,1
12/21/2015,1
12/21/2015,1
12/21/2015,1
12/21/2015,1
12/21/2015,1
12/21/2015,1
12/21/2015,1
12/21/2015,1
12/21/2015,1
12/21/2015,1
12/21/2015,1
12/21/2015,1
12/21/2015,1
12/21/2015,1
12/21/2015,1
12/21/2015,1
12/21/2015,1
12/21/2015,1
12/21/2015,1
12/21/2015,1
12/21/2015,1
12/21/2015,1
12/21/2015,1
12/21/2015,1
12/21/2015,1
12/21/2015,1
12/21/2015,1
12/21/2015,1
12/21/2015,1
12/21/2015,1
12/21/2015,1
12/21/2015,1
12/21/2015,1
12/21/2015,1
12/21/2015,1
12/21/2015,1
12/21/2015,1
12/21/2015,1
12/21/2015,1
12/21/2015,1
12/21/2015,1
12/21/2015,1
12/21/2015,1
12/21/2015,1
12/21/2015,1
12/21/2015,1
12/21/2015,1
12/21/2015,1
12/21/2015,1
12/21/2015,1
12/21/2015,1
12/21/2015,1
12/21/2015,1
12/21/2015,1
12/21/2015,1
12/21/2015,1
12/21/2015,1
12/21/2015,1
12/21/2015,1
12/21/2015,1
12/21/2015,1
12/21/2015,1
12/21/2015,1
12/21/2015,1
12/21/2015,1
12/21/2015,1
12/21/2015,1
12/21/2015,1
12/21/2015,1
12/21/2015,1
12/21/2015,1
12/21/2015,1
12/21/2015,1
12/21/2015,1
12/21/2015,1
12/21/2015,1
12/21/2015,1
12/21/2015,1
12/21/2015,1
12/21/2015,1
12/21/2015,1
12/21/2015,1
12/21/2015,1
12/21/2015,1
12/21/2015,1
12/21/2015,1
12/22/2015,1
12/22/2015,1
12/22/2015,1
12/22/2015,1
12/22/2015,1
12/22/2015,1
12/22/2015,1
12/22/2015,1
12/22/2015,1
12/22/2015,1
12/22/2015,1
12/22/2015,1
12/22/2015,1
12/22/2015,1
12/22/2015,1
12/22/2015,1
12/22/2015,1
12/22/2015,1
12/22/2015,1
12/22/2015,1
12/22/2015,1
12/22/2015,1
12/22/2015,1
12/22/2015,1
12/22/2015,1
12/22/2015,1
12/22/2015,1
12/22/2015,1
12/22/2015,1
12/22/2015,1
12/22/2015,1
12/22/2015,1
12/22/2015,1
12/22/2015,1
12/22/2015,1
12/22/2015,1
12/22/2015,1
12/22/2015,1
12/22/2015,1
12/22/2015,1
12/22/2015,1
12/22/2015,1
12/22/2015,1
12/22/2015,1
12/22/2015,1
12/22/2015,1
12/22/2015,1
12/22/2015,1
12/22/2015,1
12/22/2015,1
12/22/2015,1
12/22/2015,1
12/22/2015,1
12/22/2015,1
12/22/2015,1
12/22/2015,1
12/22/2015,1
12/22/2015,1
12/22/2015,1
12/22/2015,1
12/22/2015,1
12/22/2015,1
12/22/2015,1
12/22/2015,1
12/22/2015,1
12/22/2015,1
12/22/2015,1
12/22/2015,1
12/22/2015,1
12/22/2015,1
12/22/2015,1
12/22/2015,1
12/22/2015,1
12/22/2015,1
12/22/2015,1
12/22/2015,1
12/22/2015,1
12/22/2015,1
12/22/2015,1
12/22/2015,1
12/22/2015,1
12/22/2015,1
12/22/2015,1
12/22/2015,1
12/22/2015,1
12/22/2015,1
12/22/2015,1
12/22/2015,1
12/22/2015,1
12/22/2015,1
12/22/2015,1
12/22/2015,1
12/22/2015,1
12/22/2015,1
12/22/2015,1
12/22/2015,1
12/22/2015,1
12/22/2015,1
12/22/2015,1
12/22/2015,1
12/22/2015,1
12/22/2015,1
12/22/2015,1
12/22/2015,1
12/22/2015,1
12/22/2015,1
12/22/2015,1
12/22/2015,1
12/22/2015,1
12/22/2015,1
12/22/2015,1
12/22/2015,1
12/22/2015,1
12/22/2015,1
12/22/2015,1
12/22/2015,1
12/22/2015,1
12/22/2015,1
12/22/2015,1
12/22/2015,1
12/22/2015,1
12/22/2015,1
12/22/2015,1
12/22/2015,1
12/22/2015,1
12/22/2015,1
12/22/2015,1
12/22/2015,1
12/22/2015,1
12/22/2015,1
12/22/2015,1
12/22/2015,1
12/22/2015,1
12/22/2015,1
12/22/2015,1
12/22/2015,1
12/22/2015,1
12/22/2015,1
12/23/2015,1
12/23/2015,1
12/23/2015,1
12/23/2015,1
12/23/2015,1
12/23/2015,1
12/23/2015,1
12/23/2015,1
12/23/2015,1
12/23/2015,1
12/23/2015,1
12/23/2015,1
12/23/2015,1
12/23/2015,1
12/23/2015,1
12/23/2015,1
12/23/2015,1
12/23/2015,1
12/23/2015,1
12/23/2015,1
12/23/2015,1
12/23/2015,1
12/23/2015,1
12/23/2015,1
12/23/2015,1
12/23/2015,1
12/23/2015,1
12/23/2015,1
12/23/2015,1
12/23/2015,1
12/23/2015,1
12/23/2015,1
12/23/2015,1
12/23/2015,1
12/23/2015,1
12/23/2015,1
12/23/2015,1
12/23/2015,1
12/23/2015,1
12/23/2015,1
12/23/2015,1
12/23/2015,1
12/23/2015,1
12/23/2015,1
12/23/2015,1
12/23/2015,1
12/23/2015,1
12/23/2015,1
12/23/2015,1
12/23/2015,1
12/23/2015,1
12/23/2015,1
12/23/2015,1
12/23/2015,1
12/23/2015,1
12/23/2015,1
12/23/2015,1
12/23/2015,1
12/23/2015,1
12/23/2015,1
12/23/2015,1
12/23/2015,1
12/23/2015,1
12/23/2015,1
12/23/2015,1
12/23/2015,1
12/23/2015,1
12/23/2015,1
12/23/2015,1
12/23/2015,1
12/23/2015,1
12/23/2015,1
12/23/2015,1
12/23/2015,1
12/23/2015,1
12/23/2015,1
12/23/2015,1
12/23/2015,1
12/23/2015,1
12/23/2015,1
12/23/2015,1
12/23/2015,1
12/23/2015,1
12/23/2015,1
12/23/2015,1
12/23/2015,1
12/23/2015,1
12/23/2015,1
12/23/2015,1
12/23/2015,1
12/23/2015,1
12/23/2015,1
12/23/2015,1
12/23/2015,1
12/23/2015,1
12/23/2015,1
12/23/2015,1
12/23/2015,1
12/23/2015,1
12/23/2015,1
12/23/2015,1
12/23/2015,1
12/23/2015,1
12/23/2015,1
12/23/2015,1
12/23/2015,1
12/23/2015,1
12/23/2015,1
12/23/2015,1
12/23/2015,1
12/23/2015,1
12/23/2015,1
12/23/2015,1
12/23/2015,1
12/23/2015,1
12/23/2015,1
12/23/2015,1
12/23/2015,1
12/23/2015,1
12/23/2015,1
12/23/2015,1
12/23/2015,1
12/23/2015,1
12/23/2015,1
12/23/2015,1
12/24/2015,1
12/24/2015,1
12/24/2015,1
12/24/2015,1
12/24/2015,1
12/24/2015,1
12/24/2015,1
12/24/2015,1
12/24/2015,1
12/24/2015,1
12/24/2015,1
12/24/2015,1
12/24/2015,1
12/24/2015,1
12/24/2015,1
12/24/2015,1
12/24/2015,1
12/24/2015,1
12/24/2015,1
12/24/2015,1
12/24/2015,1
12/24/2015,1
12/24/2015,1
12/24/2015,1
12/24/2015,1
12/24/2015,1
12/24/2015,1
12/24/2015,1
12/24/2015,1
12/24/2015,1
12/24/2015,1
12/24/2015,1
12/24/2015,1
12/24/2015,1
12/24/2015,1
12/24/2015,1
12/24/2015,1
12/24/2015,1
12/24/2015,1
12/24/2015,1
12/24/2015,1
12/24/2015,1
12/24/2015,1
12/24/2015,1
12/24/2015,1
12/24/2015,1
12/24/2015,1
12/24/2015,1
12/24/2015,1
12/24/2015,1
12/24/2015,1
12/24/2015,1
12/24/2015,1
12/24/2015,1
12/24/2015,1
12/24/2015,1
12/24/2015,1
12/24/2015,1
12/24/2015,1
12/24/2015,1
12/24/2015,1
12/24/2015,1
12/24/2015,1
12/24/2015,1
12/24/2015,1
12/24/2015,1
12/24/2015,1
12/24/2015,1
12/24/2015,1
12/24/2015,1
12/24/2015,1
12/24/2015,1
12/24/2015,1
12/24/2015,1
12/24/2015,1
12/24/2015,1
12/24/2015,1
12/24/2015,1
12/24/2015,1
12/24/2015,1
12/24/2015,1
12/24/2015,1
12/24/2015,1
12/24/2015,1
12/24/2015,1
12/24/2015,1
12/24/2015,1
12/24/2015,1
12/24/2015,1
12/24/2015,1
12/24/2015,1
12/24/2015,1
12/24/2015,1
12/24/2015,1
12/24/2015,1
12/24/2015,1
12/24/2015,1
12/24/2015,1
12/24/2015,1
12/24/2015,1
12/24/2015,1
12/24/2015,1
12/24/2015,1
12/24/2015,1
12/24/2015,1
12/24/2015,1
12/24/2015,1
12/24/2015,1
12/24/2015,1
12/24/2015,1
12/24/2015,1
12/24/2015,1
12/24/2015,1
12/24/2015,1
12/25/2015,1
12/25/2015,1
12/25/2015,1
12/25/2015,1
12/25/2015,1
12/25/2015,1
12/25/2015,1
12/25/2015,1
12/25/2015,1
12/25/2015,1
12/25/2015,1
12/25/2015,1
12/25/2015,1
12/25/2015,1
12/25/2015,1
12/25/2015,1
12/25/2015,1
12/25/2015,1
12/25/2015,1
12/25/2015,1
12/25/2015,1
12/25/2015,1
12/25/2015,1
12/25/2015,1
12/25/2015,1
12/25/2015,1
12/25/2015,1
12/25/2015,1
12/25/2015,1
12/25/2015,1
12/25/2015,1
12/25/2015,1
12/25/2015,1
12/25/2015,1
12/25/2015,1
12/25/2015,1
12/25/2015,1
12/25/2015,1
12/25/2015,1
12/25/2015,1
12/25/2015,1
12/25/2015,1
12/25/2015,1
12/25/2015,1
12/25/2015,1
12/25/2015,1
12/25/2015,1
12/25/2015,1
12/25/2015,1
12/25/2015,1
12/25/2015,1
12/25/2015,1
12/25/2015,1
12/25/2015,1
12/25/2015,1
12/25/2015,1
12/25/2015,1
12/25/2015,1
12/25/2015,1
12/25/2015,1
12/25/2015,1
12/25/2015,1
12/25/2015,1
12/25/2015,1
12/25/2015,1
12/25/2015,1
12/25/2015,1
12/25/2015,1
12/26/2015,1
12/26/2015,1
12/26/2015,1
12/26/2015,1
12/26/2015,1
12/26/2015,1
12/26/2015,1
12/26/2015,1
12/26/2015,1
12/26/2015,1
12/26/2015,1
12/26/2015,1
12/26/2015,1
12/26/2015,1
12/26/2015,1
12/26/2015,1
12/26/2015,1
12/26/2015,1
12/26/2015,1
12/26/2015,1
12/26/2015,1
12/26/2015,1
12/26/2015,1
12/26/2015,1
12/26/2015,1
12/26/2015,1
12/26/2015,1
12/26/2015,1
12/26/2015,1
12/26/2015,1
12/26/2015,1
12/26/2015,1
12/26/2015,1
12/26/2015,1
12/26/2015,1
12/26/2015,1
12/26/2015,1
12/26/2015,1
12/26/2015,1
12/26/2015,1
12/26/2015,1
12/26/2015,1
12/26/2015,1
12/26/2015,1
12/26/2015,1
12/26/2015,1
12/26/2015,1
12/26/2015,1
12/26/2015,1
12/26/2015,1
12/26/2015,1
12/26/2015,1
12/26/2015,1
12/26/2015,1
12/26/2015,1
12/26/2015,1
12/26/2015,1
12/26/2015,1
12/26/2015,1
12/26/2015,1
12/26/2015,1
12/26/2015,1
12/26/2015,1
12/26/2015,1
12/26/2015,1
12/26/2015,1
12/26/2015,1
12/26/2015,1
12/26/2015,1
12/26/2015,1
12/26/2015,1
12/26/2015,1
12/26/2015,1
12/27/2015,1
12/27/2015,1
12/27/2015,1
12/27/2015,1
12/27/2015,1
12/27/2015,1
12/27/2015,1
12/27/2015,1
12/27/2015,1
12/27/2015,1
12/27/2015,1
12/27/2015,1
12/27/2015,1
12/27/2015,1
12/27/2015,1
12/27/2015,1
12/27/2015,1
12/27/2015,1
12/27/2015,1
12/27/2015,1
12/27/2015,1
12/27/2015,1
12/27/2015,1
12/27/2015,1
12/27/2015,1
12/27/2015,1
12/27/2015,1
12/27/2015,1
12/27/2015,1
12/27/2015,1
12/27/2015,1
12/27/2015,1
12/27/2015,1
12/27/2015,1
12/27/2015,1
12/27/2015,1
12/27/2015,1
12/27/2015,1
12/27/2015,1
12/27/2015,1
12/27/2015,1
12/27/2015,1
12/27/2015,1
12/27/2015,1
12/27/2015,1
12/27/2015,1
12/27/2015,1
12/27/2015,1
12/27/2015,1
12/27/2015,1
12/27/2015,1
12/27/2015,1
12/27/2015,1
12/27/2015,1
12/27/2015,1
12/27/2015,1
12/27/2015,1
12/27/2015,1
12/27/2015,1
12/27/2015,1
12/27/2015,1
12/27/2015,1
12/27/2015,1
12/27/2015,1
12/27/2015,1
12/27/2015,1
12/27/2015,1
12/27/2015,1
12/27/2015,1
12/27/2015,1
12/27/2015,1
12/27/2015,1
12/27/2015,1
12/27/2015,1
12/27/2015,1
12/27/2015,1
12/27/2015,1
12/27/2015,1
12/27/2015,1
12/27/2015,1
12/27/2015,1
12/27/2015,1
12/27/2015,1
12/27/2015,1
12/27/2015,1
12/27/2015,1
12/27/2015,1
12/27/2015,1
12/27/2015,1
12/27/2015,1
12/27/2015,1
12/27/2015,1
12/27/2015,1
12/27/2015,1
12/27/2015,1
12/27/2015,1
12/27/2015,1
12/27/2015,1
12/27/2015,1
12/27/2015,1
12/28/2015,1
12/28/2015,1
12/28/2015,1
12/28/2015,1
12/28/2015,1
12/28/2015,1
12/28/2015,1
12/28/2015,1
12/28/2015,1
12/28/2015,1
12/28/2015,1
12/28/2015,1
12/28/2015,1
12/28/2015,1
12/28/2015,1
12/28/2015,1
12/28/2015,1
12/28/2015,1
12/28/2015,1
12/28/2015,1
12/28/2015,1
12/28/2015,1
12/28/2015,1
12/28/2015,1
12/28/2015,1
12/28/2015,1
12/28/2015,1
12/28/2015,1
12/28/2015,1
12/28/2015,1
12/28/2015,1
12/28/2015,1
12/28/2015,1
12/28/2015,1
12/28/2015,1
12/28/2015,1
12/28/2015,1
12/28/2015,1
12/28/2015,1
12/28/2015,1
12/28/2015,1
12/28/2015,1
12/28/2015,1
12/28/2015,1
12/28/2015,1
12/28/2015,1
12/28/2015,1
12/28/2015,1
12/28/2015,1
12/28/2015,1
12/28/2015,1
12/28/2015,1
12/28/2015,1
12/28/2015,1
12/28/2015,1
12/28/2015,1
12/28/2015,1
12/28/2015,1
12/28/2015,1
12/28/2015,1
12/28/2015,1
12/28/2015,1
12/28/2015,1
12/28/2015,1
12/28/2015,1
12/28/2015,1
12/28/2015,1
12/28/2015,1
12/28/2015,1
12/28/2015,1
12/28/2015,1
12/28/2015,1
12/28/2015,1
12/28/2015,1
12/28/2015,1
12/28/2015,1
12/28/2015,1
12/28/2015,1
12/28/2015,1
12/28/2015,1
12/28/2015,1
12/28/2015,1
12/28/2015,1
12/28/2015,1
12/28/2015,1
12/28/2015,1
12/28/2015,1
12/28/2015,1
12/28/2015,1
12/28/2015,1
12/28/2015,1
12/28/2015,1
12/28/2015,1
12/28/2015,1
12/28/2015,1
12/28/2015,1
12/28/2015,1
12/28/2015,1
12/28/2015,1
12/28/2015,1
12/28/2015,1
12/28/2015,1
12/28/2015,1
12/28/2015,1
12/29/2015,1
12/29/2015,1
12/29/2015,1
12/29/2015,1
12/29/2015,1
12/29/2015,1
12/29/2015,1
12/29/2015,1
12/29/2015,1
12/29/2015,1
12/29/2015,1
12/29/2015,1
12/29/2015,1
12/29/2015,1
12/29/2015,1
12/29/2015,1
12/29/2015,1
12/29/2015,1
12/29/2015,1
12/29/2015,1
12/29/2015,1
12/29/2015,1
12/29/2015,1
12/29/2015,1
12/29/2015,1
12/29/2015,1
12/29/2015,1
12/29/2015,1
12/29/2015,1
12/29/2015,1
12/29/2015,1
12/29/2015,1
12/29/2015,1
12/29/2015,1
12/29/2015,1
12/29/2015,1
12/29/2015,1
12/29/2015,1
12/29/2015,1
12/29/2015,1
12/29/2015,1
12/29/2015,1
12/29/2015,1
12/29/2015,1
12/29/2015,1
12/29/2015,1
12/29/2015,1
12/29/2015,1
12/29/2015,1
12/29/2015,1
12/29/2015,1
12/29/2015,1
12/29/2015,1
12/29/2015,1
12/29/2015,1
12/29/2015,1
12/29/2015,1
12/29/2015,1
12/29/2015,1
12/29/2015,1
12/29/2015,1
12/29/2015,1
12/29/2015,1
12/29/2015,1
12/29/2015,1
12/29/2015,1
12/29/2015,1
12/29/2015,1
12/29/2015,1
12/29/2015,1
12/29/2015,1
12/30/2015,1
12/30/2015,1
12/30/2015,2
12/30/2015,1
12/30/2015,1
12/30/2015,1
12/30/2015,1
12/30/2015,1
12/30/2015,1
12/30/2015,1
12/30/2015,1
12/30/2015,1
12/30/2015,1
12/30/2015,1
12/30/2015,1
12/30/2015,1
12/30/2015,1
12/30/2015,1
12/30/2015,1
12/30/2015,1
12/30/2015,1
12/30/2015,1
12/30/2015,1
12/30/2015,1
12/30/2015,1
12/30/2015,1
12/30/2015,1
12/30/2015,1
12/30/2015,1
12/30/2015,1
12/30/2015,1
12/30/2015,1
12/30/2015,1
12/30/2015,1
12/30/2015,1
12/30/2015,1
12/30/2015,1
12/30/2015,1
12/30/2015,1
12/30/2015,1
12/30/2015,1
12/30/2015,1
12/30/2015,1
12/30/2015,1
12/30/2015,1
12/30/2015,1
12/30/2015,1
12/30/2015,1
12/30/2015,1
12/30/2015,1
12/30/2015,1
12/30/2015,1
12/30/2015,1
12/30/2015,1
12/30/2015,1
12/30/2015,1
12/30/2015,1
12/30/2015,1
12/30/2015,1
12/30/2015,1
12/30/2015,1
12/30/2015,1
12/30/2015,1
12/30/2015,1
12/30/2015,1
12/30/2015,1
12/30/2015,1
12/30/2015,1
12/30/2015,1
12/30/2015,1
12/30/2015,1
12/30/2015,1
12/30/2015,1
12/30/2015,1
12/30/2015,1
12/30/2015,1
12/30/2015,1
12/30/2015,1
12/30/2015,1
12/30/2015,1
12/30/2015,1
12/30/2015,1
12/30/2015,1
12/30/2015,1
12/30/2015,1
12/30/2015,1
12/30/2015,1
12/30/2015,1
12/30/2015,1
12/30/2015,1
12/31/2015,1
12/31/2015,1
12/31/2015,1
12/31/2015,1
12/31/2015,1
12/31/2015,1
12/31/2015,1
12/31/2015,1
12/31/2015,1
12/31/2015,1
12/31/2015,1
12/31/2015,1
12/31/2015,1
12/31/2015,1
12/31/2015,1
12/31/2015,1
12/31/2015,1
12/31/2015,1
12/31/2015,1
12/31/2015,1
12/31/2015,1
12/31/2015,1
12/31/2015,1
12/31/2015,1
12/31/2015,1
12/31/2015,1
12/31/2015,1
12/31/2015,1
12/31/2015,1
12/31/2015,1
12/31/2015,1
12/31/2015,1
12/31/2015,1
12/31/2015,1
12/31/2015,1
12/31/2015,1
12/31/2015,1
12/31/2015,1
12/31/2015,1
12/31/2015,1
12/31/2015,1
12/31/2015,1
12/31/2015,1
12/31/2015,1
12/31/2015,1
12/31/2015,1
12/31/2015,1
12/31/2015,1
12/31/2015,1
12/31/2015,1
12/31/2015,1
12/31/2015,1
12/31/2015,1
12/31/2015,1
12/31/2015,1
12/31/2015,1
12/31/2015,1
12/31/2015,1
12/31/2015,1
12/31/2015,1
12/31/2015,1
12/31/2015,1
12/31/2015,1
12/31/2015,1
12/31/2015,1
12/31/2015,1
12/31/2015,1
12/31/2015,1
12/31/2015,1
12/31/2015,1
12/31/2015,1
12/31/2015,1
12/31/2015,1
12/31/2015,1
12/31/2015,1
12/31/2015,1
12/31/2015,1
12/31/2015,1
01/01/2016,1
01/01/2016,1
01/01/2016,1
01/01/2016,1
01/01/2016,1
01/01/2016,1
01/01/2016,1
01/01/2016,1
